folder,file_name,type,width,height,max_print_w_in,max_print_h_in,tier
Geode Inn,Geode Inn — Emblem (Citrinitas).png,jpeg,1024,1024,3.4,3.4,SMALL-PRINT
Geode Inn,Geode Inn — Logo Concept (V4).png,jpeg,1024,1024,3.4,3.4,SMALL-PRINT
Geode Inn/Geode Inn Gallery/10 Origin Story,origin_story_mid.jpg,jpeg,640,360,2.1,1.2,SCREEN-ONLY
Geode Inn/Geode Inn Gallery/10 Origin Story,origin_story_mid.jpg,jpeg,640,360,2.1,1.2,SCREEN-ONLY
Geode Inn/Geode Inn Gallery/10 Origin Story,origin_story_mid.jpg,jpeg,640,360,2.1,1.2,SCREEN-ONLY
Geode Inn/Geode Inn Gallery/12 Generated Art,drawing_hands_geode_logo.png,jpeg,1024,1024,3.4,3.4,SMALL-PRINT
Geode Inn/Geode Inn Gallery/12 Generated Art,drawing_hands_geode_logo.png,jpeg,1024,1024,3.4,3.4,SMALL-PRINT
Geode Inn/Geode Inn Gallery/12 Generated Art,drawing_hands_geode_logo.png,jpeg,1024,1024,3.4,3.4,SMALL-PRINT
Geode Inn/Geode Inn Gallery/12 Generated Art,geode_inn_gargoyle_designs_0d00f2bbb_generated_image.png,jpeg,1024,1024,3.4,3.4,SMALL-PRINT
Geode Inn/Geode Inn Gallery/12 Generated Art,geode_inn_gargoyle_designs_0d00f2bbb_generated_image.png,jpeg,1024,1024,3.4,3.4,SMALL-PRINT
Geode Inn/Geode Inn Gallery/12 Generated Art,geode_inn_gargoyle_designs_161795398_generated_image.png,jpeg,1024,1024,3.4,3.4,SMALL-PRINT
Geode Inn/Geode Inn Gallery/12 Generated Art,geode_inn_gargoyle_designs_161795398_generated_image.png,jpeg,1024,1024,3.4,3.4,SMALL-PRINT
Geode Inn/Geode Inn Gallery/12 Generated Art,geode_inn_gargoyle_designs_3c1eb91a8_generated_image.png,jpeg,1024,1024,3.4,3.4,SMALL-PRINT
Geode Inn/Geode Inn Gallery/12 Generated Art,geode_inn_gargoyle_designs_3c1eb91a8_generated_image.png,jpeg,1024,1024,3.4,3.4,SMALL-PRINT
Geode Inn/Geode Inn Gallery/12 Generated Art,geode_inn_gargoyle_designs_7625ef524_generated_image.png,jpeg,1024,1024,3.4,3.4,SMALL-PRINT
Geode Inn/Geode Inn Gallery/12 Generated Art,geode_inn_gargoyle_designs_7625ef524_generated_image.png,jpeg,1024,1024,3.4,3.4,SMALL-PRINT
Geode Inn/Geode Inn Gallery/12 Generated Art,geode_inn_gargoyle_designs_ec4caea20_generated_image.png,jpeg,1024,1024,3.4,3.4,SMALL-PRINT
Geode Inn/Geode Inn Gallery/12 Generated Art,geode_inn_gargoyle_designs_ec4caea20_generated_image.png,jpeg,1024,1024,3.4,3.4,SMALL-PRINT
Geode Inn/Geode Inn Gallery/12 Generated Art,geode_inn_gargoyle_designs_ee2c6c713_generated_image.png,jpeg,1024,1024,3.4,3.4,SMALL-PRINT
Geode Inn/Geode Inn Gallery/12 Generated Art,geode_inn_gargoyle_designs_ee2c6c713_generated_image.png,jpeg,1024,1024,3.4,3.4,SMALL-PRINT
Geode Inn/Zones,image (1).jpeg,jpeg,1024,1024,3.4,3.4,SMALL-PRINT
Geode Inn/Zones,undead chess board 2.jpeg,jpeg,1024,1024,3.4,3.4,SMALL-PRINT
Geode Inn/Zones/jpegs,Alexia.jpg,jpeg,1024,1024,3.4,3.4,SMALL-PRINT
Geode Inn/Zones/jpegs,"Aurallia, in caves.jpg",jpeg,1080,2520,3.6,8.4,CARD-READY
Geode Inn/Zones/jpegs,Aurallia.jpg,jpeg,1024,1024,3.4,3.4,SMALL-PRINT
Geode Inn/Zones/jpegs,Belladonna.jpg,jpeg,1024,1024,3.4,3.4,SMALL-PRINT
Geode Inn/Zones/jpegs,Beorn.jpg,jpeg,1024,1024,3.4,3.4,SMALL-PRINT
Geode Inn/Zones/jpegs,Eres 1.jpg,jpeg,1024,1024,3.4,3.4,SMALL-PRINT
Geode Inn/Zones/jpegs,Evan.jpg,jpeg,1024,1024,3.4,3.4,SMALL-PRINT
Geode Inn/Zones/jpegs,JOe.jpg,jpeg,1052,1130,3.5,3.8,SMALL-PRINT
Geode Inn/Zones/jpegs,Jay and his derpy wolf.jpg,jpeg,1024,1024,3.4,3.4,SMALL-PRINT
Geode Inn/Zones/jpegs,"John, the beloved Fezzik of the family.jpg",jpeg,1024,1024,3.4,3.4,SMALL-PRINT
Geode Inn/Zones/jpegs,Katy.jpg,jpeg,2028,2048,6.8,6.8,CARD-READY
Geode Inn/Zones/jpegs,Lacey.jpg,jpeg,1080,2520,3.6,8.4,CARD-READY
Geode Inn/Zones/jpegs,Lozen.jpg,jpeg,1024,929,3.4,3.1,SMALL-PRINT
Geode Inn/Zones/jpegs,Luna 2.jpg,jpeg,1024,1024,3.4,3.4,SMALL-PRINT
Geode Inn/Zones/jpegs,Malachi 5.jpg,jpeg,1024,1024,3.4,3.4,SMALL-PRINT
Geode Inn/Zones/jpegs,Malachi maze 2.jpg,jpeg,1024,1024,3.4,3.4,SMALL-PRINT
Geode Inn/Zones/jpegs,Malachi version 1.jpg,jpeg,1024,1024,3.4,3.4,SMALL-PRINT
Geode Inn/Zones/jpegs,Marion.jpg,jpeg,1024,1024,3.4,3.4,SMALL-PRINT
Geode Inn/Zones/jpegs,Naut 1.jpg,jpeg,1024,1024,3.4,3.4,SMALL-PRINT
Geode Inn/Zones/jpegs,Odin (the allfather).jpg,jpeg,1024,1024,3.4,3.4,SMALL-PRINT
Geode Inn/Zones/jpegs,Odin (the wanderer).jpg,jpeg,1024,1024,3.4,3.4,SMALL-PRINT
Geode Inn/Zones/jpegs,"Odin's throne, sky.jpg",jpeg,1024,1024,3.4,3.4,SMALL-PRINT
Geode Inn/Zones/jpegs,Oleander.jpg,jpeg,1024,1024,3.4,3.4,SMALL-PRINT
Geode Inn/Zones/jpegs,Ryan.jpg,jpeg,3612,3628,12.0,12.1,POSTER-READY
Geode Inn/Zones/jpegs,Scarlette 2.jpg,jpeg,1024,1024,3.4,3.4,SMALL-PRINT
Geode Inn/Zones/jpegs,Scarlette's dorm room.jpg,jpeg,1024,1024,3.4,3.4,SMALL-PRINT
Geode Inn/Zones/jpegs,Scarlette.jpg,jpeg,1024,1024,3.4,3.4,SMALL-PRINT
Geode Inn/Zones/jpegs,Siren newest.jpg,jpeg,1024,1024,3.4,3.4,SMALL-PRINT
Geode Inn/Zones/jpegs,Storyteller 2.6.jpg,jpeg,1024,1024,3.4,3.4,SMALL-PRINT
Geode Inn/Zones/jpegs,The Blacksmith (Undercity).jpg,jpeg,1024,1024,3.4,3.4,SMALL-PRINT
Geode Inn/Zones/jpegs,The Clockmaker (Undercity).jpg,jpeg,1024,1024,3.4,3.4,SMALL-PRINT
Geode Inn/Zones/jpegs,The_Brownies.jpg,jpeg,1024,1024,3.4,3.4,SMALL-PRINT
Geode Inn/Zones/jpegs,Tinkering weeaboo's companion.jpg,jpeg,1024,1024,3.4,3.4,SMALL-PRINT
Geode Inn/Zones/jpegs,Undercity clockmaker.jpg,jpeg,1024,1024,3.4,3.4,SMALL-PRINT
Geode Inn/Zones/jpegs,Vaulknut in camouflage human form.jpg,jpeg,1024,1024,3.4,3.4,SMALL-PRINT
Geode Inn/Zones/jpegs,Vaulknut.jpg,jpeg,1024,1024,3.4,3.4,SMALL-PRINT
Geode Inn/Zones/jpegs,Zeke underwater.jpg,jpeg,1024,1024,3.4,3.4,SMALL-PRINT
Geode Inn/Zones/jpegs,adam morphing.jpg,jpeg,1024,1024,3.4,3.4,SMALL-PRINT
Geode Inn/Zones/jpegs,adam_all bougie.jpg,jpeg,1024,1024,3.4,3.4,SMALL-PRINT
Geode Inn/Zones/jpegs,adam_catacombs_watcher.jpg,jpeg,1024,1024,3.4,3.4,SMALL-PRINT
Geode Inn/Zones/jpegs,adam_cosmology_reverent.jpg,jpeg,1024,1024,3.4,3.4,SMALL-PRINT
Geode Inn/Zones/jpegs,adam_staircase_transformer.jpg,jpeg,1024,1024,3.4,3.4,SMALL-PRINT
Geode Inn/Zones/jpegs,adam_undercity_sibling.jpg,jpeg,1024,1024,3.4,3.4,SMALL-PRINT
Geode Inn/Zones/jpegs,adam_water_free.jpg,jpeg,1024,1024,3.4,3.4,SMALL-PRINT
Geode Inn/Zones/jpegs,an understudy of painting figurines.jpg,jpeg,1024,1024,3.4,3.4,SMALL-PRINT
Geode Inn/Zones/jpegs,anubis_full_presence.jpg,jpeg,1024,1024,3.4,3.4,SMALL-PRINT
Geode Inn/Zones/jpegs,asterion.jpg,jpeg,1024,1024,3.4,3.4,SMALL-PRINT
Geode Inn/Zones/jpegs,aughra.jpg,jpeg,1024,1024,3.4,3.4,SMALL-PRINT
Geode Inn/Zones/jpegs,available 1.jpg,jpeg,1024,1024,3.4,3.4,SMALL-PRINT
Geode Inn/Zones/jpegs,available 2.jpg,jpeg,1024,1024,3.4,3.4,SMALL-PRINT
Geode Inn/Zones/jpegs,available 3.jpg,jpeg,1024,1024,3.4,3.4,SMALL-PRINT
Geode Inn/Zones/jpegs,available 4.jpg,jpeg,1024,1024,3.4,3.4,SMALL-PRINT
Geode Inn/Zones/jpegs,available character image.jpeg,jpeg,1024,1024,3.4,3.4,SMALL-PRINT
Geode Inn/Zones/jpegs,bard's visiting cohort.jpg,jpeg,1024,1024,3.4,3.4,SMALL-PRINT
Geode Inn/Zones/jpegs,bard.jpg,jpeg,1024,1024,3.4,3.4,SMALL-PRINT
Geode Inn/Zones/jpegs,beverley.jpg,jpeg,1024,1024,3.4,3.4,SMALL-PRINT
Geode Inn/Zones/jpegs,bill_platypus.jpg,jpeg,1024,1024,3.4,3.4,SMALL-PRINT
Geode Inn/Zones/jpegs,blacksmith.jpg,jpeg,1024,1024,3.4,3.4,SMALL-PRINT
Geode Inn/Zones/jpegs,bog fairy golem in game.jpg,jpeg,1024,1024,3.4,3.4,SMALL-PRINT
Geode Inn/Zones/jpegs,bramble.jpg,jpeg,1024,1024,3.4,3.4,SMALL-PRINT
Geode Inn/Zones/jpegs,brownies keeping thier orderly disorder.jpg,jpeg,1024,1024,3.4,3.4,SMALL-PRINT
Geode Inn/Zones/jpegs,"charles, the chameleon druid.jpg",jpeg,1024,1024,3.4,3.4,SMALL-PRINT
Geode Inn/Zones/jpegs,charon in between.jpg,jpeg,1024,1024,3.4,3.4,SMALL-PRINT
Geode Inn/Zones/jpegs,charon klimt style.jpg,jpeg,1024,1024,3.4,3.4,SMALL-PRINT
Geode Inn/Zones/jpegs,charon.jpg,jpeg,1024,1024,3.4,3.4,SMALL-PRINT
Geode Inn/Zones/jpegs,crone 2.2.2.jpg,jpeg,1024,1024,3.4,3.4,SMALL-PRINT
Geode Inn/Zones/jpegs,crone.jpg,jpeg,1024,1024,3.4,3.4,SMALL-PRINT
Geode Inn/Zones/jpegs,death.jpg,jpeg,1024,1024,3.4,3.4,SMALL-PRINT
Geode Inn/Zones/jpegs,dobbie in the limbo level.jpg,jpeg,1024,1024,3.4,3.4,SMALL-PRINT
Geode Inn/Zones/jpegs,duck.jpg,jpeg,1024,1024,3.4,3.4,SMALL-PRINT
Geode Inn/Zones/jpegs,duck_on_grey_water limbo.jpg,jpeg,1024,1024,3.4,3.4,SMALL-PRINT
Geode Inn/Zones/jpegs,duck_on_grey_water.png,jpeg,1024,1024,3.4,3.4,SMALL-PRINT
Geode Inn/Zones/jpegs,einstein.jpg,jpeg,1024,1024,3.4,3.4,SMALL-PRINT
Geode Inn/Zones/jpegs,ending_chorus limbo level.jpg,jpeg,1024,1024,3.4,3.4,SMALL-PRINT
Geode Inn/Zones/jpegs,ent guardian.jpg,jpeg,1024,1024,3.4,3.4,SMALL-PRINT
Geode Inn/Zones/jpegs,eres 2.jpg,jpeg,1024,1024,3.4,3.4,SMALL-PRINT
Geode Inn/Zones/jpegs,eres ingame.jpg,jpeg,1024,1024,3.4,3.4,SMALL-PRINT
Geode Inn/Zones/jpegs,erik.jpg,jpeg,1024,1024,3.4,3.4,SMALL-PRINT
Geode Inn/Zones/jpegs,erik_2.jpg,jpeg,1024,1024,3.4,3.4,SMALL-PRINT
Geode Inn/Zones/jpegs,female druid.jpg,jpeg,1024,1024,3.4,3.4,SMALL-PRINT
Geode Inn/Zones/jpegs,five_smiths 2.jpg,jpeg,1024,1024,3.4,3.4,SMALL-PRINT
Geode Inn/Zones/jpegs,fizgig_in_limbo.jpg,jpeg,1024,1024,3.4,3.4,SMALL-PRINT
Geode Inn/Zones/jpegs,freyja_vanir.jpg,jpeg,1024,1024,3.4,3.4,SMALL-PRINT
Geode Inn/Zones/jpegs,freyr_vanir.jpg,jpeg,1024,1024,3.4,3.4,SMALL-PRINT
Geode Inn/Zones/jpegs,gargoyle 1.jpg,jpeg,1024,1024,3.4,3.4,SMALL-PRINT
Geode Inn/Zones/jpegs,gargoyle 2.jpg,jpeg,1024,1024,3.4,3.4,SMALL-PRINT
Geode Inn/Zones/jpegs,gargoyle 3.jpg,jpeg,1024,1024,3.4,3.4,SMALL-PRINT
Geode Inn/Zones/jpegs,gargoyle 4.jpg,jpeg,1024,1024,3.4,3.4,SMALL-PRINT
Geode Inn/Zones/jpegs,gargoyle 5.jpg,jpeg,1024,1024,3.4,3.4,SMALL-PRINT
Geode Inn/Zones/jpegs,gargoyle 6.jpg,jpeg,1024,1024,3.4,3.4,SMALL-PRINT
Geode Inn/Zones/jpegs,gargoyles 8.jpg,jpeg,1024,1024,3.4,3.4,SMALL-PRINT
Geode Inn/Zones/jpegs,gesso.jpg,jpeg,1024,1024,3.4,3.4,SMALL-PRINT
Geode Inn/Zones/jpegs,goblin merchant.jpg,jpeg,1024,1024,3.4,3.4,SMALL-PRINT
Geode Inn/Zones/jpegs,greek philosophers trio.jpg,jpeg,1024,1024,3.4,3.4,SMALL-PRINT
Geode Inn/Zones/jpegs,hel 2.2.jpg,jpeg,1024,1024,3.4,3.4,SMALL-PRINT
Geode Inn/Zones/jpegs,hel in between.jpg,jpeg,1024,1024,3.4,3.4,SMALL-PRINT
Geode Inn/Zones/jpegs,hel shadow.jpg,jpeg,1024,1024,3.4,3.4,SMALL-PRINT
Geode Inn/Zones/jpegs,hel.jpg,jpeg,1024,1024,3.4,3.4,SMALL-PRINT
Geode Inn/Zones/jpegs,huginn & munnin.jpg,jpeg,1024,1024,3.4,3.4,SMALL-PRINT
Geode Inn/Zones/jpegs,huginn and muninn.jpg,jpeg,1024,1024,3.4,3.4,SMALL-PRINT
Geode Inn/Zones/jpegs,image.jpeg,jpeg,1024,1024,3.4,3.4,SMALL-PRINT
Geode Inn/Zones/jpegs,image.jpeg,jpeg,1024,1024,3.4,3.4,SMALL-PRINT
Geode Inn/Zones/jpegs,image.jpeg,jpeg,1024,1024,3.4,3.4,SMALL-PRINT
Geode Inn/Zones/jpegs,image.jpeg,jpeg,1024,1024,3.4,3.4,SMALL-PRINT
Geode Inn/Zones/jpegs,image.jpeg,jpeg,1024,1024,3.4,3.4,SMALL-PRINT
Geode Inn/Zones/jpegs,image.jpeg,jpeg,1024,1024,3.4,3.4,SMALL-PRINT
Geode Inn/Zones/jpegs,image.jpeg,jpeg,1024,1024,3.4,3.4,SMALL-PRINT
Geode Inn/Zones/jpegs,image.jpeg,jpeg,1024,1024,3.4,3.4,SMALL-PRINT
Geode Inn/Zones/jpegs,image.jpeg,jpeg,1024,1024,3.4,3.4,SMALL-PRINT
Geode Inn/Zones/jpegs,image.jpeg,jpeg,1024,1024,3.4,3.4,SMALL-PRINT
Geode Inn/Zones/jpegs,image.jpeg,jpeg,1024,1024,3.4,3.4,SMALL-PRINT
Geode Inn/Zones/jpegs,image.jpeg,jpeg,1024,1024,3.4,3.4,SMALL-PRINT
Geode Inn/Zones/jpegs,image.jpeg,jpeg,1024,1024,3.4,3.4,SMALL-PRINT
Geode Inn/Zones/jpegs,image.jpeg,jpeg,1024,1024,3.4,3.4,SMALL-PRINT
Geode Inn/Zones/jpegs,image.jpeg,jpeg,1024,1024,3.4,3.4,SMALL-PRINT
Geode Inn/Zones/jpegs,image.jpeg,jpeg,1024,1024,3.4,3.4,SMALL-PRINT
Geode Inn/Zones/jpegs,image.jpeg,jpeg,1024,1024,3.4,3.4,SMALL-PRINT
Geode Inn/Zones/jpegs,image.jpeg,jpeg,1024,1024,3.4,3.4,SMALL-PRINT
Geode Inn/Zones/jpegs,image.jpeg,jpeg,1024,1024,3.4,3.4,SMALL-PRINT
Geode Inn/Zones/jpegs,image.jpeg,jpeg,1024,1024,3.4,3.4,SMALL-PRINT
Geode Inn/Zones/jpegs,image.jpeg,jpeg,1024,1024,3.4,3.4,SMALL-PRINT
Geode Inn/Zones/jpegs,image.jpeg,jpeg,1024,1024,3.4,3.4,SMALL-PRINT
Geode Inn/Zones/jpegs,image.jpeg,jpeg,1024,1024,3.4,3.4,SMALL-PRINT
Geode Inn/Zones/jpegs,image.jpeg,jpeg,1024,1024,3.4,3.4,SMALL-PRINT
Geode Inn/Zones/jpegs,image.jpeg,jpeg,1024,1024,3.4,3.4,SMALL-PRINT
Geode Inn/Zones/jpegs,image.jpeg,jpeg,1024,1024,3.4,3.4,SMALL-PRINT
Geode Inn/Zones/jpegs,image.jpeg,jpeg,1024,1024,3.4,3.4,SMALL-PRINT
Geode Inn/Zones/jpegs,image.jpeg,jpeg,1024,1024,3.4,3.4,SMALL-PRINT
Geode Inn/Zones/jpegs,image.jpeg,jpeg,1024,1024,3.4,3.4,SMALL-PRINT
Geode Inn/Zones/jpegs,image.jpeg,jpeg,1024,1024,3.4,3.4,SMALL-PRINT
Geode Inn/Zones/jpegs,image.jpeg,jpeg,1024,1024,3.4,3.4,SMALL-PRINT
Geode Inn/Zones/jpegs,image.jpeg,jpeg,1024,1024,3.4,3.4,SMALL-PRINT
Geode Inn/Zones/jpegs,image.jpeg,jpeg,1024,1024,3.4,3.4,SMALL-PRINT
Geode Inn/Zones/jpegs,image.jpeg,jpeg,1024,1024,3.4,3.4,SMALL-PRINT
Geode Inn/Zones/jpegs,image.jpeg,jpeg,1024,1024,3.4,3.4,SMALL-PRINT
Geode Inn/Zones/jpegs,image.jpeg,jpeg,1024,1024,3.4,3.4,SMALL-PRINT
Geode Inn/Zones/jpegs,in between fae.jpg,jpeg,1024,1024,3.4,3.4,SMALL-PRINT
Geode Inn/Zones/jpegs,in between guy.jpg,jpeg,1024,1024,3.4,3.4,SMALL-PRINT
Geode Inn/Zones/jpegs,in between male 1.jpg,jpeg,1024,1024,3.4,3.4,SMALL-PRINT
Geode Inn/Zones/jpegs,in between unseelie.jpg,jpeg,1024,1024,3.4,3.4,SMALL-PRINT
Geode Inn/Zones/jpegs,jakob.jpg,jpeg,1024,1024,3.4,3.4,SMALL-PRINT
Geode Inn/Zones/jpegs,kali_v2.jpg,jpeg,1024,1024,3.4,3.4,SMALL-PRINT
Geode Inn/Zones/jpegs,loki 1.png,jpeg,1024,1024,3.4,3.4,SMALL-PRINT
Geode Inn/Zones/jpegs,lozen in the undercity.jpeg,jpeg,1024,1024,3.4,3.4,SMALL-PRINT
Geode Inn/Zones/jpegs,madam_holding_dobby.jpg,jpeg,1024,1024,3.4,3.4,SMALL-PRINT
Geode Inn/Zones/jpegs,madame_mim.jpg,jpeg,1024,1024,3.4,3.4,SMALL-PRINT
Geode Inn/Zones/jpegs,male druid .jpg,jpeg,1024,1024,3.4,3.4,SMALL-PRINT
Geode Inn/Zones/jpegs,marijke.jpg,jpeg,1024,1024,3.4,3.4,SMALL-PRINT
Geode Inn/Zones/jpegs,mason.jpg,jpeg,1024,1024,3.4,3.4,SMALL-PRINT
Geode Inn/Zones/jpegs,medusa.jpg,jpeg,1024,1024,3.4,3.4,SMALL-PRINT
Geode Inn/Zones/jpegs,medusa_lithophone.jpg,jpeg,1024,1024,3.4,3.4,SMALL-PRINT
Geode Inn/Zones/jpegs,merlin_archimedes.jpg,jpeg,1024,1024,3.4,3.4,SMALL-PRINT
Geode Inn/Zones/jpegs,mf_modern_legends_mid.jpg,jpeg,1280,720,4.3,2.4,SMALL-PRINT
Geode Inn/Zones/jpegs,mf_modern_religions_mid.jpg,jpeg,1280,720,4.3,2.4,SMALL-PRINT
Geode Inn/Zones/jpegs,miniature artist available image 2.jpeg,jpeg,1024,1024,3.4,3.4,SMALL-PRINT
Geode Inn/Zones/jpegs,morrigan 4.5.jpg,jpeg,1024,1024,3.4,3.4,SMALL-PRINT
Geode Inn/Zones/jpegs,morrigan in between 2.jpg,jpeg,1024,1024,3.4,3.4,SMALL-PRINT
Geode Inn/Zones/jpegs,morrigan in between.jpg,jpeg,1024,1024,3.4,3.4,SMALL-PRINT
Geode Inn/Zones/jpegs,naut 2.jpg,jpeg,1024,1024,3.4,3.4,SMALL-PRINT
Geode Inn/Zones/jpegs,"nyx in cape, older.jpg",jpeg,1024,1024,3.4,3.4,SMALL-PRINT
Geode Inn/Zones/jpegs,"nyx in cape, younger.jpg",jpeg,1024,1024,3.4,3.4,SMALL-PRINT
Geode Inn/Zones/jpegs,nyx_ingame.jpg,jpeg,1024,1024,3.4,3.4,SMALL-PRINT
Geode Inn/Zones/jpegs,oceanianoir.jpg,jpeg,1024,1024,3.4,3.4,SMALL-PRINT
Geode Inn/Zones/jpegs,odin 4.jpg,jpeg,1024,1024,3.4,3.4,SMALL-PRINT
Geode Inn/Zones/jpegs,odin 5.jpg,jpeg,1024,1024,3.4,3.4,SMALL-PRINT
Geode Inn/Zones/jpegs,odin in between.jpg,jpeg,1024,1024,3.4,3.4,SMALL-PRINT
Geode Inn/Zones/jpegs,odin shadow.jpg,jpeg,1024,1024,3.4,3.4,SMALL-PRINT
Geode Inn/Zones/jpegs,owl full presence.jpg,jpeg,1024,1024,3.4,3.4,SMALL-PRINT
Geode Inn/Zones/jpegs,owl in between.jpg,jpeg,1024,1024,3.4,3.4,SMALL-PRINT
Geode Inn/Zones/jpegs,owl shadow.jpg,jpeg,1024,1024,3.4,3.4,SMALL-PRINT
Geode Inn/Zones/jpegs,pirate land.jpg,jpeg,1024,1024,3.4,3.4,SMALL-PRINT
Geode Inn/Zones/jpegs,pirate water.jpg,jpeg,1024,1024,3.4,3.4,SMALL-PRINT
Geode Inn/Zones/jpegs,queen_of_roots.jpg,jpeg,1024,1024,3.4,3.4,SMALL-PRINT
Geode Inn/Zones/jpegs,queen_of_webs.jpg,jpeg,1024,1024,3.4,3.4,SMALL-PRINT
Geode Inn/Zones/jpegs,queen_of_webs.jpg,jpeg,1024,1024,3.4,3.4,SMALL-PRINT
Geode Inn/Zones/jpegs,rw1.jpg,jpeg,1024,1024,3.4,3.4,SMALL-PRINT
Geode Inn/Zones/jpegs,ryan 2.jpg,jpeg,1024,1024,3.4,3.4,SMALL-PRINT
Geode Inn/Zones/jpegs,scarlett_standing_profile.jpg,jpeg,1024,1024,3.4,3.4,SMALL-PRINT
Geode Inn/Zones/jpegs,seelie fae summer court in between.jpg,jpeg,1024,1024,3.4,3.4,SMALL-PRINT
Geode Inn/Zones/jpegs,seelie fae summer court shadow.jpg,jpeg,1024,1024,3.4,3.4,SMALL-PRINT
Geode Inn/Zones/jpegs,seelie fae summer court.jpg,jpeg,1024,1024,3.4,3.4,SMALL-PRINT
Geode Inn/Zones/jpegs,seelie_queen.jpg,jpeg,1024,1024,3.4,3.4,SMALL-PRINT
Geode Inn/Zones/jpegs,shadow male 1.jpg,jpeg,1024,1024,3.4,3.4,SMALL-PRINT
Geode Inn/Zones/jpegs,siren land.jpg,jpeg,1024,1024,3.4,3.4,SMALL-PRINT
Geode Inn/Zones/jpegs,siren newest land.jpg,jpeg,1024,1024,3.4,3.4,SMALL-PRINT
Geode Inn/Zones/jpegs,siren water.jpg,jpeg,1024,1024,3.4,3.4,SMALL-PRINT
Geode Inn/Zones/jpegs,six_gargoyles.jpg,jpeg,1024,1024,3.4,3.4,SMALL-PRINT
Geode Inn/Zones/jpegs,sky pirate anon 1.jpg,jpeg,1024,1024,3.4,3.4,SMALL-PRINT
Geode Inn/Zones/jpegs,stone circle chamber.jpg,jpeg,1280,720,4.3,2.4,SMALL-PRINT
Geode Inn/Zones/jpegs,story born ents.jpg,jpeg,1024,1024,3.4,3.4,SMALL-PRINT
Geode Inn/Zones/jpegs,storyteller 2.1.jpg,jpeg,1024,1024,3.4,3.4,SMALL-PRINT
Geode Inn/Zones/jpegs,storyteller.jpg,jpeg,1024,1024,3.4,3.4,SMALL-PRINT
Geode Inn/Zones/jpegs,teslas_silver_disc.jpg,jpeg,1024,1024,3.4,3.4,SMALL-PRINT
Geode Inn/Zones/jpegs,the a examiner.jpg,jpeg,1024,1024,3.4,3.4,SMALL-PRINT
Geode Inn/Zones/jpegs,the astronomer.jpg,jpeg,1024,1024,3.4,3.4,SMALL-PRINT
Geode Inn/Zones/jpegs,the b examiner.jpg,jpeg,1024,1024,3.4,3.4,SMALL-PRINT
Geode Inn/Zones/jpegs,the beacon.jpg,jpeg,1024,1024,3.4,3.4,SMALL-PRINT
Geode Inn/Zones/jpegs,the captain arcana.jpg,jpeg,1024,1024,3.4,3.4,SMALL-PRINT
Geode Inn/Zones/jpegs,the cartographer.jpg,jpeg,1024,1024,3.4,3.4,SMALL-PRINT
Geode Inn/Zones/jpegs,the catalyst (also the bartender).jpg,jpeg,1024,1024,3.4,3.4,SMALL-PRINT
Geode Inn/Zones/jpegs,the constant.jpg,jpeg,1024,1024,3.4,3.4,SMALL-PRINT
Geode Inn/Zones/jpegs,the host.jpg,jpeg,1024,1024,3.4,3.4,SMALL-PRINT
Geode Inn/Zones/jpegs,the morrigan 2.jpg,jpeg,1024,1024,3.4,3.4,SMALL-PRINT
Geode Inn/Zones/jpegs,the retort (tesla's chaotic reflection).jpg,jpeg,1024,1024,3.4,3.4,SMALL-PRINT
Geode Inn/Zones/jpegs,the thrum.jpg,jpeg,1024,1024,3.4,3.4,SMALL-PRINT
Geode Inn/Zones/jpegs,the vessel 1.jpg,jpeg,1024,1024,3.4,3.4,SMALL-PRINT
Geode Inn/Zones/jpegs,the_cabbit.jpg,jpeg,1024,1024,3.4,3.4,SMALL-PRINT
Geode Inn/Zones/jpegs,the_cartographer.jpg,jpeg,1024,1024,3.4,3.4,SMALL-PRINT
Geode Inn/Zones/jpegs,the_constant.jpg,jpeg,1024,1024,3.4,3.4,SMALL-PRINT
Geode Inn/Zones/jpegs,the_constant_ingame.jpg,jpeg,1024,1024,3.4,3.4,SMALL-PRINT
Geode Inn/Zones/jpegs,the_cook.jpg,jpeg,1024,1024,3.4,3.4,SMALL-PRINT
Geode Inn/Zones/jpegs,the_duck.jpg,jpeg,1024,1024,3.4,3.4,SMALL-PRINT
Geode Inn/Zones/jpegs,the_examiner.jpg,jpeg,1024,1024,3.4,3.4,SMALL-PRINT
Geode Inn/Zones/jpegs,the_examiner_v2.jpg,jpeg,1024,1024,3.4,3.4,SMALL-PRINT
Geode Inn/Zones/jpegs,the_gardener.jpg,jpeg,1024,1024,3.4,3.4,SMALL-PRINT
Geode Inn/Zones/jpegs,the_guest_death.jpg,jpeg,1024,1024,3.4,3.4,SMALL-PRINT
Geode Inn/Zones/jpegs,the_laughing_one.jpg,jpeg,1024,1024,3.4,3.4,SMALL-PRINT
Geode Inn/Zones/jpegs,the_one_who_is_awake.jpg,jpeg,1024,1024,3.4,3.4,SMALL-PRINT
Geode Inn/Zones/jpegs,the_one_who_tends.jpg,jpeg,1024,1024,3.4,3.4,SMALL-PRINT
Geode Inn/Zones/jpegs,the_weaver.jpg,jpeg,1024,1024,3.4,3.4,SMALL-PRINT
Geode Inn/Zones/jpegs,thorin_v1.jpg,jpeg,1024,1024,3.4,3.4,SMALL-PRINT
Geode Inn/Zones/jpegs,thorin_v2.jpg,jpeg,1024,1024,3.4,3.4,SMALL-PRINT
Geode Inn/Zones/jpegs,tinkering weeaboo.jpg,jpeg,1024,1024,3.4,3.4,SMALL-PRINT
Geode Inn/Zones/jpegs,troll gatekeeper.jpg,jpeg,1024,1024,3.4,3.4,SMALL-PRINT
Geode Inn/Zones/jpegs,tumble_ingame.jpg,jpeg,1024,1024,3.4,3.4,SMALL-PRINT
Geode Inn/Zones/jpegs,uhtred_v2.jpg,jpeg,1024,1024,3.4,3.4,SMALL-PRINT
Geode Inn/Zones/jpegs,unseelie fae summer court.jpg,jpeg,1024,1024,3.4,3.4,SMALL-PRINT
Geode Inn/Zones/jpegs,unseelie fae winter court .jpg,jpeg,1024,1024,3.4,3.4,SMALL-PRINT
Geode Inn/Zones/jpegs,wayfarer.jpg,jpeg,1024,1024,3.4,3.4,SMALL-PRINT
Geode Inn/Zones/jpegs,"zeke, land version.jpg",jpeg,1024,1024,3.4,3.4,SMALL-PRINT
Geode Inn/Zones/jpegs,zorya.jpg,jpeg,1024,1024,3.4,3.4,SMALL-PRINT
Geode Inn/Zones/zones,Geode Inn — Bone Room (Concept Art).png,jpeg,1024,1024,3.4,3.4,SMALL-PRINT
Geode Inn/Zones/zones,Geode Inn — Viking Ship Mead Hall (Concept Art).png,jpeg,1024,1024,3.4,3.4,SMALL-PRINT
Geode Inn/Zones/zones,Viking_Ship_Mead_Hall.jpg,jpeg,1024,1024,3.4,3.4,SMALL-PRINT
Geode Inn/Zones/zones,alchemical landing.jpg,jpeg,1280,720,4.3,2.4,SMALL-PRINT
Geode Inn/Zones/zones,alembic window.jpg,jpeg,1920,1080,6.4,3.6,CARD-READY
Geode Inn/Zones/zones,allfathers throne.jpg,jpeg,1280,720,4.3,2.4,SMALL-PRINT
Geode Inn/Zones/zones,andean highlands.jpg,jpeg,1280,720,4.3,2.4,SMALL-PRINT
Geode Inn/Zones/zones,artisan market.jpg,jpeg,1280,720,4.3,2.4,SMALL-PRINT
Geode Inn/Zones/zones,campground 2.jpg,jpeg,1024,1024,3.4,3.4,SMALL-PRINT
Geode Inn/Zones/zones,catacombs 1-1.jpg,jpeg,2206,946,7.4,3.2,CARD-READY
Geode Inn/Zones/zones,catacombs 1.jpg,jpeg,2206,946,7.4,3.2,CARD-READY
Geode Inn/Zones/zones,catacombs 2-1 image.jpg,jpeg,1280,720,4.3,2.4,SMALL-PRINT
Geode Inn/Zones/zones,catacombs 2.jpg,jpeg,1280,720,4.3,2.4,SMALL-PRINT
Geode Inn/Zones/zones,catacombs 3-1 image.jpg,jpeg,1280,720,4.3,2.4,SMALL-PRINT
Geode Inn/Zones/zones,catacombs 3.jpg,jpeg,1280,720,4.3,2.4,SMALL-PRINT
Geode Inn/Zones/zones,catacombs 4-1 image.jpg,jpeg,1280,720,4.3,2.4,SMALL-PRINT
Geode Inn/Zones/zones,catacombs 5-1 image.jpg,jpeg,1280,720,4.3,2.4,SMALL-PRINT
Geode Inn/Zones/zones,catacombs 5.jpg,jpeg,1280,720,4.3,2.4,SMALL-PRINT
Geode Inn/Zones/zones,catacombs 6-1 image.jpg,jpeg,1280,720,4.3,2.4,SMALL-PRINT
Geode Inn/Zones/zones,catacombs 6.jpg,jpeg,1280,720,4.3,2.4,SMALL-PRINT
Geode Inn/Zones/zones,catacombs 7-1 image.jpg,jpeg,1280,720,4.3,2.4,SMALL-PRINT
Geode Inn/Zones/zones,catacombs 7.jpg,jpeg,1280,720,4.3,2.4,SMALL-PRINT
Geode Inn/Zones/zones,catacombs 8-1 image.jpg,jpeg,1280,720,4.3,2.4,SMALL-PRINT
Geode Inn/Zones/zones,catacombs 8.jpg,jpeg,1280,720,4.3,2.4,SMALL-PRINT
Geode Inn/Zones/zones,catacombs_4.jpg,jpeg,1280,720,4.3,2.4,SMALL-PRINT
Geode Inn/Zones/zones,catacombs_8-2_mid.jpg,jpeg,1280,720,4.3,2.4,SMALL-PRINT
Geode Inn/Zones/zones,celtic highlands image.jpg,jpeg,1280,720,4.3,2.4,SMALL-PRINT
Geode Inn/Zones/zones,central hearth.jpg,jpeg,1920,1080,6.4,3.6,CARD-READY
Geode Inn/Zones/zones,cosmology mural.jpg,jpeg,1280,720,4.3,2.4,SMALL-PRINT
Geode Inn/Zones/zones,crossing the threshold.jpg,jpeg,1920,1080,6.4,3.6,CARD-READY
Geode Inn/Zones/zones,egyptian desert.jpg,jpeg,1280,720,4.3,2.4,SMALL-PRINT
Geode Inn/Zones/zones,egyptian_desert.jpg,jpeg,1280,720,4.3,2.4,SMALL-PRINT
Geode Inn/Zones/zones,fae crystal garden.jpg,jpeg,1920,1080,6.4,3.6,CARD-READY
Geode Inn/Zones/zones,fae hollow.jpg,jpeg,1920,1080,6.4,3.6,CARD-READY
Geode Inn/Zones/zones,fae stone circle.jpg,jpeg,1280,720,4.3,2.4,SMALL-PRINT
Geode Inn/Zones/zones,fae summerlands.jpg,jpeg,1920,1080,6.4,3.6,CARD-READY
Geode Inn/Zones/zones,fae the between.jpg,jpeg,1280,720,4.3,2.4,SMALL-PRINT
Geode Inn/Zones/zones,fae threshold.jpg,jpeg,1920,1080,6.4,3.6,CARD-READY
Geode Inn/Zones/zones,frame 1-1.jpg,jpeg,2206,946,7.4,3.2,CARD-READY
Geode Inn/Zones/zones,frame_01 (3).jpg,jpeg,1280,720,4.3,2.4,SMALL-PRINT
Geode Inn/Zones/zones,frame_01 (5).jpg,jpeg,1280,720,4.3,2.4,SMALL-PRINT
Geode Inn/Zones/zones,frame_01 (9).jpg,jpeg,1280,720,4.3,2.4,SMALL-PRINT
Geode Inn/Zones/zones,frame_01.jpg,jpeg,2206,946,7.4,3.2,CARD-READY
Geode Inn/Zones/zones,frame_01.jpg,jpeg,1280,720,4.3,2.4,SMALL-PRINT
Geode Inn/Zones/zones,frame_01.jpg,jpeg,1280,720,4.3,2.4,SMALL-PRINT
Geode Inn/Zones/zones,frame_01.jpg,jpeg,1280,720,4.3,2.4,SMALL-PRINT
Geode Inn/Zones/zones,frame_01.jpg,jpeg,1280,720,4.3,2.4,SMALL-PRINT
Geode Inn/Zones/zones,frame_01.jpg,jpeg,1280,720,4.3,2.4,SMALL-PRINT
Geode Inn/Zones/zones,frame_01.jpg,jpeg,1280,720,4.3,2.4,SMALL-PRINT
Geode Inn/Zones/zones,frame_01.jpg,jpeg,1280,720,4.3,2.4,SMALL-PRINT
Geode Inn/Zones/zones,frame_01.jpg,jpeg,1920,1080,6.4,3.6,CARD-READY
Geode Inn/Zones/zones,frame_01.jpg,jpeg,1280,720,4.3,2.4,SMALL-PRINT
Geode Inn/Zones/zones,frame_01.jpg,jpeg,1280,720,4.3,2.4,SMALL-PRINT
Geode Inn/Zones/zones,frame_01.jpg,jpeg,1280,720,4.3,2.4,SMALL-PRINT
Geode Inn/Zones/zones,frame_01.jpg,jpeg,1280,720,4.3,2.4,SMALL-PRINT
Geode Inn/Zones/zones,frame_01.jpg,jpeg,1920,1080,6.4,3.6,CARD-READY
Geode Inn/Zones/zones,frame_01.jpg,jpeg,1280,720,4.3,2.4,SMALL-PRINT
Geode Inn/Zones/zones,frame_01.jpg,jpeg,1280,720,4.3,2.4,SMALL-PRINT
Geode Inn/Zones/zones,frame_01.jpg,jpeg,1280,720,4.3,2.4,SMALL-PRINT
Geode Inn/Zones/zones,frame_01.jpg,jpeg,1280,720,4.3,2.4,SMALL-PRINT
Geode Inn/Zones/zones,frame_01.jpg,jpeg,1280,720,4.3,2.4,SMALL-PRINT
Geode Inn/Zones/zones,frame_01.jpg,jpeg,1280,720,4.3,2.4,SMALL-PRINT
Geode Inn/Zones/zones,frame_01.jpg,jpeg,1280,720,4.3,2.4,SMALL-PRINT
Geode Inn/Zones/zones,frame_01.jpg,jpeg,1280,720,4.3,2.4,SMALL-PRINT
Geode Inn/Zones/zones,frame_01.jpg,jpeg,1280,720,4.3,2.4,SMALL-PRINT
Geode Inn/Zones/zones,frame_01.jpg,jpeg,1280,720,4.3,2.4,SMALL-PRINT
Geode Inn/Zones/zones,frame_01.jpg,jpeg,1280,720,4.3,2.4,SMALL-PRINT
Geode Inn/Zones/zones,frame_01.jpg,jpeg,1920,1080,6.4,3.6,CARD-READY
Geode Inn/Zones/zones,frame_01.jpg,jpeg,1280,720,4.3,2.4,SMALL-PRINT
Geode Inn/Zones/zones,frame_01.jpg,jpeg,1920,1080,6.4,3.6,CARD-READY
Geode Inn/Zones/zones,frame_01.jpg,jpeg,1280,720,4.3,2.4,SMALL-PRINT
Geode Inn/Zones/zones,frame_01.jpg,jpeg,1280,720,4.3,2.4,SMALL-PRINT
Geode Inn/Zones/zones,frame_01.jpg,jpeg,1920,1080,6.4,3.6,CARD-READY
Geode Inn/Zones/zones,frame_01.jpg,jpeg,1920,1080,6.4,3.6,CARD-READY
Geode Inn/Zones/zones,frame_02.jpg,jpeg,2206,946,7.4,3.2,CARD-READY
Geode Inn/Zones/zones,frame_02.jpg,jpeg,2206,946,7.4,3.2,CARD-READY
Geode Inn/Zones/zones,frame_02.jpg,jpeg,1280,720,4.3,2.4,SMALL-PRINT
Geode Inn/Zones/zones,frame_02.jpg,jpeg,1280,720,4.3,2.4,SMALL-PRINT
Geode Inn/Zones/zones,frame_02.jpg,jpeg,1280,720,4.3,2.4,SMALL-PRINT
Geode Inn/Zones/zones,frame_02.jpg,jpeg,1280,720,4.3,2.4,SMALL-PRINT
Geode Inn/Zones/zones,frame_02.jpg,jpeg,1280,720,4.3,2.4,SMALL-PRINT
Geode Inn/Zones/zones,frame_02.jpg,jpeg,1280,720,4.3,2.4,SMALL-PRINT
Geode Inn/Zones/zones,frame_02.jpg,jpeg,1280,720,4.3,2.4,SMALL-PRINT
Geode Inn/Zones/zones,frame_02.jpg,jpeg,1280,720,4.3,2.4,SMALL-PRINT
Geode Inn/Zones/zones,frame_02.jpg,jpeg,1280,720,4.3,2.4,SMALL-PRINT
Geode Inn/Zones/zones,frame_02.jpg,jpeg,1280,720,4.3,2.4,SMALL-PRINT
Geode Inn/Zones/zones,frame_02.jpg,jpeg,1280,720,4.3,2.4,SMALL-PRINT
Geode Inn/Zones/zones,frame_02.jpg,jpeg,1280,720,4.3,2.4,SMALL-PRINT
Geode Inn/Zones/zones,frame_02.jpg,jpeg,1280,720,4.3,2.4,SMALL-PRINT
Geode Inn/Zones/zones,frame_02.jpg,jpeg,1280,720,4.3,2.4,SMALL-PRINT
Geode Inn/Zones/zones,frame_02.jpg,jpeg,2206,946,7.4,3.2,CARD-READY
Geode Inn/Zones/zones,frame_02.jpg,jpeg,2206,946,7.4,3.2,CARD-READY
Geode Inn/Zones/zones,frame_02.jpg,jpeg,1280,720,4.3,2.4,SMALL-PRINT
Geode Inn/Zones/zones,frame_02.jpg,jpeg,2206,946,7.4,3.2,CARD-READY
Geode Inn/Zones/zones,frame_02.jpg,jpeg,2206,946,7.4,3.2,CARD-READY
Geode Inn/Zones/zones,frame_02.jpg,jpeg,2206,946,7.4,3.2,CARD-READY
Geode Inn/Zones/zones,frame_02.jpg,jpeg,1280,720,4.3,2.4,SMALL-PRINT
Geode Inn/Zones/zones,frame_02.jpg,jpeg,1280,720,4.3,2.4,SMALL-PRINT
Geode Inn/Zones/zones,frame_02.jpg,jpeg,1280,720,4.3,2.4,SMALL-PRINT
Geode Inn/Zones/zones,frame_02.jpg,jpeg,1280,720,4.3,2.4,SMALL-PRINT
Geode Inn/Zones/zones,frame_02.jpg,jpeg,1280,720,4.3,2.4,SMALL-PRINT
Geode Inn/Zones/zones,frame_02.jpg,jpeg,1280,720,4.3,2.4,SMALL-PRINT
Geode Inn/Zones/zones,frame_02.jpg,jpeg,1280,720,4.3,2.4,SMALL-PRINT
Geode Inn/Zones/zones,frame_02.jpg,jpeg,1280,720,4.3,2.4,SMALL-PRINT
Geode Inn/Zones/zones,frame_02.jpg,jpeg,1280,720,4.3,2.4,SMALL-PRINT
Geode Inn/Zones/zones,frame_02.jpg,jpeg,1280,720,4.3,2.4,SMALL-PRINT
Geode Inn/Zones/zones,frame_02.jpg,jpeg,2206,946,7.4,3.2,CARD-READY
Geode Inn/Zones/zones,frame_02.jpg,jpeg,1280,720,4.3,2.4,SMALL-PRINT
Geode Inn/Zones/zones,frame_02.jpg,jpeg,1280,720,4.3,2.4,SMALL-PRINT
Geode Inn/Zones/zones,frame_02.jpg,jpeg,1280,720,4.3,2.4,SMALL-PRINT
Geode Inn/Zones/zones,frame_02.jpg,jpeg,1280,720,4.3,2.4,SMALL-PRINT
Geode Inn/Zones/zones,frame_02.jpg,jpeg,1280,720,4.3,2.4,SMALL-PRINT
Geode Inn/Zones/zones,frame_02.jpg,jpeg,1280,720,4.3,2.4,SMALL-PRINT
Geode Inn/Zones/zones,frame_02.jpg,jpeg,1280,720,4.3,2.4,SMALL-PRINT
Geode Inn/Zones/zones,frame_02.jpg,jpeg,1280,720,4.3,2.4,SMALL-PRINT
Geode Inn/Zones/zones,frame_02.jpg,jpeg,1280,720,4.3,2.4,SMALL-PRINT
Geode Inn/Zones/zones,frame_02.jpg,jpeg,1280,720,4.3,2.4,SMALL-PRINT
Geode Inn/Zones/zones,frame_02.jpg,jpeg,1280,720,4.3,2.4,SMALL-PRINT
Geode Inn/Zones/zones,frame_02.jpg,jpeg,1920,1080,6.4,3.6,CARD-READY
Geode Inn/Zones/zones,frame_02.jpg,jpeg,1280,720,4.3,2.4,SMALL-PRINT
Geode Inn/Zones/zones,frame_02.jpg,jpeg,1280,720,4.3,2.4,SMALL-PRINT
Geode Inn/Zones/zones,frame_02.jpg,jpeg,1280,720,4.3,2.4,SMALL-PRINT
Geode Inn/Zones/zones,frame_02.jpg,jpeg,1280,720,4.3,2.4,SMALL-PRINT
Geode Inn/Zones/zones,frame_02.jpg,jpeg,1920,1080,6.4,3.6,CARD-READY
Geode Inn/Zones/zones,frame_02.jpg,jpeg,1280,720,4.3,2.4,SMALL-PRINT
Geode Inn/Zones/zones,frame_02.jpg,jpeg,1280,720,4.3,2.4,SMALL-PRINT
Geode Inn/Zones/zones,frame_02.jpg,jpeg,1280,720,4.3,2.4,SMALL-PRINT
Geode Inn/Zones/zones,frame_02.jpg,jpeg,1280,720,4.3,2.4,SMALL-PRINT
Geode Inn/Zones/zones,frame_02.jpg,jpeg,1280,720,4.3,2.4,SMALL-PRINT
Geode Inn/Zones/zones,frame_02.jpg,jpeg,1280,720,4.3,2.4,SMALL-PRINT
Geode Inn/Zones/zones,frame_02.jpg,jpeg,1280,720,4.3,2.4,SMALL-PRINT
Geode Inn/Zones/zones,frame_02.jpg,jpeg,1280,720,4.3,2.4,SMALL-PRINT
Geode Inn/Zones/zones,frame_02.jpg,jpeg,1280,720,4.3,2.4,SMALL-PRINT
Geode Inn/Zones/zones,frame_02.jpg,jpeg,1280,720,4.3,2.4,SMALL-PRINT
Geode Inn/Zones/zones,frame_02.jpg,jpeg,1280,720,4.3,2.4,SMALL-PRINT
Geode Inn/Zones/zones,frame_02.jpg,jpeg,1280,720,4.3,2.4,SMALL-PRINT
Geode Inn/Zones/zones,frame_02.jpg,jpeg,1920,1080,6.4,3.6,CARD-READY
Geode Inn/Zones/zones,frame_02.jpg,jpeg,1280,720,4.3,2.4,SMALL-PRINT
Geode Inn/Zones/zones,frame_02.jpg,jpeg,1920,1080,6.4,3.6,CARD-READY
Geode Inn/Zones/zones,frame_02.jpg,jpeg,1280,720,4.3,2.4,SMALL-PRINT
Geode Inn/Zones/zones,frame_02.jpg,jpeg,1280,720,4.3,2.4,SMALL-PRINT
Geode Inn/Zones/zones,frame_02.jpg,jpeg,1920,1080,6.4,3.6,CARD-READY
Geode Inn/Zones/zones,frame_02.jpg,jpeg,1280,720,4.3,2.4,SMALL-PRINT
Geode Inn/Zones/zones,frame_03.jpg,jpeg,2206,946,7.4,3.2,CARD-READY
Geode Inn/Zones/zones,frame_03.jpg,jpeg,2206,946,7.4,3.2,CARD-READY
Geode Inn/Zones/zones,frame_03.jpg,jpeg,2206,946,7.4,3.2,CARD-READY
Geode Inn/Zones/zones,frame_03.jpg,jpeg,1280,720,4.3,2.4,SMALL-PRINT
Geode Inn/Zones/zones,frame_03.jpg,jpeg,1280,720,4.3,2.4,SMALL-PRINT
Geode Inn/Zones/zones,frame_03.jpg,jpeg,1280,720,4.3,2.4,SMALL-PRINT
Geode Inn/Zones/zones,frame_03.jpg,jpeg,1280,720,4.3,2.4,SMALL-PRINT
Geode Inn/Zones/zones,frame_03.jpg,jpeg,1280,720,4.3,2.4,SMALL-PRINT
Geode Inn/Zones/zones,frame_03.jpg,jpeg,1280,720,4.3,2.4,SMALL-PRINT
Geode Inn/Zones/zones,frame_03.jpg,jpeg,1280,720,4.3,2.4,SMALL-PRINT
Geode Inn/Zones/zones,frame_03.jpg,jpeg,2206,946,7.4,3.2,CARD-READY
Geode Inn/Zones/zones,frame_03.jpg,jpeg,1280,720,4.3,2.4,SMALL-PRINT
Geode Inn/Zones/zones,frame_03.jpg,jpeg,1280,720,4.3,2.4,SMALL-PRINT
Geode Inn/Zones/zones,frame_03.jpg,jpeg,1280,720,4.3,2.4,SMALL-PRINT
Geode Inn/Zones/zones,frame_03.jpg,jpeg,2206,946,7.4,3.2,CARD-READY
Geode Inn/Zones/zones,frame_03.jpg,jpeg,1280,720,4.3,2.4,SMALL-PRINT
Geode Inn/Zones/zones,frame_03.jpg,jpeg,1280,720,4.3,2.4,SMALL-PRINT
Geode Inn/Zones/zones,frame_03.jpg,jpeg,1280,720,4.3,2.4,SMALL-PRINT
Geode Inn/Zones/zones,frame_03.jpg,jpeg,1280,720,4.3,2.4,SMALL-PRINT
Geode Inn/Zones/zones,frame_03.jpg,jpeg,1280,720,4.3,2.4,SMALL-PRINT
Geode Inn/Zones/zones,frame_03.jpg,jpeg,1280,720,4.3,2.4,SMALL-PRINT
Geode Inn/Zones/zones,frame_03.jpg,jpeg,1280,720,4.3,2.4,SMALL-PRINT
Geode Inn/Zones/zones,frame_03.jpg,jpeg,1280,720,4.3,2.4,SMALL-PRINT
Geode Inn/Zones/zones,frame_03.jpg,jpeg,1280,720,4.3,2.4,SMALL-PRINT
Geode Inn/Zones/zones,frame_03.jpg,jpeg,1280,720,4.3,2.4,SMALL-PRINT
Geode Inn/Zones/zones,frame_03.jpg,jpeg,1280,720,4.3,2.4,SMALL-PRINT
Geode Inn/Zones/zones,frame_03.jpg,jpeg,1280,720,4.3,2.4,SMALL-PRINT
Geode Inn/Zones/zones,frame_03.jpg,jpeg,1280,720,4.3,2.4,SMALL-PRINT
Geode Inn/Zones/zones,frame_03.jpg,jpeg,1280,720,4.3,2.4,SMALL-PRINT
Geode Inn/Zones/zones,frame_03.jpg,jpeg,1280,720,4.3,2.4,SMALL-PRINT
Geode Inn/Zones/zones,frame_03.jpg,jpeg,2206,946,7.4,3.2,CARD-READY
Geode Inn/Zones/zones,frame_03.jpg,jpeg,2206,946,7.4,3.2,CARD-READY
Geode Inn/Zones/zones,frame_03.jpg,jpeg,1280,720,4.3,2.4,SMALL-PRINT
Geode Inn/Zones/zones,frame_03.jpg,jpeg,1280,720,4.3,2.4,SMALL-PRINT
Geode Inn/Zones/zones,frame_03.jpg,jpeg,1280,720,4.3,2.4,SMALL-PRINT
Geode Inn/Zones/zones,frame_03.jpg,jpeg,1280,720,4.3,2.4,SMALL-PRINT
Geode Inn/Zones/zones,frame_03.jpg,jpeg,1280,720,4.3,2.4,SMALL-PRINT
Geode Inn/Zones/zones,frame_03.jpg,jpeg,1280,720,4.3,2.4,SMALL-PRINT
Geode Inn/Zones/zones,frame_03.jpg,jpeg,1280,720,4.3,2.4,SMALL-PRINT
Geode Inn/Zones/zones,frame_03.jpg,jpeg,1280,720,4.3,2.4,SMALL-PRINT
Geode Inn/Zones/zones,frame_03.jpg,jpeg,2206,946,7.4,3.2,CARD-READY
Geode Inn/Zones/zones,frame_03.jpg,jpeg,2206,946,7.4,3.2,CARD-READY
Geode Inn/Zones/zones,frame_03.jpg,jpeg,1280,720,4.3,2.4,SMALL-PRINT
Geode Inn/Zones/zones,frame_03.jpg,jpeg,1280,720,4.3,2.4,SMALL-PRINT
Geode Inn/Zones/zones,frame_03.jpg,jpeg,1280,720,4.3,2.4,SMALL-PRINT
Geode Inn/Zones/zones,frame_03.jpg,jpeg,1280,720,4.3,2.4,SMALL-PRINT
Geode Inn/Zones/zones,frame_03.jpg,jpeg,1920,1080,6.4,3.6,CARD-READY
Geode Inn/Zones/zones,frame_03.jpg,jpeg,1280,720,4.3,2.4,SMALL-PRINT
Geode Inn/Zones/zones,frame_03.jpg,jpeg,1280,720,4.3,2.4,SMALL-PRINT
Geode Inn/Zones/zones,frame_03.jpg,jpeg,1280,720,4.3,2.4,SMALL-PRINT
Geode Inn/Zones/zones,frame_03.jpg,jpeg,1280,720,4.3,2.4,SMALL-PRINT
Geode Inn/Zones/zones,frame_03.jpg,jpeg,1920,1080,6.4,3.6,CARD-READY
Geode Inn/Zones/zones,frame_03.jpg,jpeg,1280,720,4.3,2.4,SMALL-PRINT
Geode Inn/Zones/zones,frame_03.jpg,jpeg,1280,720,4.3,2.4,SMALL-PRINT
Geode Inn/Zones/zones,frame_03.jpg,jpeg,1280,720,4.3,2.4,SMALL-PRINT
Geode Inn/Zones/zones,frame_03.jpg,jpeg,1280,720,4.3,2.4,SMALL-PRINT
Geode Inn/Zones/zones,frame_03.jpg,jpeg,1280,720,4.3,2.4,SMALL-PRINT
Geode Inn/Zones/zones,frame_03.jpg,jpeg,1280,720,4.3,2.4,SMALL-PRINT
Geode Inn/Zones/zones,frame_03.jpg,jpeg,1280,720,4.3,2.4,SMALL-PRINT
Geode Inn/Zones/zones,frame_03.jpg,jpeg,1280,720,4.3,2.4,SMALL-PRINT
Geode Inn/Zones/zones,frame_03.jpg,jpeg,1280,720,4.3,2.4,SMALL-PRINT
Geode Inn/Zones/zones,frame_03.jpg,jpeg,1280,720,4.3,2.4,SMALL-PRINT
Geode Inn/Zones/zones,frame_03.jpg,jpeg,1280,720,4.3,2.4,SMALL-PRINT
Geode Inn/Zones/zones,frame_03.jpg,jpeg,1280,720,4.3,2.4,SMALL-PRINT
Geode Inn/Zones/zones,frame_03.jpg,jpeg,1920,1080,6.4,3.6,CARD-READY
Geode Inn/Zones/zones,frame_03.jpg,jpeg,1280,720,4.3,2.4,SMALL-PRINT
Geode Inn/Zones/zones,frame_03.jpg,jpeg,1920,1080,6.4,3.6,CARD-READY
Geode Inn/Zones/zones,frame_03.jpg,jpeg,1280,720,4.3,2.4,SMALL-PRINT
Geode Inn/Zones/zones,frame_03.jpg,jpeg,1280,720,4.3,2.4,SMALL-PRINT
Geode Inn/Zones/zones,frame_03.jpg,jpeg,1920,1080,6.4,3.6,CARD-READY
Geode Inn/Zones/zones,frame_03.jpg,jpeg,640,360,2.1,1.2,SCREEN-ONLY
Geode Inn/Zones/zones,frame_03.jpg,jpeg,1280,720,4.3,2.4,SMALL-PRINT
Geode Inn/Zones/zones,frame_04.jpg,jpeg,2206,946,7.4,3.2,CARD-READY
Geode Inn/Zones/zones,frame_04.jpg,jpeg,2206,946,7.4,3.2,CARD-READY
Geode Inn/Zones/zones,frame_04.jpg,jpeg,2206,946,7.4,3.2,CARD-READY
Geode Inn/Zones/zones,frame_04.jpg,jpeg,1280,720,4.3,2.4,SMALL-PRINT
Geode Inn/Zones/zones,frame_04.jpg,jpeg,1280,720,4.3,2.4,SMALL-PRINT
Geode Inn/Zones/zones,frame_04.jpg,jpeg,1280,720,4.3,2.4,SMALL-PRINT
Geode Inn/Zones/zones,frame_04.jpg,jpeg,1280,720,4.3,2.4,SMALL-PRINT
Geode Inn/Zones/zones,frame_04.jpg,jpeg,1280,720,4.3,2.4,SMALL-PRINT
Geode Inn/Zones/zones,frame_04.jpg,jpeg,1280,720,4.3,2.4,SMALL-PRINT
Geode Inn/Zones/zones,frame_04.jpg,jpeg,1280,720,4.3,2.4,SMALL-PRINT
Geode Inn/Zones/zones,frame_04.jpg,jpeg,1280,720,4.3,2.4,SMALL-PRINT
Geode Inn/Zones/zones,frame_04.jpg,jpeg,1280,720,4.3,2.4,SMALL-PRINT
Geode Inn/Zones/zones,frame_04.jpg,jpeg,1280,720,4.3,2.4,SMALL-PRINT
Geode Inn/Zones/zones,frame_04.jpg,jpeg,1280,720,4.3,2.4,SMALL-PRINT
Geode Inn/Zones/zones,frame_04.jpg,jpeg,1280,720,4.3,2.4,SMALL-PRINT
Geode Inn/Zones/zones,frame_04.jpg,jpeg,1280,720,4.3,2.4,SMALL-PRINT
Geode Inn/Zones/zones,frame_04.jpg,jpeg,1280,720,4.3,2.4,SMALL-PRINT
Geode Inn/Zones/zones,frame_04.jpg,jpeg,2206,946,7.4,3.2,CARD-READY
Geode Inn/Zones/zones,frame_04.jpg,jpeg,1280,720,4.3,2.4,SMALL-PRINT
Geode Inn/Zones/zones,frame_04.jpg,jpeg,2206,946,7.4,3.2,CARD-READY
Geode Inn/Zones/zones,frame_04.jpg,jpeg,2206,946,7.4,3.2,CARD-READY
Geode Inn/Zones/zones,frame_04.jpg,jpeg,2206,946,7.4,3.2,CARD-READY
Geode Inn/Zones/zones,frame_04.jpg,jpeg,2206,946,7.4,3.2,CARD-READY
Geode Inn/Zones/zones,frame_04.jpg,jpeg,1280,720,4.3,2.4,SMALL-PRINT
Geode Inn/Zones/zones,frame_04.jpg,jpeg,1280,720,4.3,2.4,SMALL-PRINT
Geode Inn/Zones/zones,frame_04.jpg,jpeg,1280,720,4.3,2.4,SMALL-PRINT
Geode Inn/Zones/zones,frame_04.jpg,jpeg,1280,720,4.3,2.4,SMALL-PRINT
Geode Inn/Zones/zones,frame_04.jpg,jpeg,1280,720,4.3,2.4,SMALL-PRINT
Geode Inn/Zones/zones,frame_04.jpg,jpeg,1280,720,4.3,2.4,SMALL-PRINT
Geode Inn/Zones/zones,frame_04.jpg,jpeg,1280,720,4.3,2.4,SMALL-PRINT
Geode Inn/Zones/zones,frame_04.jpg,jpeg,1280,720,4.3,2.4,SMALL-PRINT
Geode Inn/Zones/zones,frame_04.jpg,jpeg,1280,720,4.3,2.4,SMALL-PRINT
Geode Inn/Zones/zones,frame_04.jpg,jpeg,1280,720,4.3,2.4,SMALL-PRINT
Geode Inn/Zones/zones,frame_04.jpg,jpeg,1280,720,4.3,2.4,SMALL-PRINT
Geode Inn/Zones/zones,frame_04.jpg,jpeg,1280,720,4.3,2.4,SMALL-PRINT
Geode Inn/Zones/zones,frame_04.jpg,jpeg,1280,720,4.3,2.4,SMALL-PRINT
Geode Inn/Zones/zones,frame_04.jpg,jpeg,1920,1080,6.4,3.6,CARD-READY
Geode Inn/Zones/zones,frame_04.jpg,jpeg,1280,720,4.3,2.4,SMALL-PRINT
Geode Inn/Zones/zones,frame_04.jpg,jpeg,1280,720,4.3,2.4,SMALL-PRINT
Geode Inn/Zones/zones,frame_04.jpg,jpeg,1280,720,4.3,2.4,SMALL-PRINT
Geode Inn/Zones/zones,frame_04.jpg,jpeg,1920,1080,6.4,3.6,CARD-READY
Geode Inn/Zones/zones,frame_04.jpg,jpeg,1280,720,4.3,2.4,SMALL-PRINT
Geode Inn/Zones/zones,frame_04.jpg,jpeg,1280,720,4.3,2.4,SMALL-PRINT
Geode Inn/Zones/zones,frame_04.jpg,jpeg,1280,720,4.3,2.4,SMALL-PRINT
Geode Inn/Zones/zones,frame_04.jpg,jpeg,1280,720,4.3,2.4,SMALL-PRINT
Geode Inn/Zones/zones,frame_04.jpg,jpeg,1280,720,4.3,2.4,SMALL-PRINT
Geode Inn/Zones/zones,frame_04.jpg,jpeg,1280,720,4.3,2.4,SMALL-PRINT
Geode Inn/Zones/zones,frame_04.jpg,jpeg,1920,1080,6.4,3.6,CARD-READY
Geode Inn/Zones/zones,frame_04.jpg,jpeg,1280,720,4.3,2.4,SMALL-PRINT
Geode Inn/Zones/zones,frame_04.jpg,jpeg,1280,720,4.3,2.4,SMALL-PRINT
Geode Inn/Zones/zones,frame_04.jpg,jpeg,1920,1080,6.4,3.6,CARD-READY
Geode Inn/Zones/zones,frame_04.jpg,jpeg,1280,720,4.3,2.4,SMALL-PRINT
Geode Inn/Zones/zones,frame_05.jpg,jpeg,1280,720,4.3,2.4,SMALL-PRINT
Geode Inn/Zones/zones,frame_05.jpg,jpeg,1280,720,4.3,2.4,SMALL-PRINT
Geode Inn/Zones/zones,frame_05.jpg,jpeg,1280,720,4.3,2.4,SMALL-PRINT
Geode Inn/Zones/zones,frame_05.jpg,jpeg,1280,720,4.3,2.4,SMALL-PRINT
Geode Inn/Zones/zones,frame_05.jpg,jpeg,1280,720,4.3,2.4,SMALL-PRINT
Geode Inn/Zones/zones,frame_05.jpg,jpeg,1280,720,4.3,2.4,SMALL-PRINT
Geode Inn/Zones/zones,frame_05.jpg,jpeg,1280,720,4.3,2.4,SMALL-PRINT
Geode Inn/Zones/zones,frame_05.jpg,jpeg,1920,1080,6.4,3.6,CARD-READY
Geode Inn/Zones/zones,frame_05.jpg,jpeg,1280,720,4.3,2.4,SMALL-PRINT
Geode Inn/Zones/zones,frame_05.jpg,jpeg,1280,720,4.3,2.4,SMALL-PRINT
Geode Inn/Zones/zones,frame_05.jpg,jpeg,1280,720,4.3,2.4,SMALL-PRINT
Geode Inn/Zones/zones,frame_05.jpg,jpeg,1280,720,4.3,2.4,SMALL-PRINT
Geode Inn/Zones/zones,frame_05.jpg,jpeg,1920,1080,6.4,3.6,CARD-READY
Geode Inn/Zones/zones,frame_05.jpg,jpeg,640,360,2.1,1.2,SCREEN-ONLY
Geode Inn/Zones/zones,frame_05.jpg,jpeg,1920,1080,6.4,3.6,CARD-READY
Geode Inn/Zones/zones,geode room.jpg,jpeg,1280,720,4.3,2.4,SMALL-PRINT
Geode Inn/Zones/zones,internal cave system.jpg,jpeg,1024,1024,3.4,3.4,SMALL-PRINT
Geode Inn/Zones/zones,japanese temple.jpg,jpeg,1280,720,4.3,2.4,SMALL-PRINT
Geode Inn/Zones/zones,layers of the inn.jpg,jpeg,1024,1024,3.4,3.4,SMALL-PRINT
Geode Inn/Zones/zones,"lighthouse tower, inside.jpg",jpeg,1024,1024,3.4,3.4,SMALL-PRINT
Geode Inn/Zones/zones,mf_artisan_market.jpg,jpeg,1280,720,4.3,2.4,SMALL-PRINT
Geode Inn/Zones/zones,mf_central_hearth.jpg,jpeg,1920,1080,6.4,3.6,CARD-READY
Geode Inn/Zones/zones,mf_modern_legends.jpg,jpeg,1280,720,4.3,2.4,SMALL-PRINT
Geode Inn/Zones/zones,mf_modern_religions.jpg,jpeg,1280,720,4.3,2.4,SMALL-PRINT
Geode Inn/Zones/zones,modern legends.jpg,jpeg,1280,720,4.3,2.4,SMALL-PRINT
Geode Inn/Zones/zones,modern religions.jpg,jpeg,1280,720,4.3,2.4,SMALL-PRINT
Geode Inn/Zones/zones,norse coast.jpg,jpeg,1920,1080,6.4,3.6,CARD-READY
Geode Inn/Zones/zones,norse_coast.jpg,jpeg,1920,1080,6.4,3.6,CARD-READY
Geode Inn/Zones/zones,parchment world.jpg,jpeg,1280,720,4.3,2.4,SMALL-PRINT
Geode Inn/Zones/zones,parchment_world.jpg,jpeg,1280,720,4.3,2.4,SMALL-PRINT
Geode Inn/Zones/zones,planetary chamber.jpg,jpeg,1280,720,4.3,2.4,SMALL-PRINT
Geode Inn/Zones/zones,st_alchemical_landing.jpg,jpeg,1280,720,4.3,2.4,SMALL-PRINT
Geode Inn/Zones/zones,st_alembic_window.jpg,jpeg,1920,1080,6.4,3.6,CARD-READY
Geode Inn/Zones/zones,st_transformation.jpg,jpeg,1920,1080,6.4,3.6,CARD-READY
Geode Inn/Zones/zones,stonehenge.jpg,jpeg,1280,720,4.3,2.4,SMALL-PRINT
Geode Inn/Zones/zones,summerlands.jpg,jpeg,1920,1080,6.4,3.6,CARD-READY
Geode Inn/Zones/zones,the between.jpg,jpeg,1280,720,4.3,2.4,SMALL-PRINT
Geode Inn/Zones/zones,the crystal gardens.jpg,jpeg,1920,1080,6.4,3.6,CARD-READY
Geode Inn/Zones/zones,the hollow.jpg,jpeg,1920,1080,6.4,3.6,CARD-READY
Geode Inn/Zones/zones,the library deep underground.jpg,jpeg,1024,1024,3.4,3.4,SMALL-PRINT
Geode Inn/Zones/zones,the_score_stone.jpg,jpeg,1024,1024,3.4,3.4,SMALL-PRINT
Geode Inn/Zones/zones,transformation.jpg,jpeg,1920,1080,6.4,3.6,CARD-READY
Geode Inn/Zones/zones,transylvanian forest.jpg,jpeg,1280,720,4.3,2.4,SMALL-PRINT
Geode Inn/Zones/zones,undercity 5.jpg,jpeg,1024,1024,3.4,3.4,SMALL-PRINT
Geode Inn/Zones/zones,up ascension canopy.jpg,jpeg,1280,720,4.3,2.4,SMALL-PRINT
Geode Inn/Zones/zones,up_allfathers_throne.jpg,jpeg,1280,720,4.3,2.4,SMALL-PRINT
Geode Inn/Zones/zones,up_ascension_canopy.jpg,jpeg,1280,720,4.3,2.4,SMALL-PRINT
Geode Inn/Zones/zones,up_cosmology_mural.jpg,jpeg,1280,720,4.3,2.4,SMALL-PRINT
Geode Inn/Zones/zones,up_planet_chamber.jpg,jpeg,1280,720,4.3,2.4,SMALL-PRINT
Geode Inn/Zones/zones,wm celtic highlands.jpg,jpeg,1280,720,4.3,2.4,SMALL-PRINT
Geode Inn/Zones/zones,zone_L2_clockwork_kandinsky.png,jpeg,1024,1024,3.4,3.4,SMALL-PRINT
Geode Inn/Zones/zones,zone_L3_arcade_muted_matisse.png,jpeg,1024,1024,3.4,3.4,SMALL-PRINT
Geode Inn/Zones/zones,zone_L3_main_floor_matisse.png,png,1024,1008,3.4,3.4,SMALL-PRINT
Geode Inn/Zones/zones,zone_L3_main_floor_matisse_original.png,jpeg,1024,1024,3.4,3.4,SMALL-PRINT
Geode Inn/Zones/zones,zone_L3_main_floor_matisse_subtle.png,png,1024,1008,3.4,3.4,SMALL-PRINT
Geode Inn/Zones/zones,zone_L4_campgrounds_mucha.png,jpeg,1024,1024,3.4,3.4,SMALL-PRINT
Geode Inn/Zones/zones,zone_L5_staircase_escher.png,jpeg,1024,1024,3.4,3.4,SMALL-PRINT
Geode Inn/Zones/zones,zone_L6_catacombs_goya.png,jpeg,1024,1024,3.4,3.4,SMALL-PRINT
Geode Inn/Zones/zones,zone_L7_faerie_rackham.png,jpeg,1024,1024,3.4,3.4,SMALL-PRINT
Geode Inn/Zones/zones,zone_L8_water_vampire_d.png,jpeg,1024,1024,3.4,3.4,SMALL-PRINT
Geode Inn/Zones/zones,zone_L9_undercity_klimt.png,jpeg,1024,1024,3.4,3.4,SMALL-PRINT
Geode Inn/Zones/zones,zone_L9_undercity_klimt_v2.png,jpeg,1024,1024,3.4,3.4,SMALL-PRINT
Geode Inn/Zones/zones,zone_fae_crystal_gardens.jpg,jpeg,1920,1080,6.4,3.6,CARD-READY
Geode Inn/Zones/zones,zone_fae_hollow.jpg,jpeg,1920,1080,6.4,3.6,CARD-READY
Geode Inn/Zones/zones,zone_fae_stone_circle.jpg,jpeg,1280,720,4.3,2.4,SMALL-PRINT
Geode Inn/Zones/zones,zone_fae_summerlands.jpg,jpeg,1920,1080,6.4,3.6,CARD-READY
Geode Inn/Zones/zones,zone_fae_the_between.jpg,jpeg,1280,720,4.3,2.4,SMALL-PRINT
Geode Inn/Zones/zones,zone_fae_threshold.jpg,jpeg,1920,1080,6.4,3.6,CARD-READY
Geode Inn/Zones/zones,zone_mf_artisan_market.jpg,jpeg,1280,720,4.3,2.4,SMALL-PRINT
Geode Inn/Zones/zones,zone_mf_artisan_market.jpg,jpeg,1280,720,4.3,2.4,SMALL-PRINT
Geode Inn/Zones/zones,zone_mf_central_hearth.jpg,jpeg,1920,1080,6.4,3.6,CARD-READY
Geode Inn/Zones/zones,zone_mf_central_hearth.jpg,jpeg,1920,1080,6.4,3.6,CARD-READY
Geode Inn/Zones/zones,zone_mf_modern_legends.jpg,jpeg,1280,720,4.3,2.4,SMALL-PRINT
Geode Inn/Zones/zones,zone_mf_modern_legends.jpg,jpeg,1280,720,4.3,2.4,SMALL-PRINT
Geode Inn/Zones/zones,zone_mf_modern_religions.jpg,jpeg,1280,720,4.3,2.4,SMALL-PRINT
Geode Inn/Zones/zones,zone_st_alchemical_landing.jpg,jpeg,1280,720,4.3,2.4,SMALL-PRINT
Geode Inn/Zones/zones,zone_st_alchemical_landing.jpg,jpeg,1280,720,4.3,2.4,SMALL-PRINT
Geode Inn/Zones/zones,zone_st_alembic_window.jpg,jpeg,1920,1080,6.4,3.6,CARD-READY
Geode Inn/Zones/zones,zone_st_alembic_window.jpg,jpeg,1920,1080,6.4,3.6,CARD-READY
Geode Inn/Zones/zones,zone_st_transformation.jpg,jpeg,1920,1080,6.4,3.6,CARD-READY
Geode Inn/Zones/zones,zone_st_transformation.jpg,jpeg,1920,1080,6.4,3.6,CARD-READY
Geode Inn/Zones/zones,zone_up_allfathers_throne.jpg,jpeg,1280,720,4.3,2.4,SMALL-PRINT
Geode Inn/Zones/zones,zone_up_ascension_canopy.jpg,jpeg,1280,720,4.3,2.4,SMALL-PRINT
Geode Inn/Zones/zones,zone_up_ascension_canopy.jpg,jpeg,1280,720,4.3,2.4,SMALL-PRINT
Geode Inn/Zones/zones,zone_up_cosmology_mural.jpg,jpeg,1280,720,4.3,2.4,SMALL-PRINT
Geode Inn/Zones/zones,zone_up_cosmology_mural.jpg,jpeg,1280,720,4.3,2.4,SMALL-PRINT
Geode Inn/Zones/zones,zone_up_planet_chamber.jpg,jpeg,1280,720,4.3,2.4,SMALL-PRINT
Geode Inn/Zones/zones,zone_up_planet_chamber.jpg,jpeg,1280,720,4.3,2.4,SMALL-PRINT
Geode Inn/Zones/zones,zone_wm_andean_highlands.jpg,jpeg,1280,720,4.3,2.4,SMALL-PRINT
Geode Inn/Zones/zones,zone_wm_andean_highlands.jpg,jpeg,1280,720,4.3,2.4,SMALL-PRINT
Geode Inn/Zones/zones,zone_wm_celtic_highlands.jpg,jpeg,1280,720,4.3,2.4,SMALL-PRINT
Geode Inn/Zones/zones,zone_wm_celtic_highlands.jpg,jpeg,1280,720,4.3,2.4,SMALL-PRINT
Geode Inn/Zones/zones,zone_wm_egyptian_desert.jpg,jpeg,1280,720,4.3,2.4,SMALL-PRINT
Geode Inn/Zones/zones,zone_wm_egyptian_desert.jpg,jpeg,1280,720,4.3,2.4,SMALL-PRINT
Geode Inn/Zones/zones,zone_wm_japanese_temple.jpg,jpeg,1280,720,4.3,2.4,SMALL-PRINT
Geode Inn/Zones/zones,zone_wm_japanese_temple.jpg,jpeg,1280,720,4.3,2.4,SMALL-PRINT
Geode Inn/Zones/zones,zone_wm_norse_coast.jpg,jpeg,1920,1080,6.4,3.6,CARD-READY
Geode Inn/Zones/zones,zone_wm_norse_coast.jpg,jpeg,1920,1080,6.4,3.6,CARD-READY
Geode Inn/Zones/zones,zone_wm_parchment_world.jpg,jpeg,1280,720,4.3,2.4,SMALL-PRINT
Geode Inn/Zones/zones,zone_wm_parchment_world.jpg,jpeg,1280,720,4.3,2.4,SMALL-PRINT
Geode Inn/Zones/zones,zone_wm_stonehenge.jpg,jpeg,1280,720,4.3,2.4,SMALL-PRINT
Geode Inn/Zones/zones,zone_wm_stonehenge.jpg,jpeg,1280,720,4.3,2.4,SMALL-PRINT
Geode Inn/Zones/zones,zone_wm_transylvanian_forest.jpg,jpeg,1280,720,4.3,2.4,SMALL-PRINT
Geode Inn/Zones/zones,zone_wm_transylvanian_forest.jpg,jpeg,1280,720,4.3,2.4,SMALL-PRINT
Geode Inn/all building components for game,Bohemian Rhapsody — Necklace Design.png,jpeg,1024,1024,3.4,3.4,SMALL-PRINT
Geode Inn/all building components for game,Geode Inn — River the Sentinel (Concept Art).png,jpeg,1024,1024,3.4,3.4,SMALL-PRINT
Geode Inn/all building components for game,Geode Inn — River the Sentinel (Concept Art).png,jpeg,1024,1024,3.4,3.4,SMALL-PRINT
Geode Inn/all building components for game,Undercity — Concept (Gothic-Klimt).png,jpeg,1024,1024,3.4,3.4,SMALL-PRINT
Geode Inn/all building components for game,adam_catacombs_watcher.png,jpeg,1024,1024,3.4,3.4,SMALL-PRINT
Geode Inn/all building components for game,adam_concept.png,jpeg,1024,1024,3.4,3.4,SMALL-PRINT
Geode Inn/all building components for game,adam_cosmology_reverent.png,jpeg,1024,1024,3.4,3.4,SMALL-PRINT
Geode Inn/all building components for game,adam_staircase_transformer.png,jpeg,1024,1024,3.4,3.4,SMALL-PRINT
Geode Inn/all building components for game,adam_undercity_sibling.png,jpeg,1024,1024,3.4,3.4,SMALL-PRINT
Geode Inn/all building components for game,adam_water_free.png,jpeg,1024,1024,3.4,3.4,SMALL-PRINT
Geode Inn/all building components for game,anna_concept.png,jpeg,1024,1024,3.4,3.4,SMALL-PRINT
Geode Inn/all building components for game,hades_v2.png,jpeg,1024,1024,3.4,3.4,SMALL-PRINT
Geode Inn/all building components for game,jay_concept.png,jpeg,1024,1024,3.4,3.4,SMALL-PRINT
Geode Inn/all building components for game,jay_tavern_campgrounds.png,jpeg,1024,1024,3.4,3.4,SMALL-PRINT
Geode Inn/all building components for game,jay_voltaire_vibe.png,jpeg,1024,1024,3.4,3.4,SMALL-PRINT
Geode Inn/all building components for game,persephone_v2.png,jpeg,1024,1024,3.4,3.4,SMALL-PRINT
Geode Inn/all building components for game,the_cook_v2.png,jpeg,1024,1024,3.4,3.4,SMALL-PRINT
Geode Inn/all building components for game,the_pirate_v2.png,jpeg,1024,1024,3.4,3.4,SMALL-PRINT
Geode Inn/all building components for game,the_siren_v2.png,jpeg,1024,1024,3.4,3.4,SMALL-PRINT
Geode Inn/all building components for game,undercity_blacksmith.png,jpeg,1024,1024,3.4,3.4,SMALL-PRINT
Geode Inn/all building components for game,undercity_clockmaker.png,jpeg,1024,1024,3.4,3.4,SMALL-PRINT
Geode Inn/all building components for game,undercity_concept_klimt_gold.png,jpeg,1024,1024,3.4,3.4,SMALL-PRINT
Geode Inn/all building components for game/Concept Art — Aug 28 Session (76 images),Albert Einstein.png,png,,,,,UNKNOWN
Geode Inn/all building components for game/Concept Art — Aug 28 Session (76 images),Ammonite Sovereign Canadian Rockies Shadow.png,png,,,,,UNKNOWN
Geode Inn/all building components for game/Concept Art — Aug 28 Session (76 images),Beverley the Librarian.png,png,,,,,UNKNOWN
Geode Inn/all building components for game/Concept Art — Aug 28 Session (76 images),Charles Chameleon Druid.png,png,,,,,UNKNOWN
Geode Inn/all building components for game/Concept Art — Aug 28 Session (76 images),Charon.png,png,,,,,UNKNOWN
Geode Inn/all building components for game/Concept Art — Aug 28 Session (76 images),Cthulhu the Scholar.png,png,,,,,UNKNOWN
Geode Inn/all building components for game/Concept Art — Aug 28 Session (76 images),Eileen.png,png,,,,,UNKNOWN
Geode Inn/all building components for game/Concept Art — Aug 28 Session (76 images),Eres the Cabbit The Constant's Companion.png,png,,,,,UNKNOWN
Geode Inn/all building components for game/Concept Art — Aug 28 Session (76 images),Fossilized Leviathan Atlantis Shadow.png,png,,,,,UNKNOWN
Geode Inn/all building components for game/Concept Art — Aug 28 Session (76 images),Frost-Inked Ormr Norse Realms Shadow.png,png,,,,,UNKNOWN
Geode Inn/all building components for game/Concept Art — Aug 28 Session (76 images),Gilgamesh the Petrified Mesopotamia Shadow.png,png,,,,,UNKNOWN
Geode Inn/all building components for game/Concept Art — Aug 28 Session (76 images),Hel.png,png,,,,,UNKNOWN
Geode Inn/all building components for game/Concept Art — Aug 28 Session (76 images),Leonardo da Vinci.png,png,,,,,UNKNOWN
Geode Inn/all building components for game/Concept Art — Aug 28 Session (76 images),Madame Mim.png,png,,,,,UNKNOWN
Geode Inn/all building components for game/Concept Art — Aug 28 Session (76 images),Medusa.png,png,,,,,UNKNOWN
Geode Inn/all building components for game/Concept Art — Aug 28 Session (76 images),Merlin and Archimedes.png,png,,,,,UNKNOWN
Geode Inn/all building components for game/Concept Art — Aug 28 Session (76 images),Newton.png,png,,,,,UNKNOWN
Geode Inn/all building components for game/Concept Art — Aug 28 Session (76 images),Nightshade Matron Poison Garden Shadow.png,png,,,,,UNKNOWN
Geode Inn/all building components for game/Concept Art — Aug 28 Session (76 images),Nikola Tesla.png,png,,,,,UNKNOWN
Geode Inn/all building components for game/Concept Art — Aug 28 Session (76 images),Odin the Allfather.png,png,,,,,UNKNOWN
Geode Inn/all building components for game/Concept Art — Aug 28 Session (76 images),Odin the Wanderer.png,png,,,,,UNKNOWN
Geode Inn/all building components for game/Concept Art — Aug 28 Session (76 images),Persephone and Hades.png,png,,,,,UNKNOWN
Geode Inn/all building components for game/Concept Art — Aug 28 Session (76 images),Petrified Hymn Redwood Cathedral Shadow.png,png,,,,,UNKNOWN
Geode Inn/all building components for game/Concept Art — Aug 28 Session (76 images),Prism of Reinvention Meadery Shadow.png,png,,,,,UNKNOWN
Geode Inn/all building components for game/Concept Art — Aug 28 Session (76 images),Royo Playing Card Deck.png,png,,,,,UNKNOWN
Geode Inn/all building components for game/Concept Art — Aug 28 Session (76 images),Seelie King and Queen.png,png,,,,,UNKNOWN
Geode Inn/all building components for game/Concept Art — Aug 28 Session (76 images),Subtractive Archon Cave City Shadow.png,png,,,,,UNKNOWN
Geode Inn/all building components for game/Concept Art — Aug 28 Session (76 images),The Artisan Thief.png,png,,,,,UNKNOWN
Geode Inn/all building components for game/Concept Art — Aug 28 Session (76 images),The Astronomer.png,png,,,,,UNKNOWN
Geode Inn/all building components for game/Concept Art — Aug 28 Session (76 images),The Bard Blowhard Dad.png,png,,,,,UNKNOWN
Geode Inn/all building components for game/Concept Art — Aug 28 Session (76 images),The Bone Room Marijke's Room.png,png,,,,,UNKNOWN
Geode Inn/all building components for game/Concept Art — Aug 28 Session (76 images),The Brownies.png,png,,,,,UNKNOWN
Geode Inn/all building components for game/Concept Art — Aug 28 Session (76 images),The Catalyst Bartender.png,png,,,,,UNKNOWN
Geode Inn/all building components for game/Concept Art — Aug 28 Session (76 images),The Ceiling Gnome.png,png,,,,,UNKNOWN
Geode Inn/all building components for game/Concept Art — Aug 28 Session (76 images),The Constant.png,png,,,,,UNKNOWN
Geode Inn/all building components for game/Concept Art — Aug 28 Session (76 images),The Cosmic Crew.png,png,,,,,UNKNOWN
Geode Inn/all building components for game/Concept Art — Aug 28 Session (76 images),The Council of Thinkers.png,png,,,,,UNKNOWN
Geode Inn/all building components for game/Concept Art — Aug 28 Session (76 images),The Crone.png,png,,,,,UNKNOWN
Geode Inn/all building components for game/Concept Art — Aug 28 Session (76 images),The Drowned Cathedral Water Zone Shadow.png,png,,,,,UNKNOWN
Geode Inn/all building components for game/Concept Art — Aug 28 Session (76 images),The Ents.png,png,,,,,UNKNOWN
Geode Inn/all building components for game/Concept Art — Aug 28 Session (76 images),The Examiner Fragment 849 Quest Chain.png,png,,,,,UNKNOWN
Geode Inn/all building components for game/Concept Art — Aug 28 Session (76 images),The Faberge Egg Seven-Layer Endgame Puzzle.png,png,,,,,UNKNOWN
Geode Inn/all building components for game/Concept Art — Aug 28 Session (76 images),The Fallen Forest Canopy City Shadow.png,png,,,,,UNKNOWN
Geode Inn/all building components for game/Concept Art — Aug 28 Session (76 images),The Fallen Pantheon Greece Shadow.png,png,,,,,UNKNOWN
Geode Inn/all building components for game/Concept Art — Aug 28 Session (76 images),The Fixer Wrought.png,png,,,,,UNKNOWN
Geode Inn/all building components for game/Concept Art — Aug 28 Session (76 images),The Frozen Court Fae Kingdom Shadow.png,png,,,,,UNKNOWN
Geode Inn/all building components for game/Concept Art — Aug 28 Session (76 images),The Gardener Radagast.png,png,,,,,UNKNOWN
Geode Inn/all building components for game/Concept Art — Aug 28 Session (76 images),The Gold City Undercity Shadow.png,png,,,,,UNKNOWN
Geode Inn/all building components for game/Concept Art — Aug 28 Session (76 images),The Guest Death.png,png,,,,,UNKNOWN
Geode Inn/all building components for game/Concept Art — Aug 28 Session (76 images),The Keeper Aughra.png,png,,,,,UNKNOWN
Geode Inn/all building components for game/Concept Art — Aug 28 Session (76 images),The Laughing One Story-Born Ent.png,png,,,,,UNKNOWN
Geode Inn/all building components for game/Concept Art — Aug 28 Session (76 images),The Living Book System Interactive Literature.png,png,,,,,UNKNOWN
Geode Inn/all building components for game/Concept Art — Aug 28 Session (76 images),The Mirror Camelot's Erised Layer.png,png,,,,,UNKNOWN
Geode Inn/all building components for game/Concept Art — Aug 28 Session (76 images),The Morrigan.png,png,,,,,UNKNOWN
Geode Inn/all building components for game/Concept Art — Aug 28 Session (76 images),The Owl.png,png,,,,,UNKNOWN
Geode Inn/all building components for game/Concept Art — Aug 28 Session (76 images),The Pirate Inigo After Quest.png,png,,,,,UNKNOWN
Geode Inn/all building components for game/Concept Art — Aug 28 Session (76 images),The Pulse Line Visual Heartbeat UI.png,png,,,,,UNKNOWN
Geode Inn/all building components for game/Concept Art — Aug 28 Session (76 images),The Queen of Roots.png,png,,,,,UNKNOWN
Geode Inn/all building components for game/Concept Art — Aug 28 Session (76 images),The Queen of Words.png,png,,,,,UNKNOWN
Geode Inn/all building components for game/Concept Art — Aug 28 Session (76 images),The Sealed Tomb Egypt Shadow.png,png,,,,,UNKNOWN
Geode Inn/all building components for game/Concept Art — Aug 28 Session (76 images),The Shifting Man.png,png,,,,,UNKNOWN
Geode Inn/all building components for game/Concept Art — Aug 28 Session (76 images),The Siren.png,png,,,,,UNKNOWN
Geode Inn/all building components for game/Concept Art — Aug 28 Session (76 images),The Smiths.png,png,,,,,UNKNOWN
Geode Inn/all building components for game/Concept Art — Aug 28 Session (76 images),The Song of Making Stone Circle Chamber.png,png,,,,,UNKNOWN
Geode Inn/all building components for game/Concept Art — Aug 28 Session (76 images),The Stopped Clock Clockwork Skies Shadow.png,png,,,,,UNKNOWN
Geode Inn/all building components for game/Concept Art — Aug 28 Session (76 images),The Storyteller Tim Curry NPC.png,png,,,,,UNKNOWN
Geode Inn/all building components for game/Concept Art — Aug 28 Session (76 images),The Thrum.png,png,,,,,UNKNOWN
Geode Inn/all building components for game/Concept Art — Aug 28 Session (76 images),The Tinker Tinkering Weeaboo.png,png,,,,,UNKNOWN
Geode Inn/all building components for game/Concept Art — Aug 28 Session (76 images),The Unseelie King.png,png,,,,,UNKNOWN
Geode Inn/all building components for game/Concept Art — Aug 28 Session (76 images),The Vanir Freyr and Freyja.png,png,,,,,UNKNOWN
Geode Inn/all building components for game/Concept Art — Aug 28 Session (76 images),The Waking Mountain Peru Shadow.png,png,,,,,UNKNOWN
Geode Inn/all building components for game/Concept Art — Aug 28 Session (76 images),Thorin and Marijke.png,png,,,,,UNKNOWN
Geode Inn/all building components for game/Game emulator files/Bios/Ppsspp,7z.png,png,80,80,0.3,0.3,SCREEN-ONLY
Geode Inn/all building components for game/Game emulator files/Bios/Ppsspp,rargray.png,png,80,80,0.3,0.3,SCREEN-ONLY
Geode Inn/all building components for game/Game emulator files/Bios/Ppsspp,unknown.png,png,144,80,0.5,0.3,SCREEN-ONLY
Geode Inn/all building components for game/Game emulator files/Bios/Ppsspp,zip.png,png,80,80,0.3,0.3,SCREEN-ONLY
Geode Inn/all building components for game/Game emulator files/Drastic,DraStic.png,png,111,111,0.4,0.4,SCREEN-ONLY
Geode Inn/all building components for game/all gathered art for the game,10_ammit_the_devourer.png,png,,,,,UNKNOWN
Geode Inn/all building components for game/all gathered art for the game,10_ammit_the_devourer.png,jpeg,1024,1024,3.4,3.4,SMALL-PRINT
Geode Inn/all building components for game/all gathered art for the game,10_ammit_the_devourer.png,jpeg,1024,1024,3.4,3.4,SMALL-PRINT
Geode Inn/all building components for game/all gathered art for the game,10_ammit_the_devourer.png,jpeg,1024,1024,3.4,3.4,SMALL-PRINT
Geode Inn/all building components for game/all gathered art for the game,10_ammit_the_devourer.png,jpeg,1024,1024,3.4,3.4,SMALL-PRINT
Geode Inn/all building components for game/all gathered art for the game,10_ammit_the_devourer.png,jpeg,1024,1024,3.4,3.4,SMALL-PRINT
Geode Inn/all building components for game/all gathered art for the game,11_anubis_the_guide.png,png,,,,,UNKNOWN
Geode Inn/all building components for game/all gathered art for the game,11_anubis_the_guide.png,jpeg,1024,1024,3.4,3.4,SMALL-PRINT
Geode Inn/all building components for game/all gathered art for the game,11_anubis_the_guide.png,jpeg,1024,1024,3.4,3.4,SMALL-PRINT
Geode Inn/all building components for game/all gathered art for the game,11_anubis_the_guide.png,jpeg,1024,1024,3.4,3.4,SMALL-PRINT
Geode Inn/all building components for game/all gathered art for the game,11_anubis_the_guide.png,jpeg,1024,1024,3.4,3.4,SMALL-PRINT
Geode Inn/all building components for game/all gathered art for the game,11_anubis_the_guide.png,jpeg,1024,1024,3.4,3.4,SMALL-PRINT
Geode Inn/all building components for game/all gathered art for the game,12_el_muki.png,png,,,,,UNKNOWN
Geode Inn/all building components for game/all gathered art for the game,12_el_muki.png,jpeg,1024,1024,3.4,3.4,SMALL-PRINT
Geode Inn/all building components for game/all gathered art for the game,12_el_muki.png,jpeg,1024,1024,3.4,3.4,SMALL-PRINT
Geode Inn/all building components for game/all gathered art for the game,12_el_muki.png,jpeg,1024,1024,3.4,3.4,SMALL-PRINT
Geode Inn/all building components for game/all gathered art for the game,12_el_muki.png,jpeg,1024,1024,3.4,3.4,SMALL-PRINT
Geode Inn/all building components for game/all gathered art for the game,12_el_muki.png,jpeg,1024,1024,3.4,3.4,SMALL-PRINT
Geode Inn/all building components for game/all gathered art for the game,13_medusa.png,png,,,,,UNKNOWN
Geode Inn/all building components for game/all gathered art for the game,13_medusa.png,jpeg,1024,1024,3.4,3.4,SMALL-PRINT
Geode Inn/all building components for game/all gathered art for the game,13_medusa.png,jpeg,1024,1024,3.4,3.4,SMALL-PRINT
Geode Inn/all building components for game/all gathered art for the game,13_medusa.png,jpeg,1024,1024,3.4,3.4,SMALL-PRINT
Geode Inn/all building components for game/all gathered art for the game,13_medusa.png,jpeg,1024,1024,3.4,3.4,SMALL-PRINT
Geode Inn/all building components for game/all gathered art for the game,13_medusa.png,jpeg,1024,1024,3.4,3.4,SMALL-PRINT
Geode Inn/all building components for game/all gathered art for the game,14_quetzalcoatl.png,png,,,,,UNKNOWN
Geode Inn/all building components for game/all gathered art for the game,14_quetzalcoatl.png,jpeg,1024,1024,3.4,3.4,SMALL-PRINT
Geode Inn/all building components for game/all gathered art for the game,14_quetzalcoatl.png,jpeg,1024,1024,3.4,3.4,SMALL-PRINT
Geode Inn/all building components for game/all gathered art for the game,14_quetzalcoatl.png,jpeg,1024,1024,3.4,3.4,SMALL-PRINT
Geode Inn/all building components for game/all gathered art for the game,14_quetzalcoatl.png,jpeg,1024,1024,3.4,3.4,SMALL-PRINT
Geode Inn/all building components for game/all gathered art for the game,14_quetzalcoatl.png,jpeg,1024,1024,3.4,3.4,SMALL-PRINT
Geode Inn/all building components for game/all gathered art for the game,15_djinn.png,png,,,,,UNKNOWN
Geode Inn/all building components for game/all gathered art for the game,15_djinn.png,jpeg,1024,1024,3.4,3.4,SMALL-PRINT
Geode Inn/all building components for game/all gathered art for the game,15_djinn.png,jpeg,1024,1024,3.4,3.4,SMALL-PRINT
Geode Inn/all building components for game/all gathered art for the game,15_djinn.png,jpeg,1024,1024,3.4,3.4,SMALL-PRINT
Geode Inn/all building components for game/all gathered art for the game,15_djinn.png,jpeg,1024,1024,3.4,3.4,SMALL-PRINT
Geode Inn/all building components for game/all gathered art for the game,15_djinn.png,jpeg,1024,1024,3.4,3.4,SMALL-PRINT
Geode Inn/all building components for game/all gathered art for the game,16_kitsune.png,png,,,,,UNKNOWN
Geode Inn/all building components for game/all gathered art for the game,16_kitsune.png,jpeg,1024,1024,3.4,3.4,SMALL-PRINT
Geode Inn/all building components for game/all gathered art for the game,16_kitsune.png,jpeg,1024,1024,3.4,3.4,SMALL-PRINT
Geode Inn/all building components for game/all gathered art for the game,16_kitsune.png,jpeg,1024,1024,3.4,3.4,SMALL-PRINT
Geode Inn/all building components for game/all gathered art for the game,16_kitsune.png,jpeg,1024,1024,3.4,3.4,SMALL-PRINT
Geode Inn/all building components for game/all gathered art for the game,16_kitsune.png,jpeg,1024,1024,3.4,3.4,SMALL-PRINT
Geode Inn/all building components for game/all gathered art for the game,17_naga.png,png,,,,,UNKNOWN
Geode Inn/all building components for game/all gathered art for the game,17_naga.png,jpeg,1024,1024,3.4,3.4,SMALL-PRINT
Geode Inn/all building components for game/all gathered art for the game,17_naga.png,jpeg,1024,1024,3.4,3.4,SMALL-PRINT
Geode Inn/all building components for game/all gathered art for the game,17_naga.png,jpeg,1024,1024,3.4,3.4,SMALL-PRINT
Geode Inn/all building components for game/all gathered art for the game,17_naga.png,jpeg,1024,1024,3.4,3.4,SMALL-PRINT
Geode Inn/all building components for game/all gathered art for the game,17_naga.png,jpeg,1024,1024,3.4,3.4,SMALL-PRINT
Geode Inn/all building components for game/all gathered art for the game,18_moai_spirit.png,png,,,,,UNKNOWN
Geode Inn/all building components for game/all gathered art for the game,18_moai_spirit.png,jpeg,1024,1024,3.4,3.4,SMALL-PRINT
Geode Inn/all building components for game/all gathered art for the game,18_moai_spirit.png,jpeg,1024,1024,3.4,3.4,SMALL-PRINT
Geode Inn/all building components for game/all gathered art for the game,18_moai_spirit.png,jpeg,1024,1024,3.4,3.4,SMALL-PRINT
Geode Inn/all building components for game/all gathered art for the game,18_moai_spirit.png,jpeg,1024,1024,3.4,3.4,SMALL-PRINT
Geode Inn/all building components for game/all gathered art for the game,18_moai_spirit.png,jpeg,1024,1024,3.4,3.4,SMALL-PRINT
Geode Inn/all building components for game/all gathered art for the game,19_chullachaqui.png,png,,,,,UNKNOWN
Geode Inn/all building components for game/all gathered art for the game,19_chullachaqui.png,jpeg,1024,1024,3.4,3.4,SMALL-PRINT
Geode Inn/all building components for game/all gathered art for the game,19_chullachaqui.png,jpeg,1024,1024,3.4,3.4,SMALL-PRINT
Geode Inn/all building components for game/all gathered art for the game,19_chullachaqui.png,jpeg,1024,1024,3.4,3.4,SMALL-PRINT
Geode Inn/all building components for game/all gathered art for the game,19_chullachaqui.png,jpeg,1024,1024,3.4,3.4,SMALL-PRINT
Geode Inn/all building components for game/all gathered art for the game,19_chullachaqui.png,jpeg,1024,1024,3.4,3.4,SMALL-PRINT
Geode Inn/all building components for game/all gathered art for the game,1_seelie_fae_summer_court.png,jpeg,1024,1024,3.4,3.4,SMALL-PRINT
Geode Inn/all building components for game/all gathered art for the game,1_seelie_fae_summer_court.png,jpeg,1024,1024,3.4,3.4,SMALL-PRINT
Geode Inn/all building components for game/all gathered art for the game,1_seelie_fae_summer_court.png,jpeg,1024,1024,3.4,3.4,SMALL-PRINT
Geode Inn/all building components for game/all gathered art for the game,1_seelie_fae_summer_court.png,jpeg,1024,1024,3.4,3.4,SMALL-PRINT
Geode Inn/all building components for game/all gathered art for the game,1_seelie_fae_summer_court.png,jpeg,1024,1024,3.4,3.4,SMALL-PRINT
Geode Inn/all building components for game/all gathered art for the game,20_mermaid_npc.png,png,,,,,UNKNOWN
Geode Inn/all building components for game/all gathered art for the game,20_mermaid_npc.png,jpeg,1024,1024,3.4,3.4,SMALL-PRINT
Geode Inn/all building components for game/all gathered art for the game,20_mermaid_npc.png,jpeg,1024,1024,3.4,3.4,SMALL-PRINT
Geode Inn/all building components for game/all gathered art for the game,20_mermaid_npc.png,jpeg,1024,1024,3.4,3.4,SMALL-PRINT
Geode Inn/all building components for game/all gathered art for the game,20_mermaid_npc.png,jpeg,1024,1024,3.4,3.4,SMALL-PRINT
Geode Inn/all building components for game/all gathered art for the game,20_mermaid_npc.png,jpeg,1024,1024,3.4,3.4,SMALL-PRINT
Geode Inn/all building components for game/all gathered art for the game,21_orc_guard.png,png,,,,,UNKNOWN
Geode Inn/all building components for game/all gathered art for the game,21_orc_guard.png,jpeg,1024,1024,3.4,3.4,SMALL-PRINT
Geode Inn/all building components for game/all gathered art for the game,21_orc_guard.png,jpeg,1024,1024,3.4,3.4,SMALL-PRINT
Geode Inn/all building components for game/all gathered art for the game,21_orc_guard.png,jpeg,1024,1024,3.4,3.4,SMALL-PRINT
Geode Inn/all building components for game/all gathered art for the game,21_orc_guard.png,jpeg,1024,1024,3.4,3.4,SMALL-PRINT
Geode Inn/all building components for game/all gathered art for the game,21_orc_guard.png,jpeg,1024,1024,3.4,3.4,SMALL-PRINT
Geode Inn/all building components for game/all gathered art for the game,22_bastet.png,png,,,,,UNKNOWN
Geode Inn/all building components for game/all gathered art for the game,22_bastet.png,jpeg,1024,1024,3.4,3.4,SMALL-PRINT
Geode Inn/all building components for game/all gathered art for the game,22_bastet.png,jpeg,1024,1024,3.4,3.4,SMALL-PRINT
Geode Inn/all building components for game/all gathered art for the game,22_bastet.png,jpeg,1024,1024,3.4,3.4,SMALL-PRINT
Geode Inn/all building components for game/all gathered art for the game,22_bastet.png,jpeg,1024,1024,3.4,3.4,SMALL-PRINT
Geode Inn/all building components for game/all gathered art for the game,23_the_owl_full_presence.png,png,,,,,UNKNOWN
Geode Inn/all building components for game/all gathered art for the game,23_the_owl_full_presence.png,jpeg,1024,1024,3.4,3.4,SMALL-PRINT
Geode Inn/all building components for game/all gathered art for the game,23_the_owl_full_presence.png,jpeg,1024,1024,3.4,3.4,SMALL-PRINT
Geode Inn/all building components for game/all gathered art for the game,23_the_owl_full_presence.png,jpeg,1024,1024,3.4,3.4,SMALL-PRINT
Geode Inn/all building components for game/all gathered art for the game,23_the_owl_full_presence.png,jpeg,1024,1024,3.4,3.4,SMALL-PRINT
Geode Inn/all building components for game/all gathered art for the game,24_the_wanderer_odin__approachable_form.png,png,,,,,UNKNOWN
Geode Inn/all building components for game/all gathered art for the game,24_the_wanderer_odin__approachable_form.png,jpeg,1024,1024,3.4,3.4,SMALL-PRINT
Geode Inn/all building components for game/all gathered art for the game,24_the_wanderer_odin__approachable_form.png,jpeg,1024,1024,3.4,3.4,SMALL-PRINT
Geode Inn/all building components for game/all gathered art for the game,24_the_wanderer_odin__approachable_form.png,jpeg,1024,1024,3.4,3.4,SMALL-PRINT
Geode Inn/all building components for game/all gathered art for the game,24_the_wanderer_odin__approachable_form.png,jpeg,1024,1024,3.4,3.4,SMALL-PRINT
Geode Inn/all building components for game/all gathered art for the game,25_the_allfather_odin__authoritative_form.png,png,,,,,UNKNOWN
Geode Inn/all building components for game/all gathered art for the game,25_the_allfather_odin__authoritative_form.png,jpeg,1024,1024,3.4,3.4,SMALL-PRINT
Geode Inn/all building components for game/all gathered art for the game,25_the_allfather_odin__authoritative_form.png,jpeg,1024,1024,3.4,3.4,SMALL-PRINT
Geode Inn/all building components for game/all gathered art for the game,25_the_allfather_odin__authoritative_form.png,jpeg,1024,1024,3.4,3.4,SMALL-PRINT
Geode Inn/all building components for game/all gathered art for the game,25_the_allfather_odin__authoritative_form.png,jpeg,1024,1024,3.4,3.4,SMALL-PRINT
Geode Inn/all building components for game/all gathered art for the game,26_the_architect_of_stairs_unseelie_court__the_maze_maker.png,png,,,,,UNKNOWN
Geode Inn/all building components for game/all gathered art for the game,26_the_architect_of_stairs_unseelie_court__the_maze_maker.png,jpeg,1024,1024,3.4,3.4,SMALL-PRINT
Geode Inn/all building components for game/all gathered art for the game,26_the_architect_of_stairs_unseelie_court__the_maze_maker.png,jpeg,1024,1024,3.4,3.4,SMALL-PRINT
Geode Inn/all building components for game/all gathered art for the game,26_the_architect_of_stairs_unseelie_court__the_maze_maker.png,jpeg,1024,1024,3.4,3.4,SMALL-PRINT
Geode Inn/all building components for game/all gathered art for the game,26_the_architect_of_stairs_unseelie_court__the_maze_maker.png,jpeg,1024,1024,3.4,3.4,SMALL-PRINT
Geode Inn/all building components for game/all gathered art for the game,26_the_scholar_cthulhu__ambulatory_patron.png,png,,,,,UNKNOWN
Geode Inn/all building components for game/all gathered art for the game,26_the_scholar_cthulhu__ambulatory_patron.png,jpeg,1024,1024,3.4,3.4,SMALL-PRINT
Geode Inn/all building components for game/all gathered art for the game,26_the_scholar_cthulhu__ambulatory_patron.png,jpeg,1024,1024,3.4,3.4,SMALL-PRINT
Geode Inn/all building components for game/all gathered art for the game,26_the_scholar_cthulhu__ambulatory_patron.png,jpeg,1024,1024,3.4,3.4,SMALL-PRINT
Geode Inn/all building components for game/all gathered art for the game,26_the_scholar_cthulhu__ambulatory_patron.png,jpeg,1024,1024,3.4,3.4,SMALL-PRINT
Geode Inn/all building components for game/all gathered art for the game,27_the_cabbit_cosmology_level__the_pirates_vessel.png,png,,,,,UNKNOWN
Geode Inn/all building components for game/all gathered art for the game,27_the_cabbit_cosmology_level__the_pirates_vessel.png,jpeg,1024,1024,3.4,3.4,SMALL-PRINT
Geode Inn/all building components for game/all gathered art for the game,27_the_cabbit_cosmology_level__the_pirates_vessel.png,jpeg,1024,1024,3.4,3.4,SMALL-PRINT
Geode Inn/all building components for game/all gathered art for the game,27_the_cabbit_cosmology_level__the_pirates_vessel.png,jpeg,1024,1024,3.4,3.4,SMALL-PRINT
Geode Inn/all building components for game/all gathered art for the game,27_the_cabbit_cosmology_level__the_pirates_vessel.png,jpeg,1024,1024,3.4,3.4,SMALL-PRINT
Geode Inn/all building components for game/all gathered art for the game,2_unseelie_fae_winter_court.png,jpeg,1024,1024,3.4,3.4,SMALL-PRINT
Geode Inn/all building components for game/all gathered art for the game,2_unseelie_fae_winter_court.png,jpeg,1024,1024,3.4,3.4,SMALL-PRINT
Geode Inn/all building components for game/all gathered art for the game,2_unseelie_fae_winter_court.png,jpeg,1024,1024,3.4,3.4,SMALL-PRINT
Geode Inn/all building components for game/all gathered art for the game,2_unseelie_fae_winter_court.png,jpeg,1024,1024,3.4,3.4,SMALL-PRINT
Geode Inn/all building components for game/all gathered art for the game,2_unseelie_fae_winter_court.png,jpeg,1024,1024,3.4,3.4,SMALL-PRINT
Geode Inn/all building components for game/all gathered art for the game,2_unseelie_fae_winter_court.png,jpeg,1024,1024,3.4,3.4,SMALL-PRINT
Geode Inn/all building components for game/all gathered art for the game,3_the_morrigan.png,jpeg,1024,1024,3.4,3.4,SMALL-PRINT
Geode Inn/all building components for game/all gathered art for the game,3_the_morrigan.png,jpeg,1024,1024,3.4,3.4,SMALL-PRINT
Geode Inn/all building components for game/all gathered art for the game,3_the_morrigan.png,jpeg,1024,1024,3.4,3.4,SMALL-PRINT
Geode Inn/all building components for game/all gathered art for the game,3_the_morrigan.png,jpeg,1024,1024,3.4,3.4,SMALL-PRINT
Geode Inn/all building components for game/all gathered art for the game,3_the_morrigan.png,jpeg,1024,1024,3.4,3.4,SMALL-PRINT
Geode Inn/all building components for game/all gathered art for the game,3_the_morrigan.png,jpeg,1024,1024,3.4,3.4,SMALL-PRINT
Geode Inn/all building components for game/all gathered art for the game,4_goblin_merchant.png,jpeg,1024,1024,3.4,3.4,SMALL-PRINT
Geode Inn/all building components for game/all gathered art for the game,4_goblin_merchant.png,jpeg,1024,1024,3.4,3.4,SMALL-PRINT
Geode Inn/all building components for game/all gathered art for the game,4_goblin_merchant.png,jpeg,1024,1024,3.4,3.4,SMALL-PRINT
Geode Inn/all building components for game/all gathered art for the game,4_goblin_merchant.png,jpeg,1024,1024,3.4,3.4,SMALL-PRINT
Geode Inn/all building components for game/all gathered art for the game,4_goblin_merchant.png,jpeg,1024,1024,3.4,3.4,SMALL-PRINT
Geode Inn/all building components for game/all gathered art for the game,4_goblin_merchant.png,jpeg,1024,1024,3.4,3.4,SMALL-PRINT
Geode Inn/all building components for game/all gathered art for the game,5_troll_gatekeeper.png,jpeg,1024,1024,3.4,3.4,SMALL-PRINT
Geode Inn/all building components for game/all gathered art for the game,5_troll_gatekeeper.png,jpeg,1024,1024,3.4,3.4,SMALL-PRINT
Geode Inn/all building components for game/all gathered art for the game,5_troll_gatekeeper.png,jpeg,1024,1024,3.4,3.4,SMALL-PRINT
Geode Inn/all building components for game/all gathered art for the game,5_troll_gatekeeper.png,jpeg,1024,1024,3.4,3.4,SMALL-PRINT
Geode Inn/all building components for game/all gathered art for the game,5_troll_gatekeeper.png,jpeg,1024,1024,3.4,3.4,SMALL-PRINT
Geode Inn/all building components for game/all gathered art for the game,5_troll_gatekeeper.png,jpeg,1024,1024,3.4,3.4,SMALL-PRINT
Geode Inn/all building components for game/all gathered art for the game,6_dwarf_blacksmith_thorin-inspired.png,jpeg,1024,1024,3.4,3.4,SMALL-PRINT
Geode Inn/all building components for game/all gathered art for the game,6_dwarf_blacksmith_thorin-inspired.png,jpeg,1024,1024,3.4,3.4,SMALL-PRINT
Geode Inn/all building components for game/all gathered art for the game,6_dwarf_blacksmith_thorin-inspired.png,jpeg,1024,1024,3.4,3.4,SMALL-PRINT
Geode Inn/all building components for game/all gathered art for the game,6_dwarf_blacksmith_thorin-inspired.png,jpeg,1024,1024,3.4,3.4,SMALL-PRINT
Geode Inn/all building components for game/all gathered art for the game,6_dwarf_blacksmith_thorin-inspired.png,jpeg,1024,1024,3.4,3.4,SMALL-PRINT
Geode Inn/all building components for game/all gathered art for the game,6_dwarf_blacksmith_thorin-inspired.png,jpeg,1024,1024,3.4,3.4,SMALL-PRINT
Geode Inn/all building components for game/all gathered art for the game,7_ent_guardian.png,jpeg,1024,1024,3.4,3.4,SMALL-PRINT
Geode Inn/all building components for game/all gathered art for the game,7_ent_guardian.png,jpeg,1024,1024,3.4,3.4,SMALL-PRINT
Geode Inn/all building components for game/all gathered art for the game,7_ent_guardian.png,jpeg,1024,1024,3.4,3.4,SMALL-PRINT
Geode Inn/all building components for game/all gathered art for the game,7_ent_guardian.png,jpeg,1024,1024,3.4,3.4,SMALL-PRINT
Geode Inn/all building components for game/all gathered art for the game,7_ent_guardian.png,jpeg,1024,1024,3.4,3.4,SMALL-PRINT
Geode Inn/all building components for game/all gathered art for the game,7_ent_guardian.png,jpeg,1024,1024,3.4,3.4,SMALL-PRINT
Geode Inn/all building components for game/all gathered art for the game,7z(1).png,png,,,,,UNKNOWN
Geode Inn/all building components for game/all gathered art for the game,7z.png,png,80,80,0.3,0.3,SCREEN-ONLY
Geode Inn/all building components for game/all gathered art for the game,8_griffin_boss.png,png,,,,,UNKNOWN
Geode Inn/all building components for game/all gathered art for the game,8_griffin_boss.png,jpeg,1024,1024,3.4,3.4,SMALL-PRINT
Geode Inn/all building components for game/all gathered art for the game,8_griffin_boss.png,jpeg,1024,1024,3.4,3.4,SMALL-PRINT
Geode Inn/all building components for game/all gathered art for the game,8_griffin_boss.png,jpeg,1024,1024,3.4,3.4,SMALL-PRINT
Geode Inn/all building components for game/all gathered art for the game,8_griffin_boss.png,jpeg,1024,1024,3.4,3.4,SMALL-PRINT
Geode Inn/all building components for game/all gathered art for the game,8_griffin_boss.png,jpeg,1024,1024,3.4,3.4,SMALL-PRINT
Geode Inn/all building components for game/all gathered art for the game,9_anansi_the_trickster.png,png,,,,,UNKNOWN
Geode Inn/all building components for game/all gathered art for the game,9_anansi_the_trickster.png,jpeg,1024,1024,3.4,3.4,SMALL-PRINT
Geode Inn/all building components for game/all gathered art for the game,9_anansi_the_trickster.png,jpeg,1024,1024,3.4,3.4,SMALL-PRINT
Geode Inn/all building components for game/all gathered art for the game,9_anansi_the_trickster.png,jpeg,1024,1024,3.4,3.4,SMALL-PRINT
Geode Inn/all building components for game/all gathered art for the game,9_anansi_the_trickster.png,jpeg,1024,1024,3.4,3.4,SMALL-PRINT
Geode Inn/all building components for game/all gathered art for the game,9_anansi_the_trickster.png,jpeg,1024,1024,3.4,3.4,SMALL-PRINT
Geode Inn/all building components for game/all gathered art for the game,Andra — Siren (Deep Water).png,jpeg,1024,1024,3.4,3.4,SMALL-PRINT
Geode Inn/all building components for game/all gathered art for the game,Andra — Siren (Land).png,jpeg,1024,1024,3.4,3.4,SMALL-PRINT
Geode Inn/all building components for game/all gathered art for the game,Bastet.png,png,,,,,UNKNOWN
Geode Inn/all building components for game/all gathered art for the game,Belladonna.png,png,,,,,UNKNOWN
Geode Inn/all building components for game/all gathered art for the game,Beorn(1).png,png,,,,,UNKNOWN
Geode Inn/all building components for game/all gathered art for the game,Beverley — Original Portrait (Alt).png,png,,,,,UNKNOWN
Geode Inn/all building components for game/all gathered art for the game,"ChatGPT Image Apr 22, 2026, 08_20_51 PM.png",png,,,,,UNKNOWN
Geode Inn/all building components for game/all gathered art for the game,"ChatGPT Image Apr 22, 2026, 08_21_48 PM.png",png,,,,,UNKNOWN
Geode Inn/all building components for game/all gathered art for the game,"ChatGPT Image Apr 22, 2026, 08_23_48 PM.png",png,2172,724,7.2,2.4,SMALL-PRINT
Geode Inn/all building components for game/all gathered art for the game,"ChatGPT Image Apr 22, 2026, 08_27_54 PM.png",png,1983,793,6.6,2.6,SMALL-PRINT
Geode Inn/all building components for game/all gathered art for the game,"ChatGPT Image May 1, 2026, 09_15_46 AM.png",png,1024,1024,3.4,3.4,SMALL-PRINT
Geode Inn/all building components for game/all gathered art for the game,"ChatGPT Image May 13, 2026, 03_43_04 PM.png",png,1254,1254,4.2,4.2,SMALL-PRINT
Geode Inn/all building components for game/all gathered art for the game,"ChatGPT Image May 13, 2026, 03_47_18 PM.png",png,1254,1254,4.2,4.2,SMALL-PRINT
Geode Inn/all building components for game/all gathered art for the game,"ChatGPT Image May 13, 2026, 03_50_13 PM.png",png,1254,1254,4.2,4.2,SMALL-PRINT
Geode Inn/all building components for game/all gathered art for the game,"ChatGPT Image May 13, 2026, 03_52_07 PM.png",png,1254,1254,4.2,4.2,SMALL-PRINT
Geode Inn/all building components for game/all gathered art for the game,"ChatGPT Image May 13, 2026, 03_55_19 PM.png",png,1254,1254,4.2,4.2,SMALL-PRINT
Geode Inn/all building components for game/all gathered art for the game,"ChatGPT Image May 13, 2026, 03_59_10 PM.png",png,1024,1536,3.4,5.1,CARD-READY
Geode Inn/all building components for game/all gathered art for the game,"ChatGPT Image May 13, 2026, 04_02_30 PM.png",png,1024,1536,3.4,5.1,CARD-READY
Geode Inn/all building components for game/all gathered art for the game,"ChatGPT Image May 13, 2026, 04_03_32 PM.png",png,1086,1448,3.6,4.8,CARD-READY
Geode Inn/all building components for game/all gathered art for the game,"ChatGPT Image May 13, 2026, 04_35_30 PM.png",png,1086,1448,3.6,4.8,CARD-READY
Geode Inn/all building components for game/all gathered art for the game,"ChatGPT Image May 14, 2026, 08_24_39 AM(1).png",png,1086,1448,3.6,4.8,CARD-READY
Geode Inn/all building components for game/all gathered art for the game,"ChatGPT Image May 14, 2026, 08_24_39 AM.png",png,1086,1448,3.6,4.8,CARD-READY
Geode Inn/all building components for game/all gathered art for the game,"ChatGPT Image May 14, 2026, 08_41_42 AM(1).png",png,1086,1448,3.6,4.8,CARD-READY
Geode Inn/all building components for game/all gathered art for the game,"ChatGPT Image May 14, 2026, 08_41_42 AM.png",png,1086,1448,3.6,4.8,CARD-READY
Geode Inn/all building components for game/all gathered art for the game,"ChatGPT Image May 20, 2026, 09_54_26 AM.png",png,1254,1254,4.2,4.2,SMALL-PRINT
Geode Inn/all building components for game/all gathered art for the game,DraStic(1).png,png,111,111,0.4,0.4,SCREEN-ONLY
Geode Inn/all building components for game/all gathered art for the game,DraStic.png,png,111,111,0.4,0.4,SCREEN-ONLY
Geode Inn/all building components for game/all gathered art for the game,Eres 1.png,jpeg,1024,1024,3.4,3.4,SMALL-PRINT
Geode Inn/all building components for game/all gathered art for the game,Firekeeper — Early Portrait (Alt).png,jpeg,1024,1024,3.4,3.4,SMALL-PRINT
Geode Inn/all building components for game/all gathered art for the game,Geode Inn — Bone Room (Concept Art).png,jpeg,1024,1024,3.4,3.4,SMALL-PRINT
Geode Inn/all building components for game/all gathered art for the game,Geode Inn — Emblem (Albedo)(1).png,jpeg,1024,1024,3.4,3.4,SMALL-PRINT
Geode Inn/all building components for game/all gathered art for the game,Geode Inn — Emblem (Albedo).png,jpeg,1024,1024,3.4,3.4,SMALL-PRINT
Geode Inn/all building components for game/all gathered art for the game,Geode Inn — Emblem (Citrinitas).png,jpeg,1024,1024,3.4,3.4,SMALL-PRINT
Geode Inn/all building components for game/all gathered art for the game,Geode Inn — Emblem (Nigredo)(1).png,jpeg,1024,1024,3.4,3.4,SMALL-PRINT
Geode Inn/all building components for game/all gathered art for the game,Geode Inn — Emblem (Nigredo).png,jpeg,1024,1024,3.4,3.4,SMALL-PRINT
Geode Inn/all building components for game/all gathered art for the game,Geode Inn — Emblem (Philosopher_Stone)(1).png,jpeg,1024,1024,3.4,3.4,SMALL-PRINT
Geode Inn/all building components for game/all gathered art for the game,Geode Inn — Emblem (Philosopher_Stone).png,jpeg,1024,1024,3.4,3.4,SMALL-PRINT
Geode Inn/all building components for game/all gathered art for the game,Geode Inn — Emblem (Rubedo)(1).png,jpeg,1024,1024,3.4,3.4,SMALL-PRINT
Geode Inn/all building components for game/all gathered art for the game,Geode Inn — Emblem (Rubedo).png,jpeg,1024,1024,3.4,3.4,SMALL-PRINT
Geode Inn/all building components for game/all gathered art for the game,Geode Inn — Emblem Albedo (Stage 2)(1).png,jpeg,1024,1024,3.4,3.4,SMALL-PRINT
Geode Inn/all building components for game/all gathered art for the game,Geode Inn — Emblem Albedo (Stage 2).png,jpeg,1024,1024,3.4,3.4,SMALL-PRINT
Geode Inn/all building components for game/all gathered art for the game,Geode Inn — Emblem Citrinitas (Stage 3)(1).png,jpeg,1024,1024,3.4,3.4,SMALL-PRINT
Geode Inn/all building components for game/all gathered art for the game,Geode Inn — Emblem Citrinitas (Stage 3).png,jpeg,1024,1024,3.4,3.4,SMALL-PRINT
Geode Inn/all building components for game/all gathered art for the game,Geode Inn — Emblem Nigredo (Stage 1).png,jpeg,1024,1024,3.4,3.4,SMALL-PRINT
Geode Inn/all building components for game/all gathered art for the game,Geode Inn — Emblem Philosopher's Stone (Stage 5).png,jpeg,1024,1024,3.4,3.4,SMALL-PRINT
Geode Inn/all building components for game/all gathered art for the game,Geode_Inn_—_Viking_Ship_Mead_Hall.jpg,jpeg,1024,1024,3.4,3.4,SMALL-PRINT
Geode Inn/all building components for game/all gathered art for the game,Zee — Merman (Deep Water).png,jpeg,1024,1024,3.4,3.4,SMALL-PRINT
Geode Inn/all building components for game/all gathered art for the game,Zee — Pirate (Land).png,jpeg,1024,1024,3.4,3.4,SMALL-PRINT
Geode Inn/all building components for game/all gathered art for the game,andean_highlands.jpg,jpeg,1280,720,4.3,2.4,SMALL-PRINT
Geode Inn/all building components for game/all gathered art for the game,andean_highlands.jpg,jpeg,1280,720,4.3,2.4,SMALL-PRINT
Geode Inn/all building components for game/all gathered art for the game,ariadnes thread.png,png,,,,,UNKNOWN
Geode Inn/all building components for game/all gathered art for the game,ariadnes_thread.png,png,,,,,UNKNOWN
Geode Inn/all building components for game/all gathered art for the game,artisan_thief_selkie.png,png,,,,,UNKNOWN
Geode Inn/all building components for game/all gathered art for the game,asterion(1).png,png,,,,,UNKNOWN
Geode Inn/all building components for game/all gathered art for the game,asterion.png,png,,,,,UNKNOWN
Geode Inn/all building components for game/all gathered art for the game,aughra(1).png,png,,,,,UNKNOWN
Geode Inn/all building components for game/all gathered art for the game,aughra.png,png,,,,,UNKNOWN
Geode Inn/all building components for game/all gathered art for the game,banner 1.png,png,,,,,UNKNOWN
Geode Inn/all building components for game/all gathered art for the game,banner 2.png,png,,,,,UNKNOWN
Geode Inn/all building components for game/all gathered art for the game,bard blowhard.png,png,,,,,UNKNOWN
Geode Inn/all building components for game/all gathered art for the game,bard_blowhard.png,png,,,,,UNKNOWN
Geode Inn/all building components for game/all gathered art for the game,beorn.png,png,,,,,UNKNOWN
Geode Inn/all building components for game/all gathered art for the game,brownies.png,png,,,,,UNKNOWN
Geode Inn/all building components for game/all gathered art for the game,bull lyre.png,png,,,,,UNKNOWN
Geode Inn/all building components for game/all gathered art for the game,bull_lyre_of_ur.png,png,,,,,UNKNOWN
Geode Inn/all building components for game/all gathered art for the game,catacombs_1-1_mid.jpg,jpeg,2206,946,7.4,3.2,CARD-READY
Geode Inn/all building components for game/all gathered art for the game,catacombs_1-1_mid.jpg,jpeg,2206,946,7.4,3.2,CARD-READY
Geode Inn/all building components for game/all gathered art for the game,catacombs_1-1_review.jpg,jpeg,2206,946,7.4,3.2,CARD-READY
Geode Inn/all building components for game/all gathered art for the game,catacombs_1-1_review.jpg,jpeg,2206,946,7.4,3.2,CARD-READY
Geode Inn/all building components for game/all gathered art for the game,catacombs_1-2_mid.jpg,jpeg,2206,946,7.4,3.2,CARD-READY
Geode Inn/all building components for game/all gathered art for the game,catacombs_2-1_review.jpg,jpeg,1280,720,4.3,2.4,SMALL-PRINT
Geode Inn/all building components for game/all gathered art for the game,catacombs_2-1_review.jpg,jpeg,1280,720,4.3,2.4,SMALL-PRINT
Geode Inn/all building components for game/all gathered art for the game,catacombs_3-1_review.jpg,jpeg,1280,720,4.3,2.4,SMALL-PRINT
Geode Inn/all building components for game/all gathered art for the game,catacombs_3-1_review.jpg,jpeg,1280,720,4.3,2.4,SMALL-PRINT
Geode Inn/all building components for game/all gathered art for the game,catacombs_4-1_review.jpg,jpeg,1280,720,4.3,2.4,SMALL-PRINT
Geode Inn/all building components for game/all gathered art for the game,catacombs_4-1_review.jpg,jpeg,1280,720,4.3,2.4,SMALL-PRINT
Geode Inn/all building components for game/all gathered art for the game,catacombs_4-1_review.jpg,jpeg,1280,720,4.3,2.4,SMALL-PRINT
Geode Inn/all building components for game/all gathered art for the game,catacombs_5-1_review.jpg,jpeg,1280,720,4.3,2.4,SMALL-PRINT
Geode Inn/all building components for game/all gathered art for the game,catacombs_5-1_review.jpg,jpeg,1280,720,4.3,2.4,SMALL-PRINT
Geode Inn/all building components for game/all gathered art for the game,catacombs_6-1_review.jpg,jpeg,1280,720,4.3,2.4,SMALL-PRINT
Geode Inn/all building components for game/all gathered art for the game,catacombs_6-1_review.jpg,jpeg,1280,720,4.3,2.4,SMALL-PRINT
Geode Inn/all building components for game/all gathered art for the game,catacombs_7-1_review.jpg,jpeg,1280,720,4.3,2.4,SMALL-PRINT
Geode Inn/all building components for game/all gathered art for the game,catacombs_7-1_review.jpg,jpeg,1280,720,4.3,2.4,SMALL-PRINT
Geode Inn/all building components for game/all gathered art for the game,catacombs_8-1_review.jpg,jpeg,1280,720,4.3,2.4,SMALL-PRINT
Geode Inn/all building components for game/all gathered art for the game,catacombs_8-1_review.jpg,jpeg,1280,720,4.3,2.4,SMALL-PRINT
Geode Inn/all building components for game/all gathered art for the game,celtic_highlands.jpg,jpeg,1280,720,4.3,2.4,SMALL-PRINT
Geode Inn/all building components for game/all gathered art for the game,celtic_highlands.jpg,jpeg,1280,720,4.3,2.4,SMALL-PRINT
Geode Inn/all building components for game/all gathered art for the game,charles.png,png,,,,,UNKNOWN
Geode Inn/all building components for game/all gathered art for the game,charles_chameleon_druid.png,png,,,,,UNKNOWN
Geode Inn/all building components for game/all gathered art for the game,charon(1).png,png,,,,,UNKNOWN
Geode Inn/all building components for game/all gathered art for the game,charon.png,png,,,,,UNKNOWN
Geode Inn/all building components for game/all gathered art for the game,charon.png,jpeg,1024,1024,3.4,3.4,SMALL-PRINT
Geode Inn/all building components for game/all gathered art for the game,chibi adaro.png,jpeg,1024,1024,3.4,3.4,SMALL-PRINT
Geode Inn/all building components for game/all gathered art for the game,chibi afanc.png,jpeg,1024,1024,3.4,3.4,SMALL-PRINT
Geode Inn/all building components for game/all gathered art for the game,chibi aido-hwedo.png,jpeg,1024,1024,3.4,3.4,SMALL-PRINT
Geode Inn/all building components for game/all gathered art for the game,chibi ammit the devourer.png,jpeg,1024,1024,3.4,3.4,SMALL-PRINT
Geode Inn/all building components for game/all gathered art for the game,chibi anansi the trickster.png,jpeg,1024,1024,3.4,3.4,SMALL-PRINT
Geode Inn/all building components for game/all gathered art for the game,chibi anubis the guide.png,jpeg,1024,1024,3.4,3.4,SMALL-PRINT
Geode Inn/all building components for game/all gathered art for the game,chibi arwe the serpent.png,jpeg,1024,1024,3.4,3.4,SMALL-PRINT
Geode Inn/all building components for game/all gathered art for the game,chibi ayia napa sea serpent.png,jpeg,1024,1024,3.4,3.4,SMALL-PRINT
Geode Inn/all building components for game/all gathered art for the game,chibi bakunawa.png,jpeg,1024,1024,3.4,3.4,SMALL-PRINT
Geode Inn/all building components for game/all gathered art for the game,chibi bastet.png,jpeg,1024,1024,3.4,3.4,SMALL-PRINT
Geode Inn/all building components for game/all gathered art for the game,chibi chullachaqui.png,jpeg,1024,1024,3.4,3.4,SMALL-PRINT
Geode Inn/all building components for game/all gathered art for the game,chibi djinn.png,jpeg,1024,1024,3.4,3.4,SMALL-PRINT
Geode Inn/all building components for game/all gathered art for the game,chibi draugen.png,jpeg,1024,1024,3.4,3.4,SMALL-PRINT
Geode Inn/all building components for game/all gathered art for the game,chibi el muki.png,jpeg,1024,1024,3.4,3.4,SMALL-PRINT
Geode Inn/all building components for game/all gathered art for the game,chibi grootslang.png,jpeg,1024,1024,3.4,3.4,SMALL-PRINT
Geode Inn/all building components for game/all gathered art for the game,chibi iara.png,jpeg,1024,1024,3.4,3.4,SMALL-PRINT
Geode Inn/all building components for game/all gathered art for the game,chibi inkanyamba.png,jpeg,1024,1024,3.4,3.4,SMALL-PRINT
Geode Inn/all building components for game/all gathered art for the game,chibi kelpie.png,jpeg,1024,1024,3.4,3.4,SMALL-PRINT
Geode Inn/all building components for game/all gathered art for the game,chibi kitsune.png,jpeg,1024,1024,3.4,3.4,SMALL-PRINT
Geode Inn/all building components for game/all gathered art for the game,chibi lusca.png,jpeg,1024,1024,3.4,3.4,SMALL-PRINT
Geode Inn/all building components for game/all gathered art for the game,chibi medusa.png,jpeg,1024,1024,3.4,3.4,SMALL-PRINT
Geode Inn/all building components for game/all gathered art for the game,chibi mermaid.png,jpeg,1024,1024,3.4,3.4,SMALL-PRINT
Geode Inn/all building components for game/all gathered art for the game,chibi moai spirit.png,jpeg,1024,1024,3.4,3.4,SMALL-PRINT
Geode Inn/all building components for game/all gathered art for the game,chibi mokele mbembe.png,jpeg,1024,1024,3.4,3.4,SMALL-PRINT
Geode Inn/all building components for game/all gathered art for the game,chibi mount emeis white snake bai suzhen.png,jpeg,1024,1024,3.4,3.4,SMALL-PRINT
Geode Inn/all building components for game/all gathered art for the game,chibi naga.png,jpeg,1024,1024,3.4,3.4,SMALL-PRINT
Geode Inn/all building components for game/all gathered art for the game,chibi nessie.png,jpeg,1024,1024,3.4,3.4,SMALL-PRINT
Geode Inn/all building components for game/all gathered art for the game,chibi ninki nanka.png,jpeg,1024,1024,3.4,3.4,SMALL-PRINT
Geode Inn/all building components for game/all gathered art for the game,chibi orc guard.png,jpeg,1024,1024,3.4,3.4,SMALL-PRINT
Geode Inn/all building components for game/all gathered art for the game,chibi quetzalcoatl.png,jpeg,1024,1024,3.4,3.4,SMALL-PRINT
Geode Inn/all building components for game/all gathered art for the game,chibi rusalka.png,jpeg,1024,1024,3.4,3.4,SMALL-PRINT
Geode Inn/all building components for game/all gathered art for the game,chibi selkie.png,jpeg,1024,1024,3.4,3.4,SMALL-PRINT
Geode Inn/all building components for game/all gathered art for the game,chibi taniwha.png,jpeg,1024,1024,3.4,3.4,SMALL-PRINT
Geode Inn/all building components for game/all gathered art for the game,chibi the altamaha ha.png,jpeg,1024,1024,3.4,3.4,SMALL-PRINT
Geode Inn/all building components for game/all gathered art for the game,chibi the bunyip.png,jpeg,1024,1024,3.4,3.4,SMALL-PRINT
Geode Inn/all building components for game/all gathered art for the game,chibi the lindwurm of klagenfurt.png,jpeg,1024,1024,3.4,3.4,SMALL-PRINT
Geode Inn/all building components for game/all gathered art for the game,chibi the lorelei.png,jpeg,1024,1024,3.4,3.4,SMALL-PRINT
Geode Inn/all building components for game/all gathered art for the game,chibi the miengu.png,jpeg,1024,1024,3.4,3.4,SMALL-PRINT
Geode Inn/all building components for game/all gathered art for the game,chibi the ningen.png,jpeg,1024,1024,3.4,3.4,SMALL-PRINT
Geode Inn/all building components for game/all gathered art for the game,chibi the rainbow serpent.png,jpeg,1024,1024,3.4,3.4,SMALL-PRINT
Geode Inn/all building components for game/all gathered art for the game,chibi the rannamaari.png,jpeg,1024,1024,3.4,3.4,SMALL-PRINT
Geode Inn/all building components for game/all gathered art for the game,chibi the tarasque.png,jpeg,1024,1024,3.4,3.4,SMALL-PRINT
Geode Inn/all building components for game/all gathered art for the game,chibi the wawel dragon smok wawelski.png,jpeg,1024,1024,3.4,3.4,SMALL-PRINT
Geode Inn/all building components for game/all gathered art for the game,chibi tiddalik the frog.png,jpeg,1024,1024,3.4,3.4,SMALL-PRINT
Geode Inn/all building components for game/all gathered art for the game,chibi tompondrano.png,jpeg,1024,1024,3.4,3.4,SMALL-PRINT
Geode Inn/all building components for game/all gathered art for the game,contact_sheet.jpg,jpeg,1660,1420,5.5,4.7,CARD-READY
Geode Inn/all building components for game/all gathered art for the game,contact_sheet.jpg,jpeg,1660,1420,5.5,4.7,CARD-READY
Geode Inn/all building components for game/all gathered art for the game,contact_sheet.jpg,jpeg,1660,1420,5.5,4.7,CARD-READY
Geode Inn/all building components for game/all gathered art for the game,cosmic egg.png,jpeg,1024,1024,3.4,3.4,SMALL-PRINT
Geode Inn/all building components for game/all gathered art for the game,cosmic_egg.png,jpeg,1024,1024,3.4,3.4,SMALL-PRINT
Geode Inn/all building components for game/all gathered art for the game,crew_cool_v2.png,jpeg,1024,1024,3.4,3.4,SMALL-PRINT
Geode Inn/all building components for game/all gathered art for the game,crew_goku.png,jpeg,1024,1024,3.4,3.4,SMALL-PRINT
Geode Inn/all building components for game/all gathered art for the game,crew_mamoru.png,jpeg,1024,1024,3.4,3.4,SMALL-PRINT
Geode Inn/all building components for game/all gathered art for the game,crew_motoko.png,jpeg,1024,1024,3.4,3.4,SMALL-PRINT
Geode Inn/all building components for game/all gathered art for the game,crew_philosopher_v2.png,jpeg,1024,1024,3.4,3.4,SMALL-PRINT
Geode Inn/all building components for game/all gathered art for the game,crew_protector_v2.png,jpeg,1024,1024,3.4,3.4,SMALL-PRINT
Geode Inn/all building components for game/all gathered art for the game,crew_pure_hearted_v2.png,jpeg,1024,1024,3.4,3.4,SMALL-PRINT
Geode Inn/all building components for game/all gathered art for the game,crew_reluctant_v2.png,jpeg,1024,1024,3.4,3.4,SMALL-PRINT
Geode Inn/all building components for game/all gathered art for the game,crew_ryoko.png,jpeg,1024,1024,3.4,3.4,SMALL-PRINT
Geode Inn/all building components for game/all gathered art for the game,crew_shinji.png,jpeg,1024,1024,3.4,3.4,SMALL-PRINT
Geode Inn/all building components for game/all gathered art for the game,crew_spike.png,jpeg,1024,1024,3.4,3.4,SMALL-PRINT
Geode Inn/all building components for game/all gathered art for the game,crossing_threshold.jpg,jpeg,1920,1080,6.4,3.6,CARD-READY
Geode Inn/all building components for game/all gathered art for the game,crossing_threshold.jpg,jpeg,1920,1080,6.4,3.6,CARD-READY
Geode Inn/all building components for game/all gathered art for the game,crystal_gardens.jpg,jpeg,1920,1080,6.4,3.6,CARD-READY
Geode Inn/all building components for game/all gathered art for the game,crystal_gardens.jpg,jpeg,1920,1080,6.4,3.6,CARD-READY
Geode Inn/all building components for game/all gathered art for the game,death_s music box.png,jpeg,1024,1024,3.4,3.4,SMALL-PRINT
Geode Inn/all building components for game/all gathered art for the game,deaths_music_box.png,jpeg,1024,1024,3.4,3.4,SMALL-PRINT
Geode Inn/all building components for game/all gathered art for the game,deaths_music_box.png,jpeg,1024,1024,3.4,3.4,SMALL-PRINT
Geode Inn/all building components for game/all gathered art for the game,dragon_mascot.png,jpeg,1024,1024,3.4,3.4,SMALL-PRINT
Geode Inn/all building components for game/all gathered art for the game,dragon_mascot.png,jpeg,1024,1024,3.4,3.4,SMALL-PRINT
Geode Inn/all building components for game/all gathered art for the game,drawing_hands_geode_logo.png,jpeg,1024,1024,3.4,3.4,SMALL-PRINT
Geode Inn/all building components for game/all gathered art for the game,dwarf blacksmith.png,jpeg,1024,1024,3.4,3.4,SMALL-PRINT
Geode Inn/all building components for game/all gathered art for the game,egyptian_desert.jpg,jpeg,1280,720,4.3,2.4,SMALL-PRINT
Geode Inn/all building components for game/all gathered art for the game,egyptian_desert.jpg,jpeg,1280,720,4.3,2.4,SMALL-PRINT
Geode Inn/all building components for game/all gathered art for the game,einstein(1).png,jpeg,1024,1024,3.4,3.4,SMALL-PRINT
Geode Inn/all building components for game/all gathered art for the game,einstein.png,jpeg,1024,1024,3.4,3.4,SMALL-PRINT
Geode Inn/all building components for game/all gathered art for the game,ent guardian.png,jpeg,1024,1024,3.4,3.4,SMALL-PRINT
Geode Inn/all building components for game/all gathered art for the game,eres 3.png,jpeg,1024,1024,3.4,3.4,SMALL-PRINT
Geode Inn/all building components for game/all gathered art for the game,erik 2.png,jpeg,1024,1024,3.4,3.4,SMALL-PRINT
Geode Inn/all building components for game/all gathered art for the game,erik.png,jpeg,1024,1024,3.4,3.4,SMALL-PRINT
Geode Inn/all building components for game/all gathered art for the game,erik_earl_ragnar.png,jpeg,1024,1024,3.4,3.4,SMALL-PRINT
Geode Inn/all building components for game/all gathered art for the game,fae_crystal_gardens_mid.jpg,jpeg,1920,1080,6.4,3.6,CARD-READY
Geode Inn/all building components for game/all gathered art for the game,fae_crystal_gardens_mid.jpg,jpeg,1920,1080,6.4,3.6,CARD-READY
Geode Inn/all building components for game/all gathered art for the game,fae_hollow_mid.jpg,jpeg,1920,1080,6.4,3.6,CARD-READY
Geode Inn/all building components for game/all gathered art for the game,fae_hollow_mid.jpg,jpeg,1920,1080,6.4,3.6,CARD-READY
Geode Inn/all building components for game/all gathered art for the game,fae_stone_circle_mid.jpg,jpeg,1280,720,4.3,2.4,SMALL-PRINT
Geode Inn/all building components for game/all gathered art for the game,fae_stone_circle_mid.jpg,jpeg,1280,720,4.3,2.4,SMALL-PRINT
Geode Inn/all building components for game/all gathered art for the game,fae_summerlands_mid.jpg,jpeg,1920,1080,6.4,3.6,CARD-READY
Geode Inn/all building components for game/all gathered art for the game,fae_summerlands_mid.jpg,jpeg,1920,1080,6.4,3.6,CARD-READY
Geode Inn/all building components for game/all gathered art for the game,fae_the_between_mid.jpg,jpeg,1280,720,4.3,2.4,SMALL-PRINT
Geode Inn/all building components for game/all gathered art for the game,fae_the_between_mid.jpg,jpeg,1280,720,4.3,2.4,SMALL-PRINT
Geode Inn/all building components for game/all gathered art for the game,fae_threshold_mid.jpg,jpeg,1920,1080,6.4,3.6,CARD-READY
Geode Inn/all building components for game/all gathered art for the game,fae_threshold_mid.jpg,jpeg,1920,1080,6.4,3.6,CARD-READY
Geode Inn/all building components for game/all gathered art for the game,five_smiths.png,jpeg,1024,1024,3.4,3.4,SMALL-PRINT
Geode Inn/all building components for game/all gathered art for the game,frame_01 (11).jpg,jpeg,1280,720,4.3,2.4,SMALL-PRINT
Geode Inn/all building components for game/all gathered art for the game,frame_01.jpg,jpeg,2206,946,7.4,3.2,CARD-READY
Geode Inn/all building components for game/all gathered art for the game,frame_01.jpg,jpeg,2206,946,7.4,3.2,CARD-READY
Geode Inn/all building components for game/all gathered art for the game,frame_01.jpg,jpeg,1280,720,4.3,2.4,SMALL-PRINT
Geode Inn/all building components for game/all gathered art for the game,frame_01.jpg,jpeg,1280,720,4.3,2.4,SMALL-PRINT
Geode Inn/all building components for game/all gathered art for the game,frame_01.jpg,jpeg,1280,720,4.3,2.4,SMALL-PRINT
Geode Inn/all building components for game/all gathered art for the game,frame_01.jpg,jpeg,1280,720,4.3,2.4,SMALL-PRINT
Geode Inn/all building components for game/all gathered art for the game,frame_01.jpg,jpeg,1280,720,4.3,2.4,SMALL-PRINT
Geode Inn/all building components for game/all gathered art for the game,frame_01.jpg,jpeg,2206,946,7.4,3.2,CARD-READY
Geode Inn/all building components for game/all gathered art for the game,frame_01.jpg,jpeg,1280,720,4.3,2.4,SMALL-PRINT
Geode Inn/all building components for game/all gathered art for the game,frame_01.jpg,jpeg,1280,720,4.3,2.4,SMALL-PRINT
Geode Inn/all building components for game/all gathered art for the game,frame_01.jpg,jpeg,1280,720,4.3,2.4,SMALL-PRINT
Geode Inn/all building components for game/all gathered art for the game,frame_01.jpg,jpeg,1280,720,4.3,2.4,SMALL-PRINT
Geode Inn/all building components for game/all gathered art for the game,frame_01.jpg,jpeg,1280,720,4.3,2.4,SMALL-PRINT
Geode Inn/all building components for game/all gathered art for the game,frame_01.jpg,jpeg,1280,720,4.3,2.4,SMALL-PRINT
Geode Inn/all building components for game/all gathered art for the game,frame_01.jpg,jpeg,1280,720,4.3,2.4,SMALL-PRINT
Geode Inn/all building components for game/all gathered art for the game,frame_01.jpg,jpeg,2206,946,7.4,3.2,CARD-READY
Geode Inn/all building components for game/all gathered art for the game,frame_01.jpg,jpeg,1280,720,4.3,2.4,SMALL-PRINT
Geode Inn/all building components for game/all gathered art for the game,frame_01.jpg,jpeg,1280,720,4.3,2.4,SMALL-PRINT
Geode Inn/all building components for game/all gathered art for the game,frame_01.jpg,jpeg,1280,720,4.3,2.4,SMALL-PRINT
Geode Inn/all building components for game/all gathered art for the game,frame_01.jpg,jpeg,1280,720,4.3,2.4,SMALL-PRINT
Geode Inn/all building components for game/all gathered art for the game,frame_01.jpg,jpeg,1280,720,4.3,2.4,SMALL-PRINT
Geode Inn/all building components for game/all gathered art for the game,frame_01.jpg,jpeg,1280,720,4.3,2.4,SMALL-PRINT
Geode Inn/all building components for game/all gathered art for the game,frame_01.jpg,jpeg,1280,720,4.3,2.4,SMALL-PRINT
Geode Inn/all building components for game/all gathered art for the game,frame_01.jpg,jpeg,1280,720,4.3,2.4,SMALL-PRINT
Geode Inn/all building components for game/all gathered art for the game,frame_01.jpg,jpeg,1280,720,4.3,2.4,SMALL-PRINT
Geode Inn/all building components for game/all gathered art for the game,frame_01.jpg,jpeg,1280,720,4.3,2.4,SMALL-PRINT
Geode Inn/all building components for game/all gathered art for the game,frame_01.jpg,jpeg,1280,720,4.3,2.4,SMALL-PRINT
Geode Inn/all building components for game/all gathered art for the game,frame_01.jpg,jpeg,1280,720,4.3,2.4,SMALL-PRINT
Geode Inn/all building components for game/all gathered art for the game,frame_01.jpg,jpeg,1280,720,4.3,2.4,SMALL-PRINT
Geode Inn/all building components for game/all gathered art for the game,frame_01.jpg,jpeg,1280,720,4.3,2.4,SMALL-PRINT
Geode Inn/all building components for game/all gathered art for the game,frame_01.jpg,jpeg,1280,720,4.3,2.4,SMALL-PRINT
Geode Inn/all building components for game/all gathered art for the game,frame_01.jpg,jpeg,1280,720,4.3,2.4,SMALL-PRINT
Geode Inn/all building components for game/all gathered art for the game,frame_01.jpg,jpeg,2206,946,7.4,3.2,CARD-READY
Geode Inn/all building components for game/all gathered art for the game,frame_01.jpg,jpeg,1280,720,4.3,2.4,SMALL-PRINT
Geode Inn/all building components for game/all gathered art for the game,frame_01.jpg,jpeg,2206,946,7.4,3.2,CARD-READY
Geode Inn/all building components for game/all gathered art for the game,frame_01.jpg,jpeg,1280,720,4.3,2.4,SMALL-PRINT
Geode Inn/all building components for game/all gathered art for the game,frame_01.jpg,jpeg,2206,946,7.4,3.2,CARD-READY
Geode Inn/all building components for game/all gathered art for the game,frame_01.jpg,jpeg,2206,946,7.4,3.2,CARD-READY
Geode Inn/all building components for game/all gathered art for the game,frame_01.jpg,jpeg,2206,946,7.4,3.2,CARD-READY
Geode Inn/all building components for game/all gathered art for the game,frame_01.jpg,jpeg,2206,946,7.4,3.2,CARD-READY
Geode Inn/all building components for game/all gathered art for the game,frame_01.jpg,jpeg,1280,720,4.3,2.4,SMALL-PRINT
Geode Inn/all building components for game/all gathered art for the game,frame_01.jpg,jpeg,1280,720,4.3,2.4,SMALL-PRINT
Geode Inn/all building components for game/all gathered art for the game,frame_01.jpg,jpeg,640,360,2.1,1.2,SCREEN-ONLY
Geode Inn/all building components for game/all gathered art for the game,frame_01.jpg,jpeg,1280,720,4.3,2.4,SMALL-PRINT
Geode Inn/all building components for game/all gathered art for the game,frame_01.jpg,jpeg,1280,720,4.3,2.4,SMALL-PRINT
Geode Inn/all building components for game/all gathered art for the game,frame_01.jpg,jpeg,1280,720,4.3,2.4,SMALL-PRINT
Geode Inn/all building components for game/all gathered art for the game,frame_01.jpg,jpeg,640,360,2.1,1.2,SCREEN-ONLY
Geode Inn/all building components for game/all gathered art for the game,frame_01.jpg,jpeg,1920,1080,6.4,3.6,CARD-READY
Geode Inn/all building components for game/all gathered art for the game,frame_01.jpg,jpeg,1280,720,4.3,2.4,SMALL-PRINT
Geode Inn/all building components for game/all gathered art for the game,frame_01.jpg,jpeg,1280,720,4.3,2.4,SMALL-PRINT
Geode Inn/all building components for game/all gathered art for the game,frame_01.jpg,jpeg,1280,720,4.3,2.4,SMALL-PRINT
Geode Inn/all building components for game/all gathered art for the game,frame_01.jpg,jpeg,1920,1080,6.4,3.6,CARD-READY
Geode Inn/all building components for game/all gathered art for the game,frame_01.jpg,jpeg,1920,1080,6.4,3.6,CARD-READY
Geode Inn/all building components for game/all gathered art for the game,frame_01.jpg,jpeg,1280,720,4.3,2.4,SMALL-PRINT
Geode Inn/all building components for game/all gathered art for the game,frame_01.jpg,jpeg,1280,720,4.3,2.4,SMALL-PRINT
Geode Inn/all building components for game/all gathered art for the game,frame_01.jpg,jpeg,1920,1080,6.4,3.6,CARD-READY
Geode Inn/all building components for game/all gathered art for the game,frame_01.jpg,jpeg,1920,1080,6.4,3.6,CARD-READY
Geode Inn/all building components for game/all gathered art for the game,frame_01.jpg,jpeg,1280,720,4.3,2.4,SMALL-PRINT
Geode Inn/all building components for game/all gathered art for the game,frame_01.jpg,jpeg,1280,720,4.3,2.4,SMALL-PRINT
Geode Inn/all building components for game/all gathered art for the game,frame_01.jpg,jpeg,1920,1080,6.4,3.6,CARD-READY
Geode Inn/all building components for game/all gathered art for the game,frame_01.jpg,jpeg,1920,1080,6.4,3.6,CARD-READY
Geode Inn/all building components for game/all gathered art for the game,frame_01.jpg,jpeg,1920,1080,6.4,3.6,CARD-READY
Geode Inn/all building components for game/all gathered art for the game,frame_01.jpg,jpeg,1280,720,4.3,2.4,SMALL-PRINT
Geode Inn/all building components for game/all gathered art for the game,frame_01.jpg,jpeg,1920,1080,6.4,3.6,CARD-READY
Geode Inn/all building components for game/all gathered art for the game,frame_01.jpg,jpeg,1920,1080,6.4,3.6,CARD-READY
Geode Inn/all building components for game/all gathered art for the game,frame_01.jpg,jpeg,1280,720,4.3,2.4,SMALL-PRINT
Geode Inn/all building components for game/all gathered art for the game,frame_01.jpg,jpeg,1280,720,4.3,2.4,SMALL-PRINT
Geode Inn/all building components for game/all gathered art for the game,frame_01.jpg,jpeg,1280,720,4.3,2.4,SMALL-PRINT
Geode Inn/all building components for game/all gathered art for the game,frame_01.jpg,jpeg,1920,1080,6.4,3.6,CARD-READY
Geode Inn/all building components for game/all gathered art for the game,frame_01.jpg,jpeg,1280,720,4.3,2.4,SMALL-PRINT
Geode Inn/all building components for game/all gathered art for the game,frame_01.jpg,jpeg,1280,720,4.3,2.4,SMALL-PRINT
Geode Inn/all building components for game/all gathered art for the game,frame_01.jpg,jpeg,1280,720,4.3,2.4,SMALL-PRINT
Geode Inn/all building components for game/all gathered art for the game,frame_01.jpg,jpeg,1280,720,4.3,2.4,SMALL-PRINT
Geode Inn/all building components for game/all gathered art for the game,frame_01.jpg,jpeg,1280,720,4.3,2.4,SMALL-PRINT
Geode Inn/all building components for game/all gathered art for the game,frame_01.jpg,jpeg,1280,720,4.3,2.4,SMALL-PRINT
Geode Inn/all building components for game/all gathered art for the game,frame_01.jpg,jpeg,1280,720,4.3,2.4,SMALL-PRINT
Geode Inn/all building components for game/all gathered art for the game,frame_01.jpg,jpeg,1280,720,4.3,2.4,SMALL-PRINT
Geode Inn/all building components for game/all gathered art for the game,frame_01.jpg,jpeg,1920,1080,6.4,3.6,CARD-READY
Geode Inn/all building components for game/all gathered art for the game,frame_01.jpg,jpeg,1920,1080,6.4,3.6,CARD-READY
Geode Inn/all building components for game/all gathered art for the game,frame_01.jpg,jpeg,1280,720,4.3,2.4,SMALL-PRINT
Geode Inn/all building components for game/all gathered art for the game,frame_01.jpg,jpeg,640,360,2.1,1.2,SCREEN-ONLY
Geode Inn/all building components for game/all gathered art for the game,frame_01.jpg,jpeg,1280,720,4.3,2.4,SMALL-PRINT
Geode Inn/all building components for game/all gathered art for the game,frame_01.jpg,jpeg,1280,720,4.3,2.4,SMALL-PRINT
Geode Inn/all building components for game/all gathered art for the game,frame_01.jpg,jpeg,1920,1080,6.4,3.6,CARD-READY
Geode Inn/all building components for game/all gathered art for the game,frame_01.jpg,jpeg,1280,720,4.3,2.4,SMALL-PRINT
Geode Inn/all building components for game/all gathered art for the game,frame_01.jpg,jpeg,1920,1080,6.4,3.6,CARD-READY
Geode Inn/all building components for game/all gathered art for the game,frame_01.jpg,jpeg,1280,720,4.3,2.4,SMALL-PRINT
Geode Inn/all building components for game/all gathered art for the game,frame_01.jpg,jpeg,1920,1080,6.4,3.6,CARD-READY
Geode Inn/all building components for game/all gathered art for the game,frame_01.jpg,jpeg,1280,720,4.3,2.4,SMALL-PRINT
Geode Inn/all building components for game/all gathered art for the game,frame_01.jpg,jpeg,1920,1080,6.4,3.6,CARD-READY
Geode Inn/all building components for game/all gathered art for the game,frame_01.jpg,jpeg,1920,1080,6.4,3.6,CARD-READY
Geode Inn/all building components for game/all gathered art for the game,frame_02.jpg,jpeg,2206,946,7.4,3.2,CARD-READY
Geode Inn/all building components for game/all gathered art for the game,frame_02.jpg,jpeg,1280,720,4.3,2.4,SMALL-PRINT
Geode Inn/all building components for game/all gathered art for the game,frame_02.jpg,jpeg,1280,720,4.3,2.4,SMALL-PRINT
Geode Inn/all building components for game/all gathered art for the game,frame_02.jpg,jpeg,2206,946,7.4,3.2,CARD-READY
Geode Inn/all building components for game/all gathered art for the game,frame_02.jpg,jpeg,1280,720,4.3,2.4,SMALL-PRINT
Geode Inn/all building components for game/all gathered art for the game,frame_02.jpg,jpeg,1280,720,4.3,2.4,SMALL-PRINT
Geode Inn/all building components for game/all gathered art for the game,frame_02.jpg,jpeg,2206,946,7.4,3.2,CARD-READY
Geode Inn/all building components for game/all gathered art for the game,frame_02.jpg,jpeg,2206,946,7.4,3.2,CARD-READY
Geode Inn/all building components for game/all gathered art for the game,frame_02.jpg,jpeg,1280,720,4.3,2.4,SMALL-PRINT
Geode Inn/all building components for game/all gathered art for the game,frame_02.jpg,jpeg,1280,720,4.3,2.4,SMALL-PRINT
Geode Inn/all building components for game/all gathered art for the game,frame_02.jpg,jpeg,640,360,2.1,1.2,SCREEN-ONLY
Geode Inn/all building components for game/all gathered art for the game,frame_02.jpg,jpeg,1920,1080,6.4,3.6,CARD-READY
Geode Inn/all building components for game/all gathered art for the game,frame_02.jpg,jpeg,1280,720,4.3,2.4,SMALL-PRINT
Geode Inn/all building components for game/all gathered art for the game,frame_02.jpg,jpeg,1280,720,4.3,2.4,SMALL-PRINT
Geode Inn/all building components for game/all gathered art for the game,frame_02.jpg,jpeg,640,360,2.1,1.2,SCREEN-ONLY
Geode Inn/all building components for game/all gathered art for the game,frame_02.jpg,jpeg,1920,1080,6.4,3.6,CARD-READY
Geode Inn/all building components for game/all gathered art for the game,frame_02.jpg,jpeg,1280,720,4.3,2.4,SMALL-PRINT
Geode Inn/all building components for game/all gathered art for the game,frame_02.jpg,jpeg,1280,720,4.3,2.4,SMALL-PRINT
Geode Inn/all building components for game/all gathered art for the game,frame_02.jpg,jpeg,1280,720,4.3,2.4,SMALL-PRINT
Geode Inn/all building components for game/all gathered art for the game,frame_02.jpg,jpeg,1920,1080,6.4,3.6,CARD-READY
Geode Inn/all building components for game/all gathered art for the game,frame_02.jpg,jpeg,1920,1080,6.4,3.6,CARD-READY
Geode Inn/all building components for game/all gathered art for the game,frame_02.jpg,jpeg,1280,720,4.3,2.4,SMALL-PRINT
Geode Inn/all building components for game/all gathered art for the game,frame_02.jpg,jpeg,1280,720,4.3,2.4,SMALL-PRINT
Geode Inn/all building components for game/all gathered art for the game,frame_02.jpg,jpeg,1920,1080,6.4,3.6,CARD-READY
Geode Inn/all building components for game/all gathered art for the game,frame_02.jpg,jpeg,1920,1080,6.4,3.6,CARD-READY
Geode Inn/all building components for game/all gathered art for the game,frame_02.jpg,jpeg,1280,720,4.3,2.4,SMALL-PRINT
Geode Inn/all building components for game/all gathered art for the game,frame_02.jpg,jpeg,1280,720,4.3,2.4,SMALL-PRINT
Geode Inn/all building components for game/all gathered art for the game,frame_02.jpg,jpeg,1920,1080,6.4,3.6,CARD-READY
Geode Inn/all building components for game/all gathered art for the game,frame_02.jpg,jpeg,1920,1080,6.4,3.6,CARD-READY
Geode Inn/all building components for game/all gathered art for the game,frame_02.jpg,jpeg,1920,1080,6.4,3.6,CARD-READY
Geode Inn/all building components for game/all gathered art for the game,frame_02.jpg,jpeg,1280,720,4.3,2.4,SMALL-PRINT
Geode Inn/all building components for game/all gathered art for the game,frame_02.jpg,jpeg,1920,1080,6.4,3.6,CARD-READY
Geode Inn/all building components for game/all gathered art for the game,frame_02.jpg,jpeg,1920,1080,6.4,3.6,CARD-READY
Geode Inn/all building components for game/all gathered art for the game,frame_02.jpg,jpeg,1280,720,4.3,2.4,SMALL-PRINT
Geode Inn/all building components for game/all gathered art for the game,frame_02.jpg,jpeg,1280,720,4.3,2.4,SMALL-PRINT
Geode Inn/all building components for game/all gathered art for the game,frame_02.jpg,jpeg,1280,720,4.3,2.4,SMALL-PRINT
Geode Inn/all building components for game/all gathered art for the game,frame_02.jpg,jpeg,1920,1080,6.4,3.6,CARD-READY
Geode Inn/all building components for game/all gathered art for the game,frame_02.jpg,jpeg,1280,720,4.3,2.4,SMALL-PRINT
Geode Inn/all building components for game/all gathered art for the game,frame_02.jpg,jpeg,1280,720,4.3,2.4,SMALL-PRINT
Geode Inn/all building components for game/all gathered art for the game,frame_02.jpg,jpeg,1280,720,4.3,2.4,SMALL-PRINT
Geode Inn/all building components for game/all gathered art for the game,frame_02.jpg,jpeg,1280,720,4.3,2.4,SMALL-PRINT
Geode Inn/all building components for game/all gathered art for the game,frame_02.jpg,jpeg,1280,720,4.3,2.4,SMALL-PRINT
Geode Inn/all building components for game/all gathered art for the game,frame_02.jpg,jpeg,1280,720,4.3,2.4,SMALL-PRINT
Geode Inn/all building components for game/all gathered art for the game,frame_02.jpg,jpeg,1280,720,4.3,2.4,SMALL-PRINT
Geode Inn/all building components for game/all gathered art for the game,frame_02.jpg,jpeg,1280,720,4.3,2.4,SMALL-PRINT
Geode Inn/all building components for game/all gathered art for the game,frame_02.jpg,jpeg,1920,1080,6.4,3.6,CARD-READY
Geode Inn/all building components for game/all gathered art for the game,frame_02.jpg,jpeg,1920,1080,6.4,3.6,CARD-READY
Geode Inn/all building components for game/all gathered art for the game,frame_02.jpg,jpeg,1280,720,4.3,2.4,SMALL-PRINT
Geode Inn/all building components for game/all gathered art for the game,frame_02.jpg,jpeg,640,360,2.1,1.2,SCREEN-ONLY
Geode Inn/all building components for game/all gathered art for the game,frame_02.jpg,jpeg,1280,720,4.3,2.4,SMALL-PRINT
Geode Inn/all building components for game/all gathered art for the game,frame_02.jpg,jpeg,1280,720,4.3,2.4,SMALL-PRINT
Geode Inn/all building components for game/all gathered art for the game,frame_02.jpg,jpeg,1920,1080,6.4,3.6,CARD-READY
Geode Inn/all building components for game/all gathered art for the game,frame_02.jpg,jpeg,1280,720,4.3,2.4,SMALL-PRINT
Geode Inn/all building components for game/all gathered art for the game,frame_02.jpg,jpeg,1920,1080,6.4,3.6,CARD-READY
Geode Inn/all building components for game/all gathered art for the game,frame_02.jpg,jpeg,1280,720,4.3,2.4,SMALL-PRINT
Geode Inn/all building components for game/all gathered art for the game,frame_02.jpg,jpeg,1920,1080,6.4,3.6,CARD-READY
Geode Inn/all building components for game/all gathered art for the game,frame_02.jpg,jpeg,1280,720,4.3,2.4,SMALL-PRINT
Geode Inn/all building components for game/all gathered art for the game,frame_02.jpg,jpeg,1920,1080,6.4,3.6,CARD-READY
Geode Inn/all building components for game/all gathered art for the game,frame_02.jpg,jpeg,1920,1080,6.4,3.6,CARD-READY
Geode Inn/all building components for game/all gathered art for the game,frame_03.jpg,jpeg,1280,720,4.3,2.4,SMALL-PRINT
Geode Inn/all building components for game/all gathered art for the game,frame_03.jpg,jpeg,1280,720,4.3,2.4,SMALL-PRINT
Geode Inn/all building components for game/all gathered art for the game,frame_03.jpg,jpeg,2206,946,7.4,3.2,CARD-READY
Geode Inn/all building components for game/all gathered art for the game,frame_03.jpg,jpeg,1280,720,4.3,2.4,SMALL-PRINT
Geode Inn/all building components for game/all gathered art for the game,frame_03.jpg,jpeg,2206,946,7.4,3.2,CARD-READY
Geode Inn/all building components for game/all gathered art for the game,frame_03.jpg,jpeg,1280,720,4.3,2.4,SMALL-PRINT
Geode Inn/all building components for game/all gathered art for the game,frame_03.jpg,jpeg,2206,946,7.4,3.2,CARD-READY
Geode Inn/all building components for game/all gathered art for the game,frame_03.jpg,jpeg,1280,720,4.3,2.4,SMALL-PRINT
Geode Inn/all building components for game/all gathered art for the game,frame_03.jpg,jpeg,1280,720,4.3,2.4,SMALL-PRINT
Geode Inn/all building components for game/all gathered art for the game,frame_03.jpg,jpeg,1920,1080,6.4,3.6,CARD-READY
Geode Inn/all building components for game/all gathered art for the game,frame_03.jpg,jpeg,1280,720,4.3,2.4,SMALL-PRINT
Geode Inn/all building components for game/all gathered art for the game,frame_03.jpg,jpeg,1280,720,4.3,2.4,SMALL-PRINT
Geode Inn/all building components for game/all gathered art for the game,frame_03.jpg,jpeg,640,360,2.1,1.2,SCREEN-ONLY
Geode Inn/all building components for game/all gathered art for the game,frame_03.jpg,jpeg,1920,1080,6.4,3.6,CARD-READY
Geode Inn/all building components for game/all gathered art for the game,frame_03.jpg,jpeg,1280,720,4.3,2.4,SMALL-PRINT
Geode Inn/all building components for game/all gathered art for the game,frame_03.jpg,jpeg,1280,720,4.3,2.4,SMALL-PRINT
Geode Inn/all building components for game/all gathered art for the game,frame_03.jpg,jpeg,1280,720,4.3,2.4,SMALL-PRINT
Geode Inn/all building components for game/all gathered art for the game,frame_03.jpg,jpeg,1920,1080,6.4,3.6,CARD-READY
Geode Inn/all building components for game/all gathered art for the game,frame_03.jpg,jpeg,1920,1080,6.4,3.6,CARD-READY
Geode Inn/all building components for game/all gathered art for the game,frame_03.jpg,jpeg,1280,720,4.3,2.4,SMALL-PRINT
Geode Inn/all building components for game/all gathered art for the game,frame_03.jpg,jpeg,1280,720,4.3,2.4,SMALL-PRINT
Geode Inn/all building components for game/all gathered art for the game,frame_03.jpg,jpeg,1920,1080,6.4,3.6,CARD-READY
Geode Inn/all building components for game/all gathered art for the game,frame_03.jpg,jpeg,1920,1080,6.4,3.6,CARD-READY
Geode Inn/all building components for game/all gathered art for the game,frame_03.jpg,jpeg,1280,720,4.3,2.4,SMALL-PRINT
Geode Inn/all building components for game/all gathered art for the game,frame_03.jpg,jpeg,1280,720,4.3,2.4,SMALL-PRINT
Geode Inn/all building components for game/all gathered art for the game,frame_03.jpg,jpeg,1920,1080,6.4,3.6,CARD-READY
Geode Inn/all building components for game/all gathered art for the game,frame_03.jpg,jpeg,1920,1080,6.4,3.6,CARD-READY
Geode Inn/all building components for game/all gathered art for the game,frame_03.jpg,jpeg,1920,1080,6.4,3.6,CARD-READY
Geode Inn/all building components for game/all gathered art for the game,frame_03.jpg,jpeg,1280,720,4.3,2.4,SMALL-PRINT
Geode Inn/all building components for game/all gathered art for the game,frame_03.jpg,jpeg,1920,1080,6.4,3.6,CARD-READY
Geode Inn/all building components for game/all gathered art for the game,frame_03.jpg,jpeg,1920,1080,6.4,3.6,CARD-READY
Geode Inn/all building components for game/all gathered art for the game,frame_03.jpg,jpeg,1280,720,4.3,2.4,SMALL-PRINT
Geode Inn/all building components for game/all gathered art for the game,frame_03.jpg,jpeg,1280,720,4.3,2.4,SMALL-PRINT
Geode Inn/all building components for game/all gathered art for the game,frame_03.jpg,jpeg,1280,720,4.3,2.4,SMALL-PRINT
Geode Inn/all building components for game/all gathered art for the game,frame_03.jpg,jpeg,1920,1080,6.4,3.6,CARD-READY
Geode Inn/all building components for game/all gathered art for the game,frame_03.jpg,jpeg,1280,720,4.3,2.4,SMALL-PRINT
Geode Inn/all building components for game/all gathered art for the game,frame_03.jpg,jpeg,1280,720,4.3,2.4,SMALL-PRINT
Geode Inn/all building components for game/all gathered art for the game,frame_03.jpg,jpeg,1280,720,4.3,2.4,SMALL-PRINT
Geode Inn/all building components for game/all gathered art for the game,frame_03.jpg,jpeg,1280,720,4.3,2.4,SMALL-PRINT
Geode Inn/all building components for game/all gathered art for the game,frame_03.jpg,jpeg,1280,720,4.3,2.4,SMALL-PRINT
Geode Inn/all building components for game/all gathered art for the game,frame_03.jpg,jpeg,1280,720,4.3,2.4,SMALL-PRINT
Geode Inn/all building components for game/all gathered art for the game,frame_03.jpg,jpeg,1280,720,4.3,2.4,SMALL-PRINT
Geode Inn/all building components for game/all gathered art for the game,frame_03.jpg,jpeg,1280,720,4.3,2.4,SMALL-PRINT
Geode Inn/all building components for game/all gathered art for the game,frame_03.jpg,jpeg,1920,1080,6.4,3.6,CARD-READY
Geode Inn/all building components for game/all gathered art for the game,frame_03.jpg,jpeg,1920,1080,6.4,3.6,CARD-READY
Geode Inn/all building components for game/all gathered art for the game,frame_03.jpg,jpeg,1280,720,4.3,2.4,SMALL-PRINT
Geode Inn/all building components for game/all gathered art for the game,frame_03.jpg,jpeg,640,360,2.1,1.2,SCREEN-ONLY
Geode Inn/all building components for game/all gathered art for the game,frame_03.jpg,jpeg,1280,720,4.3,2.4,SMALL-PRINT
Geode Inn/all building components for game/all gathered art for the game,frame_03.jpg,jpeg,1280,720,4.3,2.4,SMALL-PRINT
Geode Inn/all building components for game/all gathered art for the game,frame_03.jpg,jpeg,1920,1080,6.4,3.6,CARD-READY
Geode Inn/all building components for game/all gathered art for the game,frame_03.jpg,jpeg,1280,720,4.3,2.4,SMALL-PRINT
Geode Inn/all building components for game/all gathered art for the game,frame_03.jpg,jpeg,1920,1080,6.4,3.6,CARD-READY
Geode Inn/all building components for game/all gathered art for the game,frame_03.jpg,jpeg,1280,720,4.3,2.4,SMALL-PRINT
Geode Inn/all building components for game/all gathered art for the game,frame_03.jpg,jpeg,1920,1080,6.4,3.6,CARD-READY
Geode Inn/all building components for game/all gathered art for the game,frame_03.jpg,jpeg,1280,720,4.3,2.4,SMALL-PRINT
Geode Inn/all building components for game/all gathered art for the game,frame_03.jpg,jpeg,1920,1080,6.4,3.6,CARD-READY
Geode Inn/all building components for game/all gathered art for the game,frame_03.jpg,jpeg,1920,1080,6.4,3.6,CARD-READY
Geode Inn/all building components for game/all gathered art for the game,frame_04.jpg,jpeg,1280,720,4.3,2.4,SMALL-PRINT
Geode Inn/all building components for game/all gathered art for the game,frame_04.jpg,jpeg,1280,720,4.3,2.4,SMALL-PRINT
Geode Inn/all building components for game/all gathered art for the game,frame_04.jpg,jpeg,1280,720,4.3,2.4,SMALL-PRINT
Geode Inn/all building components for game/all gathered art for the game,frame_04.jpg,jpeg,1280,720,4.3,2.4,SMALL-PRINT
Geode Inn/all building components for game/all gathered art for the game,frame_04.jpg,jpeg,1280,720,4.3,2.4,SMALL-PRINT
Geode Inn/all building components for game/all gathered art for the game,frame_04.jpg,jpeg,1280,720,4.3,2.4,SMALL-PRINT
Geode Inn/all building components for game/all gathered art for the game,frame_04.jpg,jpeg,1280,720,4.3,2.4,SMALL-PRINT
Geode Inn/all building components for game/all gathered art for the game,frame_04.jpg,jpeg,1280,720,4.3,2.4,SMALL-PRINT
Geode Inn/all building components for game/all gathered art for the game,frame_04.jpg,jpeg,1280,720,4.3,2.4,SMALL-PRINT
Geode Inn/all building components for game/all gathered art for the game,frame_04.jpg,jpeg,1280,720,4.3,2.4,SMALL-PRINT
Geode Inn/all building components for game/all gathered art for the game,frame_04.jpg,jpeg,1280,720,4.3,2.4,SMALL-PRINT
Geode Inn/all building components for game/all gathered art for the game,frame_04.jpg,jpeg,1280,720,4.3,2.4,SMALL-PRINT
Geode Inn/all building components for game/all gathered art for the game,frame_04.jpg,jpeg,1280,720,4.3,2.4,SMALL-PRINT
Geode Inn/all building components for game/all gathered art for the game,frame_04.jpg,jpeg,2206,946,7.4,3.2,CARD-READY
Geode Inn/all building components for game/all gathered art for the game,frame_04.jpg,jpeg,2206,946,7.4,3.2,CARD-READY
Geode Inn/all building components for game/all gathered art for the game,frame_04.jpg,jpeg,2206,946,7.4,3.2,CARD-READY
Geode Inn/all building components for game/all gathered art for the game,frame_04.jpg,jpeg,1280,720,4.3,2.4,SMALL-PRINT
Geode Inn/all building components for game/all gathered art for the game,frame_04.jpg,jpeg,1280,720,4.3,2.4,SMALL-PRINT
Geode Inn/all building components for game/all gathered art for the game,frame_04.jpg,jpeg,1280,720,4.3,2.4,SMALL-PRINT
Geode Inn/all building components for game/all gathered art for the game,frame_04.jpg,jpeg,1280,720,4.3,2.4,SMALL-PRINT
Geode Inn/all building components for game/all gathered art for the game,frame_04.jpg,jpeg,1280,720,4.3,2.4,SMALL-PRINT
Geode Inn/all building components for game/all gathered art for the game,frame_04.jpg,jpeg,1280,720,4.3,2.4,SMALL-PRINT
Geode Inn/all building components for game/all gathered art for the game,frame_04.jpg,jpeg,1280,720,4.3,2.4,SMALL-PRINT
Geode Inn/all building components for game/all gathered art for the game,frame_04.jpg,jpeg,1280,720,4.3,2.4,SMALL-PRINT
Geode Inn/all building components for game/all gathered art for the game,frame_04.jpg,jpeg,1280,720,4.3,2.4,SMALL-PRINT
Geode Inn/all building components for game/all gathered art for the game,frame_04.jpg,jpeg,1280,720,4.3,2.4,SMALL-PRINT
Geode Inn/all building components for game/all gathered art for the game,frame_04.jpg,jpeg,1920,1080,6.4,3.6,CARD-READY
Geode Inn/all building components for game/all gathered art for the game,frame_04.jpg,jpeg,640,360,2.1,1.2,SCREEN-ONLY
Geode Inn/all building components for game/all gathered art for the game,frame_04.jpg,jpeg,1920,1080,6.4,3.6,CARD-READY
Geode Inn/all building components for game/all gathered art for the game,frame_04.jpg,jpeg,1280,720,4.3,2.4,SMALL-PRINT
Geode Inn/all building components for game/all gathered art for the game,frame_04.jpg,jpeg,1280,720,4.3,2.4,SMALL-PRINT
Geode Inn/all building components for game/all gathered art for the game,frame_04.jpg,jpeg,640,360,2.1,1.2,SCREEN-ONLY
Geode Inn/all building components for game/all gathered art for the game,frame_04.jpg,jpeg,1920,1080,6.4,3.6,CARD-READY
Geode Inn/all building components for game/all gathered art for the game,frame_04.jpg,jpeg,1280,720,4.3,2.4,SMALL-PRINT
Geode Inn/all building components for game/all gathered art for the game,frame_04.jpg,jpeg,1280,720,4.3,2.4,SMALL-PRINT
Geode Inn/all building components for game/all gathered art for the game,frame_04.jpg,jpeg,1280,720,4.3,2.4,SMALL-PRINT
Geode Inn/all building components for game/all gathered art for the game,frame_04.jpg,jpeg,1920,1080,6.4,3.6,CARD-READY
Geode Inn/all building components for game/all gathered art for the game,frame_04.jpg,jpeg,1920,1080,6.4,3.6,CARD-READY
Geode Inn/all building components for game/all gathered art for the game,frame_04.jpg,jpeg,1280,720,4.3,2.4,SMALL-PRINT
Geode Inn/all building components for game/all gathered art for the game,frame_04.jpg,jpeg,1280,720,4.3,2.4,SMALL-PRINT
Geode Inn/all building components for game/all gathered art for the game,frame_04.jpg,jpeg,1920,1080,6.4,3.6,CARD-READY
Geode Inn/all building components for game/all gathered art for the game,frame_04.jpg,jpeg,1920,1080,6.4,3.6,CARD-READY
Geode Inn/all building components for game/all gathered art for the game,frame_04.jpg,jpeg,1280,720,4.3,2.4,SMALL-PRINT
Geode Inn/all building components for game/all gathered art for the game,frame_04.jpg,jpeg,1280,720,4.3,2.4,SMALL-PRINT
Geode Inn/all building components for game/all gathered art for the game,frame_04.jpg,jpeg,1920,1080,6.4,3.6,CARD-READY
Geode Inn/all building components for game/all gathered art for the game,frame_04.jpg,jpeg,1920,1080,6.4,3.6,CARD-READY
Geode Inn/all building components for game/all gathered art for the game,frame_04.jpg,jpeg,1920,1080,6.4,3.6,CARD-READY
Geode Inn/all building components for game/all gathered art for the game,frame_04.jpg,jpeg,1280,720,4.3,2.4,SMALL-PRINT
Geode Inn/all building components for game/all gathered art for the game,frame_04.jpg,jpeg,1920,1080,6.4,3.6,CARD-READY
Geode Inn/all building components for game/all gathered art for the game,frame_04.jpg,jpeg,1920,1080,6.4,3.6,CARD-READY
Geode Inn/all building components for game/all gathered art for the game,frame_04.jpg,jpeg,1280,720,4.3,2.4,SMALL-PRINT
Geode Inn/all building components for game/all gathered art for the game,frame_04.jpg,jpeg,1280,720,4.3,2.4,SMALL-PRINT
Geode Inn/all building components for game/all gathered art for the game,frame_04.jpg,jpeg,1280,720,4.3,2.4,SMALL-PRINT
Geode Inn/all building components for game/all gathered art for the game,frame_04.jpg,jpeg,1920,1080,6.4,3.6,CARD-READY
Geode Inn/all building components for game/all gathered art for the game,frame_04.jpg,jpeg,1280,720,4.3,2.4,SMALL-PRINT
Geode Inn/all building components for game/all gathered art for the game,frame_04.jpg,jpeg,1280,720,4.3,2.4,SMALL-PRINT
Geode Inn/all building components for game/all gathered art for the game,frame_04.jpg,jpeg,1280,720,4.3,2.4,SMALL-PRINT
Geode Inn/all building components for game/all gathered art for the game,frame_04.jpg,jpeg,1280,720,4.3,2.4,SMALL-PRINT
Geode Inn/all building components for game/all gathered art for the game,frame_04.jpg,jpeg,1280,720,4.3,2.4,SMALL-PRINT
Geode Inn/all building components for game/all gathered art for the game,frame_04.jpg,jpeg,1280,720,4.3,2.4,SMALL-PRINT
Geode Inn/all building components for game/all gathered art for the game,frame_04.jpg,jpeg,1280,720,4.3,2.4,SMALL-PRINT
Geode Inn/all building components for game/all gathered art for the game,frame_04.jpg,jpeg,1280,720,4.3,2.4,SMALL-PRINT
Geode Inn/all building components for game/all gathered art for the game,frame_04.jpg,jpeg,1920,1080,6.4,3.6,CARD-READY
Geode Inn/all building components for game/all gathered art for the game,frame_04.jpg,jpeg,1920,1080,6.4,3.6,CARD-READY
Geode Inn/all building components for game/all gathered art for the game,frame_04.jpg,jpeg,1280,720,4.3,2.4,SMALL-PRINT
Geode Inn/all building components for game/all gathered art for the game,frame_04.jpg,jpeg,640,360,2.1,1.2,SCREEN-ONLY
Geode Inn/all building components for game/all gathered art for the game,frame_04.jpg,jpeg,1280,720,4.3,2.4,SMALL-PRINT
Geode Inn/all building components for game/all gathered art for the game,frame_04.jpg,jpeg,1280,720,4.3,2.4,SMALL-PRINT
Geode Inn/all building components for game/all gathered art for the game,frame_04.jpg,jpeg,1920,1080,6.4,3.6,CARD-READY
Geode Inn/all building components for game/all gathered art for the game,frame_04.jpg,jpeg,1280,720,4.3,2.4,SMALL-PRINT
Geode Inn/all building components for game/all gathered art for the game,frame_04.jpg,jpeg,1920,1080,6.4,3.6,CARD-READY
Geode Inn/all building components for game/all gathered art for the game,frame_04.jpg,jpeg,1280,720,4.3,2.4,SMALL-PRINT
Geode Inn/all building components for game/all gathered art for the game,frame_04.jpg,jpeg,1920,1080,6.4,3.6,CARD-READY
Geode Inn/all building components for game/all gathered art for the game,frame_04.jpg,jpeg,1280,720,4.3,2.4,SMALL-PRINT
Geode Inn/all building components for game/all gathered art for the game,frame_04.jpg,jpeg,1920,1080,6.4,3.6,CARD-READY
Geode Inn/all building components for game/all gathered art for the game,frame_04.jpg,jpeg,1920,1080,6.4,3.6,CARD-READY
Geode Inn/all building components for game/all gathered art for the game,frame_04.jpg,jpeg,2206,946,7.4,3.2,CARD-READY
Geode Inn/all building components for game/all gathered art for the game,frame_05.jpg,jpeg,2206,946,7.4,3.2,CARD-READY
Geode Inn/all building components for game/all gathered art for the game,frame_05.jpg,jpeg,2206,946,7.4,3.2,CARD-READY
Geode Inn/all building components for game/all gathered art for the game,frame_05.jpg,jpeg,2206,946,7.4,3.2,CARD-READY
Geode Inn/all building components for game/all gathered art for the game,frame_05.jpg,jpeg,1280,720,4.3,2.4,SMALL-PRINT
Geode Inn/all building components for game/all gathered art for the game,frame_05.jpg,jpeg,1280,720,4.3,2.4,SMALL-PRINT
Geode Inn/all building components for game/all gathered art for the game,frame_05.jpg,jpeg,1280,720,4.3,2.4,SMALL-PRINT
Geode Inn/all building components for game/all gathered art for the game,frame_05.jpg,jpeg,1280,720,4.3,2.4,SMALL-PRINT
Geode Inn/all building components for game/all gathered art for the game,frame_05.jpg,jpeg,1280,720,4.3,2.4,SMALL-PRINT
Geode Inn/all building components for game/all gathered art for the game,frame_05.jpg,jpeg,1280,720,4.3,2.4,SMALL-PRINT
Geode Inn/all building components for game/all gathered art for the game,frame_05.jpg,jpeg,1280,720,4.3,2.4,SMALL-PRINT
Geode Inn/all building components for game/all gathered art for the game,frame_05.jpg,jpeg,1280,720,4.3,2.4,SMALL-PRINT
Geode Inn/all building components for game/all gathered art for the game,frame_05.jpg,jpeg,1280,720,4.3,2.4,SMALL-PRINT
Geode Inn/all building components for game/all gathered art for the game,frame_05.jpg,jpeg,1280,720,4.3,2.4,SMALL-PRINT
Geode Inn/all building components for game/all gathered art for the game,frame_05.jpg,jpeg,1280,720,4.3,2.4,SMALL-PRINT
Geode Inn/all building components for game/all gathered art for the game,frame_05.jpg,jpeg,1280,720,4.3,2.4,SMALL-PRINT
Geode Inn/all building components for game/all gathered art for the game,frame_05.jpg,jpeg,1280,720,4.3,2.4,SMALL-PRINT
Geode Inn/all building components for game/all gathered art for the game,frame_05.jpg,jpeg,1280,720,4.3,2.4,SMALL-PRINT
Geode Inn/all building components for game/all gathered art for the game,frame_05.jpg,jpeg,1280,720,4.3,2.4,SMALL-PRINT
Geode Inn/all building components for game/all gathered art for the game,frame_05.jpg,jpeg,1280,720,4.3,2.4,SMALL-PRINT
Geode Inn/all building components for game/all gathered art for the game,frame_05.jpg,jpeg,1280,720,4.3,2.4,SMALL-PRINT
Geode Inn/all building components for game/all gathered art for the game,frame_05.jpg,jpeg,1280,720,4.3,2.4,SMALL-PRINT
Geode Inn/all building components for game/all gathered art for the game,frame_05.jpg,jpeg,1280,720,4.3,2.4,SMALL-PRINT
Geode Inn/all building components for game/all gathered art for the game,frame_05.jpg,jpeg,1280,720,4.3,2.4,SMALL-PRINT
Geode Inn/all building components for game/all gathered art for the game,frame_05.jpg,jpeg,1280,720,4.3,2.4,SMALL-PRINT
Geode Inn/all building components for game/all gathered art for the game,frame_05.jpg,jpeg,1280,720,4.3,2.4,SMALL-PRINT
Geode Inn/all building components for game/all gathered art for the game,frame_05.jpg,jpeg,2206,946,7.4,3.2,CARD-READY
Geode Inn/all building components for game/all gathered art for the game,frame_05.jpg,jpeg,1280,720,4.3,2.4,SMALL-PRINT
Geode Inn/all building components for game/all gathered art for the game,frame_05.jpg,jpeg,2206,946,7.4,3.2,CARD-READY
Geode Inn/all building components for game/all gathered art for the game,frame_05.jpg,jpeg,2206,946,7.4,3.2,CARD-READY
Geode Inn/all building components for game/all gathered art for the game,frame_05.jpg,jpeg,2206,946,7.4,3.2,CARD-READY
Geode Inn/all building components for game/all gathered art for the game,frame_05.jpg,jpeg,1280,720,4.3,2.4,SMALL-PRINT
Geode Inn/all building components for game/all gathered art for the game,frame_05.jpg,jpeg,2206,946,7.4,3.2,CARD-READY
Geode Inn/all building components for game/all gathered art for the game,frame_05.jpg,jpeg,2206,946,7.4,3.2,CARD-READY
Geode Inn/all building components for game/all gathered art for the game,frame_05.jpg,jpeg,1280,720,4.3,2.4,SMALL-PRINT
Geode Inn/all building components for game/all gathered art for the game,frame_05.jpg,jpeg,1280,720,4.3,2.4,SMALL-PRINT
Geode Inn/all building components for game/all gathered art for the game,frame_05.jpg,jpeg,1280,720,4.3,2.4,SMALL-PRINT
Geode Inn/all building components for game/all gathered art for the game,frame_05.jpg,jpeg,1280,720,4.3,2.4,SMALL-PRINT
Geode Inn/all building components for game/all gathered art for the game,frame_05.jpg,jpeg,1280,720,4.3,2.4,SMALL-PRINT
Geode Inn/all building components for game/all gathered art for the game,frame_05.jpg,jpeg,1280,720,4.3,2.4,SMALL-PRINT
Geode Inn/all building components for game/all gathered art for the game,frame_05.jpg,jpeg,1280,720,4.3,2.4,SMALL-PRINT
Geode Inn/all building components for game/all gathered art for the game,frame_05.jpg,jpeg,1280,720,4.3,2.4,SMALL-PRINT
Geode Inn/all building components for game/all gathered art for the game,frame_05.jpg,jpeg,1280,720,4.3,2.4,SMALL-PRINT
Geode Inn/all building components for game/all gathered art for the game,frame_05.jpg,jpeg,1280,720,4.3,2.4,SMALL-PRINT
Geode Inn/all building components for game/all gathered art for the game,frame_05.jpg,jpeg,1280,720,4.3,2.4,SMALL-PRINT
Geode Inn/all building components for game/all gathered art for the game,frame_05.jpg,jpeg,1280,720,4.3,2.4,SMALL-PRINT
Geode Inn/all building components for game/all gathered art for the game,frame_05.jpg,jpeg,1920,1080,6.4,3.6,CARD-READY
Geode Inn/all building components for game/all gathered art for the game,frame_05.jpg,jpeg,1280,720,4.3,2.4,SMALL-PRINT
Geode Inn/all building components for game/all gathered art for the game,frame_05.jpg,jpeg,1280,720,4.3,2.4,SMALL-PRINT
Geode Inn/all building components for game/all gathered art for the game,frame_05.jpg,jpeg,1280,720,4.3,2.4,SMALL-PRINT
Geode Inn/all building components for game/all gathered art for the game,frame_05.jpg,jpeg,1280,720,4.3,2.4,SMALL-PRINT
Geode Inn/all building components for game/all gathered art for the game,frame_05.jpg,jpeg,1280,720,4.3,2.4,SMALL-PRINT
Geode Inn/all building components for game/all gathered art for the game,frame_05.jpg,jpeg,1280,720,4.3,2.4,SMALL-PRINT
Geode Inn/all building components for game/all gathered art for the game,frame_05.jpg,jpeg,1280,720,4.3,2.4,SMALL-PRINT
Geode Inn/all building components for game/all gathered art for the game,frame_05.jpg,jpeg,1280,720,4.3,2.4,SMALL-PRINT
Geode Inn/all building components for game/all gathered art for the game,frame_05.jpg,jpeg,1280,720,4.3,2.4,SMALL-PRINT
Geode Inn/all building components for game/all gathered art for the game,frame_05.jpg,jpeg,1280,720,4.3,2.4,SMALL-PRINT
Geode Inn/all building components for game/all gathered art for the game,frame_05.jpg,jpeg,1280,720,4.3,2.4,SMALL-PRINT
Geode Inn/all building components for game/all gathered art for the game,frame_05.jpg,jpeg,1280,720,4.3,2.4,SMALL-PRINT
Geode Inn/all building components for game/all gathered art for the game,frame_05.jpg,jpeg,1280,720,4.3,2.4,SMALL-PRINT
Geode Inn/all building components for game/all gathered art for the game,frame_05.jpg,jpeg,1280,720,4.3,2.4,SMALL-PRINT
Geode Inn/all building components for game/all gathered art for the game,frame_05.jpg,jpeg,1920,1080,6.4,3.6,CARD-READY
Geode Inn/all building components for game/all gathered art for the game,frame_05.jpg,jpeg,1920,1080,6.4,3.6,CARD-READY
Geode Inn/all building components for game/all gathered art for the game,frame_05.jpg,jpeg,1280,720,4.3,2.4,SMALL-PRINT
Geode Inn/all building components for game/all gathered art for the game,frame_05.jpg,jpeg,1280,720,4.3,2.4,SMALL-PRINT
Geode Inn/all building components for game/all gathered art for the game,frame_05.jpg,jpeg,1280,720,4.3,2.4,SMALL-PRINT
Geode Inn/all building components for game/all gathered art for the game,frame_05.jpg,jpeg,1280,720,4.3,2.4,SMALL-PRINT
Geode Inn/all building components for game/all gathered art for the game,frame_05.jpg,jpeg,640,360,2.1,1.2,SCREEN-ONLY
Geode Inn/all building components for game/all gathered art for the game,frame_05.jpg,jpeg,1920,1080,6.4,3.6,CARD-READY
Geode Inn/all building components for game/all gathered art for the game,frame_05.jpg,jpeg,1280,720,4.3,2.4,SMALL-PRINT
Geode Inn/all building components for game/all gathered art for the game,frame_05.jpg,jpeg,1280,720,4.3,2.4,SMALL-PRINT
Geode Inn/all building components for game/all gathered art for the game,frame_05.jpg,jpeg,1280,720,4.3,2.4,SMALL-PRINT
Geode Inn/all building components for game/all gathered art for the game,frame_05.jpg,jpeg,1920,1080,6.4,3.6,CARD-READY
Geode Inn/all building components for game/all gathered art for the game,frame_05.jpg,jpeg,1920,1080,6.4,3.6,CARD-READY
Geode Inn/all building components for game/all gathered art for the game,frame_05.jpg,jpeg,1280,720,4.3,2.4,SMALL-PRINT
Geode Inn/all building components for game/all gathered art for the game,frame_05.jpg,jpeg,1280,720,4.3,2.4,SMALL-PRINT
Geode Inn/all building components for game/all gathered art for the game,frame_05.jpg,jpeg,1920,1080,6.4,3.6,CARD-READY
Geode Inn/all building components for game/all gathered art for the game,frame_05.jpg,jpeg,1920,1080,6.4,3.6,CARD-READY
Geode Inn/all building components for game/all gathered art for the game,frame_05.jpg,jpeg,1280,720,4.3,2.4,SMALL-PRINT
Geode Inn/all building components for game/all gathered art for the game,frame_05.jpg,jpeg,1280,720,4.3,2.4,SMALL-PRINT
Geode Inn/all building components for game/all gathered art for the game,frame_05.jpg,jpeg,1920,1080,6.4,3.6,CARD-READY
Geode Inn/all building components for game/all gathered art for the game,frame_05.jpg,jpeg,1920,1080,6.4,3.6,CARD-READY
Geode Inn/all building components for game/all gathered art for the game,frame_05.jpg,jpeg,1920,1080,6.4,3.6,CARD-READY
Geode Inn/all building components for game/all gathered art for the game,frame_05.jpg,jpeg,1280,720,4.3,2.4,SMALL-PRINT
Geode Inn/all building components for game/all gathered art for the game,frame_05.jpg,jpeg,1920,1080,6.4,3.6,CARD-READY
Geode Inn/all building components for game/all gathered art for the game,frame_05.jpg,jpeg,1920,1080,6.4,3.6,CARD-READY
Geode Inn/all building components for game/all gathered art for the game,frame_05.jpg,jpeg,1280,720,4.3,2.4,SMALL-PRINT
Geode Inn/all building components for game/all gathered art for the game,frame_05.jpg,jpeg,1280,720,4.3,2.4,SMALL-PRINT
Geode Inn/all building components for game/all gathered art for the game,frame_05.jpg,jpeg,1280,720,4.3,2.4,SMALL-PRINT
Geode Inn/all building components for game/all gathered art for the game,frame_05.jpg,jpeg,1920,1080,6.4,3.6,CARD-READY
Geode Inn/all building components for game/all gathered art for the game,frame_05.jpg,jpeg,1280,720,4.3,2.4,SMALL-PRINT
Geode Inn/all building components for game/all gathered art for the game,frame_05.jpg,jpeg,1280,720,4.3,2.4,SMALL-PRINT
Geode Inn/all building components for game/all gathered art for the game,frame_05.jpg,jpeg,1280,720,4.3,2.4,SMALL-PRINT
Geode Inn/all building components for game/all gathered art for the game,frame_05.jpg,jpeg,1280,720,4.3,2.4,SMALL-PRINT
Geode Inn/all building components for game/all gathered art for the game,frame_05.jpg,jpeg,1280,720,4.3,2.4,SMALL-PRINT
Geode Inn/all building components for game/all gathered art for the game,frame_05.jpg,jpeg,1280,720,4.3,2.4,SMALL-PRINT
Geode Inn/all building components for game/all gathered art for the game,frame_05.jpg,jpeg,1280,720,4.3,2.4,SMALL-PRINT
Geode Inn/all building components for game/all gathered art for the game,frame_05.jpg,jpeg,1280,720,4.3,2.4,SMALL-PRINT
Geode Inn/all building components for game/all gathered art for the game,frame_05.jpg,jpeg,1920,1080,6.4,3.6,CARD-READY
Geode Inn/all building components for game/all gathered art for the game,frame_05.jpg,jpeg,1920,1080,6.4,3.6,CARD-READY
Geode Inn/all building components for game/all gathered art for the game,frame_05.jpg,jpeg,1280,720,4.3,2.4,SMALL-PRINT
Geode Inn/all building components for game/all gathered art for the game,frame_05.jpg,jpeg,640,360,2.1,1.2,SCREEN-ONLY
Geode Inn/all building components for game/all gathered art for the game,frame_05.jpg,jpeg,1280,720,4.3,2.4,SMALL-PRINT
Geode Inn/all building components for game/all gathered art for the game,frame_05.jpg,jpeg,1280,720,4.3,2.4,SMALL-PRINT
Geode Inn/all building components for game/all gathered art for the game,frame_05.jpg,jpeg,1920,1080,6.4,3.6,CARD-READY
Geode Inn/all building components for game/all gathered art for the game,frame_05.jpg,jpeg,1280,720,4.3,2.4,SMALL-PRINT
Geode Inn/all building components for game/all gathered art for the game,frame_05.jpg,jpeg,1920,1080,6.4,3.6,CARD-READY
Geode Inn/all building components for game/all gathered art for the game,frame_05.jpg,jpeg,1280,720,4.3,2.4,SMALL-PRINT
Geode Inn/all building components for game/all gathered art for the game,frame_05.jpg,jpeg,1920,1080,6.4,3.6,CARD-READY
Geode Inn/all building components for game/all gathered art for the game,frame_05.jpg,jpeg,1280,720,4.3,2.4,SMALL-PRINT
Geode Inn/all building components for game/all gathered art for the game,frame_05.jpg,jpeg,1920,1080,6.4,3.6,CARD-READY
Geode Inn/all building components for game/all gathered art for the game,frame_05.jpg,jpeg,1920,1080,6.4,3.6,CARD-READY
Geode Inn/all building components for game/all gathered art for the game,frame_05.jpg,jpeg,2206,946,7.4,3.2,CARD-READY
Geode Inn/all building components for game/all gathered art for the game,frame_05.jpg,jpeg,2206,946,7.4,3.2,CARD-READY
Geode Inn/all building components for game/all gathered art for the game,frame_05.jpg,jpeg,2206,946,7.4,3.2,CARD-READY
Geode Inn/all building components for game/all gathered art for the game,frame_06.jpg,jpeg,2206,946,7.4,3.2,CARD-READY
Geode Inn/all building components for game/all gathered art for the game,frame_06.jpg,jpeg,2206,946,7.4,3.2,CARD-READY
Geode Inn/all building components for game/all gathered art for the game,frame_06.jpg,jpeg,2206,946,7.4,3.2,CARD-READY
Geode Inn/all building components for game/all gathered art for the game,frame_07.jpg,jpeg,2206,946,7.4,3.2,CARD-READY
Geode Inn/all building components for game/all gathered art for the game,frame_07.jpg,jpeg,2206,946,7.4,3.2,CARD-READY
Geode Inn/all building components for game/all gathered art for the game,frame_07.jpg,jpeg,2206,946,7.4,3.2,CARD-READY
Geode Inn/all building components for game/all gathered art for the game,frame_08.jpg,jpeg,2206,946,7.4,3.2,CARD-READY
Geode Inn/all building components for game/all gathered art for the game,frame_08.jpg,jpeg,2206,946,7.4,3.2,CARD-READY
Geode Inn/all building components for game/all gathered art for the game,frame_08.jpg,jpeg,2206,946,7.4,3.2,CARD-READY
Geode Inn/all building components for game/all gathered art for the game,freyja_vanir.png,jpeg,1024,1024,3.4,3.4,SMALL-PRINT
Geode Inn/all building components for game/all gathered art for the game,freyr_vanir.png,jpeg,1024,1024,3.4,3.4,SMALL-PRINT
Geode Inn/all building components for game/all gathered art for the game,gargoyle 1.png,jpeg,1024,1024,3.4,3.4,SMALL-PRINT
Geode Inn/all building components for game/all gathered art for the game,gargoyle 2.png,jpeg,1024,1024,3.4,3.4,SMALL-PRINT
Geode Inn/all building components for game/all gathered art for the game,gargoyle 3.png,jpeg,1024,1024,3.4,3.4,SMALL-PRINT
Geode Inn/all building components for game/all gathered art for the game,gargoyle 4.png,jpeg,1024,1024,3.4,3.4,SMALL-PRINT
Geode Inn/all building components for game/all gathered art for the game,gargoyle 5.png,jpeg,1024,1024,3.4,3.4,SMALL-PRINT
Geode Inn/all building components for game/all gathered art for the game,gargoyle 6.png,jpeg,1024,1024,3.4,3.4,SMALL-PRINT
Geode Inn/all building components for game/all gathered art for the game,hel.png,jpeg,1024,1024,3.4,3.4,SMALL-PRINT
Geode Inn/all building components for game/all gathered art for the game,japanese_mountain_temple.jpg,jpeg,1280,720,4.3,2.4,SMALL-PRINT
Geode Inn/all building components for game/all gathered art for the game,japanese_mountain_temple.jpg,jpeg,1280,720,4.3,2.4,SMALL-PRINT
Geode Inn/all building components for game/all gathered art for the game,jareth_unseelie_king.png,jpeg,1024,1024,3.4,3.4,SMALL-PRINT
Geode Inn/all building components for game/all gathered art for the game,mf_artisan_market.jpg,jpeg,1280,720,4.3,2.4,SMALL-PRINT
Geode Inn/all building components for game/all gathered art for the game,mf_artisan_market.jpg,jpeg,1280,720,4.3,2.4,SMALL-PRINT
Geode Inn/all building components for game/all gathered art for the game,mf_central_hearth.jpg,jpeg,1920,1080,6.4,3.6,CARD-READY
Geode Inn/all building components for game/all gathered art for the game,mf_central_hearth.jpg,jpeg,1920,1080,6.4,3.6,CARD-READY
Geode Inn/all building components for game/all gathered art for the game,mf_modern_legends.jpg,jpeg,1280,720,4.3,2.4,SMALL-PRINT
Geode Inn/all building components for game/all gathered art for the game,mf_modern_legends.jpg,jpeg,1280,720,4.3,2.4,SMALL-PRINT
Geode Inn/all building components for game/all gathered art for the game,mf_modern_religions.jpg,jpeg,1280,720,4.3,2.4,SMALL-PRINT
Geode Inn/all building components for game/all gathered art for the game,mf_modern_religions.jpg,jpeg,1280,720,4.3,2.4,SMALL-PRINT
Geode Inn/all building components for game/all gathered art for the game,norse_coast.jpg,jpeg,1920,1080,6.4,3.6,CARD-READY
Geode Inn/all building components for game/all gathered art for the game,norse_coast.jpg,jpeg,1920,1080,6.4,3.6,CARD-READY
Geode Inn/all building components for game/all gathered art for the game,parchment_world.jpg,jpeg,1280,720,4.3,2.4,SMALL-PRINT
Geode Inn/all building components for game/all gathered art for the game,parchment_world.jpg,jpeg,1280,720,4.3,2.4,SMALL-PRINT
Geode Inn/all building components for game/all gathered art for the game,persephone.png,jpeg,1024,1024,3.4,3.4,SMALL-PRINT
Geode Inn/all building components for game/all gathered art for the game,seelie_queen.png,jpeg,1024,1024,3.4,3.4,SMALL-PRINT
Geode Inn/all building components for game/all gathered art for the game,sentinel_concept.png,jpeg,1024,1024,3.4,3.4,SMALL-PRINT
Geode Inn/all building components for game/all gathered art for the game,sentinel_concept.png,jpeg,1024,1024,3.4,3.4,SMALL-PRINT
Geode Inn/all building components for game/all gathered art for the game,sentinel_concept.png,jpeg,1024,1024,3.4,3.4,SMALL-PRINT
Geode Inn/all building components for game/all gathered art for the game,sentinel_concept.png,jpeg,1024,1024,3.4,3.4,SMALL-PRINT
Geode Inn/all building components for game/all gathered art for the game,sentinel_concept.png,jpeg,1024,1024,3.4,3.4,SMALL-PRINT
Geode Inn/all building components for game/all gathered art for the game,sentinel_concept.png,jpeg,1024,1024,3.4,3.4,SMALL-PRINT
Geode Inn/all building components for game/all gathered art for the game,six_gargoyles.png,jpeg,1024,1024,3.4,3.4,SMALL-PRINT
Geode Inn/all building components for game/all gathered art for the game,st_alchemical_landing.jpg,jpeg,1280,720,4.3,2.4,SMALL-PRINT
Geode Inn/all building components for game/all gathered art for the game,st_alchemical_landing.jpg,jpeg,1280,720,4.3,2.4,SMALL-PRINT
Geode Inn/all building components for game/all gathered art for the game,st_alembic_window.jpg,jpeg,1920,1080,6.4,3.6,CARD-READY
Geode Inn/all building components for game/all gathered art for the game,st_alembic_window.jpg,jpeg,1920,1080,6.4,3.6,CARD-READY
Geode Inn/all building components for game/all gathered art for the game,st_transformation.jpg,jpeg,1920,1080,6.4,3.6,CARD-READY
Geode Inn/all building components for game/all gathered art for the game,st_transformation.jpg,jpeg,1920,1080,6.4,3.6,CARD-READY
Geode Inn/all building components for game/all gathered art for the game,starlight_crystal.png,jpeg,1024,1024,3.4,3.4,SMALL-PRINT
Geode Inn/all building components for game/all gathered art for the game,stone_circle_chamber.jpg,jpeg,1280,720,4.3,2.4,SMALL-PRINT
Geode Inn/all building components for game/all gathered art for the game,stone_circle_chamber.jpg,jpeg,1280,720,4.3,2.4,SMALL-PRINT
Geode Inn/all building components for game/all gathered art for the game,stonehenge.jpg,jpeg,1280,720,4.3,2.4,SMALL-PRINT
Geode Inn/all building components for game/all gathered art for the game,stonehenge.jpg,jpeg,1280,720,4.3,2.4,SMALL-PRINT
Geode Inn/all building components for game/all gathered art for the game,summerlands.jpg,jpeg,1920,1080,6.4,3.6,CARD-READY
Geode Inn/all building components for game/all gathered art for the game,summerlands.jpg,jpeg,1920,1080,6.4,3.6,CARD-READY
Geode Inn/all building components for game/all gathered art for the game,the_astronomer.png,jpeg,1024,1024,3.4,3.4,SMALL-PRINT
Geode Inn/all building components for game/all gathered art for the game,the_between.jpg,jpeg,1280,720,4.3,2.4,SMALL-PRINT
Geode Inn/all building components for game/all gathered art for the game,the_between.jpg,jpeg,1280,720,4.3,2.4,SMALL-PRINT
Geode Inn/all building components for game/all gathered art for the game,the_cartographer.png,png,1024,1024,3.4,3.4,SMALL-PRINT
Geode Inn/all building components for game/all gathered art for the game,the_catalyst.png,jpeg,1024,1024,3.4,3.4,SMALL-PRINT
Geode Inn/all building components for game/all gathered art for the game,the_constant.png,jpeg,1024,1024,3.4,3.4,SMALL-PRINT
Geode Inn/all building components for game/all gathered art for the game,the_crone.png,jpeg,1024,1024,3.4,3.4,SMALL-PRINT
Geode Inn/all building components for game/all gathered art for the game,the_gardener_radagast.png,jpeg,1024,1024,3.4,3.4,SMALL-PRINT
Geode Inn/all building components for game/all gathered art for the game,the_guest_death.png,jpeg,1024,1024,3.4,3.4,SMALL-PRINT
Geode Inn/all building components for game/all gathered art for the game,the_hollow.jpg,jpeg,1920,1080,6.4,3.6,CARD-READY
Geode Inn/all building components for game/all gathered art for the game,the_hollow.jpg,jpeg,1920,1080,6.4,3.6,CARD-READY
Geode Inn/all building components for game/all gathered art for the game,the_host.png,jpeg,1024,1024,3.4,3.4,SMALL-PRINT
Geode Inn/all building components for game/all gathered art for the game,the_one_who_is_awake.png,jpeg,1024,1024,3.4,3.4,SMALL-PRINT
Geode Inn/all building components for game/all gathered art for the game,the_one_who_tends.png,jpeg,1024,1024,3.4,3.4,SMALL-PRINT
Geode Inn/all building components for game/all gathered art for the game,the_pirate.png,jpeg,1024,1024,3.4,3.4,SMALL-PRINT
Geode Inn/all building components for game/all gathered art for the game,the_retort.png,jpeg,1024,1024,3.4,3.4,SMALL-PRINT
Geode Inn/all building components for game/all gathered art for the game,the_siren.png,jpeg,1024,1024,3.4,3.4,SMALL-PRINT
Geode Inn/all building components for game/all gathered art for the game,transylvanian_forest.jpg,jpeg,1280,720,4.3,2.4,SMALL-PRINT
Geode Inn/all building components for game/all gathered art for the game,transylvanian_forest.jpg,jpeg,1280,720,4.3,2.4,SMALL-PRINT
Geode Inn/all building components for game/all gathered art for the game,uhtred.png,jpeg,1024,1024,3.4,3.4,SMALL-PRINT
Geode Inn/all building components for game/all gathered art for the game,up_allfathers_throne.jpg,jpeg,1280,720,4.3,2.4,SMALL-PRINT
Geode Inn/all building components for game/all gathered art for the game,up_allfathers_throne.jpg,jpeg,1280,720,4.3,2.4,SMALL-PRINT
Geode Inn/all building components for game/all gathered art for the game,up_ascension_canopy.jpg,jpeg,1280,720,4.3,2.4,SMALL-PRINT
Geode Inn/all building components for game/all gathered art for the game,up_ascension_canopy.jpg,jpeg,1280,720,4.3,2.4,SMALL-PRINT
Geode Inn/all building components for game/all gathered art for the game,up_cosmology_mural.jpg,jpeg,1280,720,4.3,2.4,SMALL-PRINT
Geode Inn/all building components for game/all gathered art for the game,up_cosmology_mural.jpg,jpeg,1280,720,4.3,2.4,SMALL-PRINT
Geode Inn/all building components for game/all gathered art for the game,up_planet_chamber.jpg,jpeg,1280,720,4.3,2.4,SMALL-PRINT
Geode Inn/all building components for game/all gathered art for the game,up_planet_chamber.jpg,jpeg,1280,720,4.3,2.4,SMALL-PRINT
Geode Inn/all building components for game/all gathered art for the game,w10_selkie.png,jpeg,1024,1024,3.4,3.4,SMALL-PRINT
Geode Inn/all building components for game/all gathered art for the game,w10_selkie.png,jpeg,1024,1024,3.4,3.4,SMALL-PRINT
Geode Inn/all building components for game/all gathered art for the game,w10_selkie.png,jpeg,1024,1024,3.4,3.4,SMALL-PRINT
Geode Inn/all building components for game/all gathered art for the game,w11_afanc.png,jpeg,1024,1024,3.4,3.4,SMALL-PRINT
Geode Inn/all building components for game/all gathered art for the game,w11_afanc.png,jpeg,1024,1024,3.4,3.4,SMALL-PRINT
Geode Inn/all building components for game/all gathered art for the game,w11_afanc.png,jpeg,1024,1024,3.4,3.4,SMALL-PRINT
Geode Inn/all building components for game/all gathered art for the game,w12_mokele-mbembe.png,jpeg,1024,1024,3.4,3.4,SMALL-PRINT
Geode Inn/all building components for game/all gathered art for the game,w12_mokele-mbembe.png,jpeg,1024,1024,3.4,3.4,SMALL-PRINT
Geode Inn/all building components for game/all gathered art for the game,w12_mokele-mbembe.png,jpeg,1024,1024,3.4,3.4,SMALL-PRINT
Geode Inn/all building components for game/all gathered art for the game,w13_ninki_nanka.png,jpeg,1024,1024,3.4,3.4,SMALL-PRINT
Geode Inn/all building components for game/all gathered art for the game,w13_ninki_nanka.png,jpeg,1024,1024,3.4,3.4,SMALL-PRINT
Geode Inn/all building components for game/all gathered art for the game,w13_ninki_nanka.png,jpeg,1024,1024,3.4,3.4,SMALL-PRINT
Geode Inn/all building components for game/all gathered art for the game,w14_inkanyamba.png,jpeg,1024,1024,3.4,3.4,SMALL-PRINT
Geode Inn/all building components for game/all gathered art for the game,w14_inkanyamba.png,jpeg,1024,1024,3.4,3.4,SMALL-PRINT
Geode Inn/all building components for game/all gathered art for the game,w14_inkanyamba.png,jpeg,1024,1024,3.4,3.4,SMALL-PRINT
Geode Inn/all building components for game/all gathered art for the game,w15_arwe_the_serpent.png,jpeg,1024,1024,3.4,3.4,SMALL-PRINT
Geode Inn/all building components for game/all gathered art for the game,w15_arwe_the_serpent.png,jpeg,1024,1024,3.4,3.4,SMALL-PRINT
Geode Inn/all building components for game/all gathered art for the game,w15_arwe_the_serpent.png,jpeg,1024,1024,3.4,3.4,SMALL-PRINT
Geode Inn/all building components for game/all gathered art for the game,w16_the_ningen.png,jpeg,1024,1024,3.4,3.4,SMALL-PRINT
Geode Inn/all building components for game/all gathered art for the game,w16_the_ningen.png,jpeg,1024,1024,3.4,3.4,SMALL-PRINT
Geode Inn/all building components for game/all gathered art for the game,w16_the_ningen.png,jpeg,1024,1024,3.4,3.4,SMALL-PRINT
Geode Inn/all building components for game/all gathered art for the game,w17_rusalka.png,jpeg,1024,1024,3.4,3.4,SMALL-PRINT
Geode Inn/all building components for game/all gathered art for the game,w17_rusalka.png,jpeg,1024,1024,3.4,3.4,SMALL-PRINT
Geode Inn/all building components for game/all gathered art for the game,w17_rusalka.png,jpeg,1024,1024,3.4,3.4,SMALL-PRINT
Geode Inn/all building components for game/all gathered art for the game,w18_the_lorelei.png,jpeg,1024,1024,3.4,3.4,SMALL-PRINT
Geode Inn/all building components for game/all gathered art for the game,w18_the_lorelei.png,jpeg,1024,1024,3.4,3.4,SMALL-PRINT
Geode Inn/all building components for game/all gathered art for the game,w18_the_lorelei.png,jpeg,1024,1024,3.4,3.4,SMALL-PRINT
Geode Inn/all building components for game/all gathered art for the game,w19_draugen.png,jpeg,1024,1024,3.4,3.4,SMALL-PRINT
Geode Inn/all building components for game/all gathered art for the game,w19_draugen.png,jpeg,1024,1024,3.4,3.4,SMALL-PRINT
Geode Inn/all building components for game/all gathered art for the game,w19_draugen.png,jpeg,1024,1024,3.4,3.4,SMALL-PRINT
Geode Inn/all building components for game/all gathered art for the game,w1_nessie_loch_ness_monster.png,jpeg,1024,1024,3.4,3.4,SMALL-PRINT
Geode Inn/all building components for game/all gathered art for the game,w1_nessie_loch_ness_monster.png,jpeg,1024,1024,3.4,3.4,SMALL-PRINT
Geode Inn/all building components for game/all gathered art for the game,w1_nessie_loch_ness_monster.png,jpeg,1024,1024,3.4,3.4,SMALL-PRINT
Geode Inn/all building components for game/all gathered art for the game,w1_nessie_loch_ness_monster.png,jpeg,1024,1024,3.4,3.4,SMALL-PRINT
Geode Inn/all building components for game/all gathered art for the game,w20_the_tarasque.png,jpeg,1024,1024,3.4,3.4,SMALL-PRINT
Geode Inn/all building components for game/all gathered art for the game,w20_the_tarasque.png,jpeg,1024,1024,3.4,3.4,SMALL-PRINT
Geode Inn/all building components for game/all gathered art for the game,w20_the_tarasque.png,jpeg,1024,1024,3.4,3.4,SMALL-PRINT
Geode Inn/all building components for game/all gathered art for the game,w21_the_lindwurm_of_klagenfurt.png,jpeg,1024,1024,3.4,3.4,SMALL-PRINT
Geode Inn/all building components for game/all gathered art for the game,w21_the_lindwurm_of_klagenfurt.png,jpeg,1024,1024,3.4,3.4,SMALL-PRINT
Geode Inn/all building components for game/all gathered art for the game,w21_the_lindwurm_of_klagenfurt.png,jpeg,1024,1024,3.4,3.4,SMALL-PRINT
Geode Inn/all building components for game/all gathered art for the game,w22_the_wawel_dragon_smok_wawelski.png,jpeg,1024,1024,3.4,3.4,SMALL-PRINT
Geode Inn/all building components for game/all gathered art for the game,w22_the_wawel_dragon_smok_wawelski.png,jpeg,1024,1024,3.4,3.4,SMALL-PRINT
Geode Inn/all building components for game/all gathered art for the game,w22_the_wawel_dragon_smok_wawelski.png,jpeg,1024,1024,3.4,3.4,SMALL-PRINT
Geode Inn/all building components for game/all gathered art for the game,w23_tiddalik_the_frog.png,jpeg,1024,1024,3.4,3.4,SMALL-PRINT
Geode Inn/all building components for game/all gathered art for the game,w23_tiddalik_the_frog.png,jpeg,1024,1024,3.4,3.4,SMALL-PRINT
Geode Inn/all building components for game/all gathered art for the game,w23_tiddalik_the_frog.png,jpeg,1024,1024,3.4,3.4,SMALL-PRINT
Geode Inn/all building components for game/all gathered art for the game,w24_the_rainbow_serpent.png,jpeg,1024,1024,3.4,3.4,SMALL-PRINT
Geode Inn/all building components for game/all gathered art for the game,w24_the_rainbow_serpent.png,jpeg,1024,1024,3.4,3.4,SMALL-PRINT
Geode Inn/all building components for game/all gathered art for the game,w24_the_rainbow_serpent.png,jpeg,1024,1024,3.4,3.4,SMALL-PRINT
Geode Inn/all building components for game/all gathered art for the game,w25_tompondrano.png,jpeg,1024,1024,3.4,3.4,SMALL-PRINT
Geode Inn/all building components for game/all gathered art for the game,w25_tompondrano.png,jpeg,1024,1024,3.4,3.4,SMALL-PRINT
Geode Inn/all building components for game/all gathered art for the game,w25_tompondrano.png,jpeg,1024,1024,3.4,3.4,SMALL-PRINT
Geode Inn/all building components for game/all gathered art for the game,w26_the_rannamaari.png,jpeg,1024,1024,3.4,3.4,SMALL-PRINT
Geode Inn/all building components for game/all gathered art for the game,w26_the_rannamaari.png,jpeg,1024,1024,3.4,3.4,SMALL-PRINT
Geode Inn/all building components for game/all gathered art for the game,w26_the_rannamaari.png,jpeg,1024,1024,3.4,3.4,SMALL-PRINT
Geode Inn/all building components for game/all gathered art for the game,w27_the_altamaha-ha.png,jpeg,1024,1024,3.4,3.4,SMALL-PRINT
Geode Inn/all building components for game/all gathered art for the game,w27_the_altamaha-ha.png,jpeg,1024,1024,3.4,3.4,SMALL-PRINT
Geode Inn/all building components for game/all gathered art for the game,w27_the_altamaha-ha.png,jpeg,1024,1024,3.4,3.4,SMALL-PRINT
Geode Inn/all building components for game/all gathered art for the game,w28_aido-hwedo.png,jpeg,1024,1024,3.4,3.4,SMALL-PRINT
Geode Inn/all building components for game/all gathered art for the game,w28_aido-hwedo.png,jpeg,1024,1024,3.4,3.4,SMALL-PRINT
Geode Inn/all building components for game/all gathered art for the game,w28_aido-hwedo.png,jpeg,1024,1024,3.4,3.4,SMALL-PRINT
Geode Inn/all building components for game/all gathered art for the game,w29_lusca.png,jpeg,1024,1024,3.4,3.4,SMALL-PRINT
Geode Inn/all building components for game/all gathered art for the game,w29_lusca.png,jpeg,1024,1024,3.4,3.4,SMALL-PRINT
Geode Inn/all building components for game/all gathered art for the game,w29_lusca.png,jpeg,1024,1024,3.4,3.4,SMALL-PRINT
Geode Inn/all building components for game/all gathered art for the game,w2_kelpie.png,jpeg,1024,1024,3.4,3.4,SMALL-PRINT
Geode Inn/all building components for game/all gathered art for the game,w2_kelpie.png,jpeg,1024,1024,3.4,3.4,SMALL-PRINT
Geode Inn/all building components for game/all gathered art for the game,w2_kelpie.png,jpeg,1024,1024,3.4,3.4,SMALL-PRINT
Geode Inn/all building components for game/all gathered art for the game,w2_kelpie.png,jpeg,1024,1024,3.4,3.4,SMALL-PRINT
Geode Inn/all building components for game/all gathered art for the game,w30_the_miengu.png,jpeg,1024,1024,3.4,3.4,SMALL-PRINT
Geode Inn/all building components for game/all gathered art for the game,w30_the_miengu.png,jpeg,1024,1024,3.4,3.4,SMALL-PRINT
Geode Inn/all building components for game/all gathered art for the game,w30_the_miengu.png,jpeg,1024,1024,3.4,3.4,SMALL-PRINT
Geode Inn/all building components for game/all gathered art for the game,w31_mount_emeis_white_snake_bai_suzhen.png,jpeg,1024,1024,3.4,3.4,SMALL-PRINT
Geode Inn/all building components for game/all gathered art for the game,w31_mount_emeis_white_snake_bai_suzhen.png,jpeg,1024,1024,3.4,3.4,SMALL-PRINT
Geode Inn/all building components for game/all gathered art for the game,w31_mount_emeis_white_snake_bai_suzhen.png,jpeg,1024,1024,3.4,3.4,SMALL-PRINT
Geode Inn/all building components for game/all gathered art for the game,w32_ayia_napa_sea_serpent.png,jpeg,1024,1024,3.4,3.4,SMALL-PRINT
Geode Inn/all building components for game/all gathered art for the game,w32_ayia_napa_sea_serpent.png,jpeg,1024,1024,3.4,3.4,SMALL-PRINT
Geode Inn/all building components for game/all gathered art for the game,w32_ayia_napa_sea_serpent.png,jpeg,1024,1024,3.4,3.4,SMALL-PRINT
Geode Inn/all building components for game/all gathered art for the game,w3_the_bunyip.png,jpeg,1024,1024,3.4,3.4,SMALL-PRINT
Geode Inn/all building components for game/all gathered art for the game,w3_the_bunyip.png,jpeg,1024,1024,3.4,3.4,SMALL-PRINT
Geode Inn/all building components for game/all gathered art for the game,w3_the_bunyip.png,jpeg,1024,1024,3.4,3.4,SMALL-PRINT
Geode Inn/all building components for game/all gathered art for the game,w3_the_bunyip.png,jpeg,1024,1024,3.4,3.4,SMALL-PRINT
Geode Inn/all building components for game/all gathered art for the game,w4_bakunawa.png,jpeg,1024,1024,3.4,3.4,SMALL-PRINT
Geode Inn/all building components for game/all gathered art for the game,w4_bakunawa.png,jpeg,1024,1024,3.4,3.4,SMALL-PRINT
Geode Inn/all building components for game/all gathered art for the game,w4_bakunawa.png,jpeg,1024,1024,3.4,3.4,SMALL-PRINT
Geode Inn/all building components for game/all gathered art for the game,w4_bakunawa.png,jpeg,1024,1024,3.4,3.4,SMALL-PRINT
Geode Inn/all building components for game/all gathered art for the game,w5_taniwha.png,jpeg,1024,1024,3.4,3.4,SMALL-PRINT
Geode Inn/all building components for game/all gathered art for the game,w5_taniwha.png,jpeg,1024,1024,3.4,3.4,SMALL-PRINT
Geode Inn/all building components for game/all gathered art for the game,w5_taniwha.png,jpeg,1024,1024,3.4,3.4,SMALL-PRINT
Geode Inn/all building components for game/all gathered art for the game,w5_taniwha.png,jpeg,1024,1024,3.4,3.4,SMALL-PRINT
Geode Inn/all building components for game/all gathered art for the game,w6_adaro.png,jpeg,1024,1024,3.4,3.4,SMALL-PRINT
Geode Inn/all building components for game/all gathered art for the game,w6_adaro.png,jpeg,1024,1024,3.4,3.4,SMALL-PRINT
Geode Inn/all building components for game/all gathered art for the game,w6_adaro.png,jpeg,1024,1024,3.4,3.4,SMALL-PRINT
Geode Inn/all building components for game/all gathered art for the game,w6_adaro.png,jpeg,1024,1024,3.4,3.4,SMALL-PRINT
Geode Inn/all building components for game/all gathered art for the game,w7_grootslang.png,jpeg,1024,1024,3.4,3.4,SMALL-PRINT
Geode Inn/all building components for game/all gathered art for the game,w7_grootslang.png,jpeg,1024,1024,3.4,3.4,SMALL-PRINT
Geode Inn/all building components for game/all gathered art for the game,w7_grootslang.png,jpeg,1024,1024,3.4,3.4,SMALL-PRINT
Geode Inn/all building components for game/all gathered art for the game,w7_grootslang.png,jpeg,1024,1024,3.4,3.4,SMALL-PRINT
Geode Inn/all building components for game/all gathered art for the game,w8_iara.png,jpeg,1024,1024,3.4,3.4,SMALL-PRINT
Geode Inn/all building components for game/all gathered art for the game,w8_iara.png,jpeg,1024,1024,3.4,3.4,SMALL-PRINT
Geode Inn/all building components for game/all gathered art for the game,w8_iara.png,jpeg,1024,1024,3.4,3.4,SMALL-PRINT
Geode Inn/all building components for game/all gathered art for the game,w9_blue_men_of_the_minch.png,jpeg,1024,1024,3.4,3.4,SMALL-PRINT
Geode Inn/all building components for game/all gathered art for the game,w9_blue_men_of_the_minch.png,jpeg,1024,1024,3.4,3.4,SMALL-PRINT
Geode Inn/all building components for game/all gathered art for the game,w9_blue_men_of_the_minch.png,jpeg,1024,1024,3.4,3.4,SMALL-PRINT
Geode Inn/all building components for game/all gathered art for the game,w9_blue_men_of_the_minch.png,jpeg,1024,1024,3.4,3.4,SMALL-PRINT
Geode Inn/all building components for game/all gathered art for the game,wednesday_addams.png,jpeg,1024,1024,3.4,3.4,SMALL-PRINT
Geode Inn/all building components for game/all gathered art for the game,zone_fae_crystal_gardens.jpg,jpeg,1920,1080,6.4,3.6,CARD-READY
Geode Inn/all building components for game/all gathered art for the game,zone_fae_crystal_gardens.jpg,jpeg,1920,1080,6.4,3.6,CARD-READY
Geode Inn/all building components for game/all gathered art for the game,zone_fae_hollow.jpg,jpeg,1920,1080,6.4,3.6,CARD-READY
Geode Inn/all building components for game/all gathered art for the game,zone_fae_hollow.jpg,jpeg,1920,1080,6.4,3.6,CARD-READY
Geode Inn/all building components for game/all gathered art for the game,zone_fae_stone_circle.jpg,jpeg,1280,720,4.3,2.4,SMALL-PRINT
Geode Inn/all building components for game/all gathered art for the game,zone_fae_stone_circle.jpg,jpeg,1280,720,4.3,2.4,SMALL-PRINT
Geode Inn/all building components for game/all gathered art for the game,zone_fae_summerlands.jpg,jpeg,1920,1080,6.4,3.6,CARD-READY
Geode Inn/all building components for game/all gathered art for the game,zone_fae_summerlands.jpg,jpeg,1920,1080,6.4,3.6,CARD-READY
Geode Inn/all building components for game/all gathered art for the game,zone_fae_the_between.jpg,jpeg,1280,720,4.3,2.4,SMALL-PRINT
Geode Inn/all building components for game/all gathered art for the game,zone_fae_the_between.jpg,jpeg,1280,720,4.3,2.4,SMALL-PRINT
Geode Inn/all building components for game/all gathered art for the game,zone_fae_threshold.jpg,jpeg,1920,1080,6.4,3.6,CARD-READY
Geode Inn/all building components for game/all gathered art for the game,zone_fae_threshold.jpg,jpeg,1920,1080,6.4,3.6,CARD-READY
Geode Inn/all building components for game/all gathered art for the game,zone_mf_artisan_market.jpg,jpeg,1280,720,4.3,2.4,SMALL-PRINT
Geode Inn/all building components for game/all gathered art for the game,zone_mf_artisan_market.jpg,jpeg,1280,720,4.3,2.4,SMALL-PRINT
Geode Inn/all building components for game/all gathered art for the game,zone_mf_central_hearth.jpg,jpeg,1920,1080,6.4,3.6,CARD-READY
Geode Inn/all building components for game/all gathered art for the game,zone_mf_central_hearth.jpg,jpeg,1920,1080,6.4,3.6,CARD-READY
Geode Inn/all building components for game/all gathered art for the game,zone_mf_modern_legends.jpg,jpeg,1280,720,4.3,2.4,SMALL-PRINT
Geode Inn/all building components for game/all gathered art for the game,zone_mf_modern_legends.jpg,jpeg,1280,720,4.3,2.4,SMALL-PRINT
Geode Inn/all building components for game/all gathered art for the game,zone_mf_modern_religions.jpg,jpeg,1280,720,4.3,2.4,SMALL-PRINT
Geode Inn/all building components for game/all gathered art for the game,zone_mf_modern_religions.jpg,jpeg,1280,720,4.3,2.4,SMALL-PRINT
Geode Inn/all building components for game/all gathered art for the game,zone_origin_story.jpg,jpeg,640,360,2.1,1.2,SCREEN-ONLY
Geode Inn/all building components for game/all gathered art for the game,zone_origin_story.jpg,jpeg,640,360,2.1,1.2,SCREEN-ONLY
Geode Inn/all building components for game/all gathered art for the game,zone_origin_story.jpg,jpeg,640,360,2.1,1.2,SCREEN-ONLY
Geode Inn/all building components for game/all gathered art for the game,zone_st_alchemical_landing.jpg,jpeg,1280,720,4.3,2.4,SMALL-PRINT
Geode Inn/all building components for game/all gathered art for the game,zone_st_alchemical_landing.jpg,jpeg,1280,720,4.3,2.4,SMALL-PRINT
Geode Inn/all building components for game/all gathered art for the game,zone_st_alembic_window.jpg,jpeg,1920,1080,6.4,3.6,CARD-READY
Geode Inn/all building components for game/all gathered art for the game,zone_st_alembic_window.jpg,jpeg,1920,1080,6.4,3.6,CARD-READY
Geode Inn/all building components for game/all gathered art for the game,zone_st_transformation.jpg,jpeg,1920,1080,6.4,3.6,CARD-READY
Geode Inn/all building components for game/all gathered art for the game,zone_st_transformation.jpg,jpeg,1920,1080,6.4,3.6,CARD-READY
Geode Inn/all building components for game/all gathered art for the game,zone_up_allfathers_throne.jpg,jpeg,1280,720,4.3,2.4,SMALL-PRINT
Geode Inn/all building components for game/all gathered art for the game,zone_up_allfathers_throne.jpg,jpeg,1280,720,4.3,2.4,SMALL-PRINT
Geode Inn/all building components for game/all gathered art for the game,zone_up_ascension_canopy.jpg,jpeg,1280,720,4.3,2.4,SMALL-PRINT
Geode Inn/all building components for game/all gathered art for the game,zone_up_ascension_canopy.jpg,jpeg,1280,720,4.3,2.4,SMALL-PRINT
Geode Inn/all building components for game/all gathered art for the game,zone_up_cosmology_mural.jpg,jpeg,1280,720,4.3,2.4,SMALL-PRINT
Geode Inn/all building components for game/all gathered art for the game,zone_up_cosmology_mural.jpg,jpeg,1280,720,4.3,2.4,SMALL-PRINT
Geode Inn/all building components for game/all gathered art for the game,zone_up_planet_chamber.jpg,jpeg,1280,720,4.3,2.4,SMALL-PRINT
Geode Inn/all building components for game/all gathered art for the game,zone_up_planet_chamber.jpg,jpeg,1280,720,4.3,2.4,SMALL-PRINT
Geode Inn/all building components for game/all gathered art for the game,zone_wm_andean_highlands.jpg,jpeg,1280,720,4.3,2.4,SMALL-PRINT
Geode Inn/all building components for game/all gathered art for the game,zone_wm_andean_highlands.jpg,jpeg,1280,720,4.3,2.4,SMALL-PRINT
Geode Inn/all building components for game/all gathered art for the game,zone_wm_celtic_highlands.jpg,jpeg,1280,720,4.3,2.4,SMALL-PRINT
Geode Inn/all building components for game/all gathered art for the game,zone_wm_celtic_highlands.jpg,jpeg,1280,720,4.3,2.4,SMALL-PRINT
Geode Inn/all building components for game/all gathered art for the game,zone_wm_egyptian_desert.jpg,jpeg,1280,720,4.3,2.4,SMALL-PRINT
Geode Inn/all building components for game/all gathered art for the game,zone_wm_egyptian_desert.jpg,jpeg,1280,720,4.3,2.4,SMALL-PRINT
Geode Inn/all building components for game/all gathered art for the game,zone_wm_japanese_temple.jpg,jpeg,1280,720,4.3,2.4,SMALL-PRINT
Geode Inn/all building components for game/all gathered art for the game,zone_wm_japanese_temple.jpg,jpeg,1280,720,4.3,2.4,SMALL-PRINT
Geode Inn/all building components for game/all gathered art for the game,zone_wm_norse_coast.jpg,jpeg,1920,1080,6.4,3.6,CARD-READY
Geode Inn/all building components for game/all gathered art for the game,zone_wm_norse_coast.jpg,jpeg,1920,1080,6.4,3.6,CARD-READY
Geode Inn/all building components for game/all gathered art for the game,zone_wm_parchment_world.jpg,jpeg,1280,720,4.3,2.4,SMALL-PRINT
Geode Inn/all building components for game/all gathered art for the game,zone_wm_parchment_world.jpg,jpeg,1280,720,4.3,2.4,SMALL-PRINT
Geode Inn/all building components for game/all gathered art for the game,zone_wm_stonehenge.jpg,jpeg,1280,720,4.3,2.4,SMALL-PRINT
Geode Inn/all building components for game/all gathered art for the game,zone_wm_stonehenge.jpg,jpeg,1280,720,4.3,2.4,SMALL-PRINT
Geode Inn/all building components for game/all gathered art for the game,zone_wm_transylvanian_forest.jpg,jpeg,1280,720,4.3,2.4,SMALL-PRINT
Geode Inn/all building components for game/all gathered art for the game,zone_wm_transylvanian_forest.jpg,jpeg,1280,720,4.3,2.4,SMALL-PRINT
Geode Inn/all building components for game/all gathered art for the game,zorya_polunochnaya.png,jpeg,1024,1024,3.4,3.4,SMALL-PRINT
Geode Inn/all building components for game/all gathered art for the game/artifacts etc,Geode Inn — Emblem (Albedo).png,jpeg,1024,1024,3.4,3.4,SMALL-PRINT
Geode Inn/all building components for game/all gathered art for the game/artifacts etc,Geode Inn — Emblem (Nigredo).png,jpeg,1024,1024,3.4,3.4,SMALL-PRINT
Geode Inn/all building components for game/all gathered art for the game/artifacts etc,Geode Inn — Emblem (Philosopher_Stone).png,jpeg,1024,1024,3.4,3.4,SMALL-PRINT
Geode Inn/all building components for game/all gathered art for the game/artifacts etc,Geode Inn — Emblem (Rubedo).png,jpeg,1024,1024,3.4,3.4,SMALL-PRINT
Geode Inn/all building components for game/all gathered art for the game/artifacts etc,Geode Inn — Emblem Albedo (Stage 2).png,jpeg,1024,1024,3.4,3.4,SMALL-PRINT
Geode Inn/all building components for game/all gathered art for the game/artifacts etc,Geode Inn — Emblem Citrinitas (Stage 3).png,jpeg,1024,1024,3.4,3.4,SMALL-PRINT
Geode Inn/all building components for game/all gathered art for the game/artifacts etc,Geode Inn — Emblem Rubedo (Stage 4).png,jpeg,1024,1024,3.4,3.4,SMALL-PRINT
Geode Inn/all building components for game/all gathered art for the game/artifacts etc,Geode Inn — Logo Concept (V1).png,jpeg,1024,1024,3.4,3.4,SMALL-PRINT
Geode Inn/all building components for game/all gathered art for the game/artifacts etc,Geode Inn — Logo Concept V1 (Full Geode).png,jpeg,1024,1024,3.4,3.4,SMALL-PRINT
Geode Inn/all building components for game/all gathered art for the game/artifacts etc,Geode Inn — Logo Concept V2 (Clean Gear-Tree).png,jpeg,1024,1024,3.4,3.4,SMALL-PRINT
Geode Inn/all building components for game/all gathered art for the game/artifacts etc,Geode Inn — Official Logo (Hybrid).png,jpeg,1024,1024,3.4,3.4,SMALL-PRINT
Geode Inn/all building components for game/all gathered art for the game/artifacts etc,ariadnes thread.png,jpeg,1024,1024,3.4,3.4,SMALL-PRINT
Geode Inn/all building components for game/all gathered art for the game/artifacts etc,bull lyre.png,jpeg,1024,1024,3.4,3.4,SMALL-PRINT
Geode Inn/all building components for game/all gathered art for the game/artifacts etc,cosmic egg.png,jpeg,1024,1024,3.4,3.4,SMALL-PRINT
Geode Inn/all building components for game/all gathered art for the game/artifacts etc,death's music box.png,jpeg,1024,1024,3.4,3.4,SMALL-PRINT
Geode Inn/all building components for game/all gathered art for the game/artifacts etc,deaths_music_box.jpg,jpeg,1024,1024,3.4,3.4,SMALL-PRINT
Geode Inn/all building components for game/all gathered art for the game/artifacts etc,logo 1 of 1 of 1.jpg,jpeg,1024,1024,3.4,3.4,SMALL-PRINT
Geode Inn/all building components for game/all gathered art for the game/artifacts etc,magritte's pipe.jpg,jpeg,1024,1024,3.4,3.4,SMALL-PRINT
Geode Inn/all building components for game/all gathered art for the game/artifacts etc,medusa_lithophone.png,jpeg,1024,1024,3.4,3.4,SMALL-PRINT
Geode Inn/all building components for game/all gathered art for the game/artifacts etc,tesla's silver disc.png,jpeg,1024,1024,3.4,3.4,SMALL-PRINT
Geode Inn/all building components for game/all gathered art for the game/artifacts etc,the golden contract.png,jpeg,1024,1024,3.4,3.4,SMALL-PRINT
Geode Inn/all building components for game/all gathered art for the game/artifacts etc,the score stone.png,jpeg,1024,1024,3.4,3.4,SMALL-PRINT
Geode Inn/all building components for game/all gathered art for the game/artifacts etc,the star glyph.png,jpeg,1024,1024,3.4,3.4,SMALL-PRINT
Geode Inn/all building components for game/all gathered art for the game/artifacts etc,the_golden_contract.jpg,jpeg,1024,1024,3.4,3.4,SMALL-PRINT
Geode Inn/all building components for game/all gathered art for the game/chibi character representations for app games,chibi adaro.png,jpeg,1024,1024,3.4,3.4,SMALL-PRINT
Geode Inn/all building components for game/all gathered art for the game/chibi character representations for app games,chibi afanc.png,jpeg,1024,1024,3.4,3.4,SMALL-PRINT
Geode Inn/all building components for game/all gathered art for the game/chibi character representations for app games,chibi aido-hwedo.png,jpeg,1024,1024,3.4,3.4,SMALL-PRINT
Geode Inn/all building components for game/all gathered art for the game/chibi character representations for app games,chibi ammit the devourer.png,jpeg,1024,1024,3.4,3.4,SMALL-PRINT
Geode Inn/all building components for game/all gathered art for the game/chibi character representations for app games,chibi anansi the trickster.png,jpeg,1024,1024,3.4,3.4,SMALL-PRINT
Geode Inn/all building components for game/all gathered art for the game/chibi character representations for app games,chibi anubis the guide.png,jpeg,1024,1024,3.4,3.4,SMALL-PRINT
Geode Inn/all building components for game/all gathered art for the game/chibi character representations for app games,chibi arwe the serpent.png,jpeg,1024,1024,3.4,3.4,SMALL-PRINT
Geode Inn/all building components for game/all gathered art for the game/chibi character representations for app games,chibi ayia napa sea serpent.png,jpeg,1024,1024,3.4,3.4,SMALL-PRINT
Geode Inn/all building components for game/all gathered art for the game/chibi character representations for app games,chibi bakunawa.png,jpeg,1024,1024,3.4,3.4,SMALL-PRINT
Geode Inn/all building components for game/all gathered art for the game/chibi character representations for app games,chibi bastet.png,jpeg,1024,1024,3.4,3.4,SMALL-PRINT
Geode Inn/all building components for game/all gathered art for the game/chibi character representations for app games,chibi chullachaqui.png,jpeg,1024,1024,3.4,3.4,SMALL-PRINT
Geode Inn/all building components for game/all gathered art for the game/chibi character representations for app games,chibi djinn.png,jpeg,1024,1024,3.4,3.4,SMALL-PRINT
Geode Inn/all building components for game/all gathered art for the game/chibi character representations for app games,chibi draugen.png,jpeg,1024,1024,3.4,3.4,SMALL-PRINT
Geode Inn/all building components for game/all gathered art for the game/chibi character representations for app games,chibi el muki.png,jpeg,1024,1024,3.4,3.4,SMALL-PRINT
Geode Inn/all building components for game/all gathered art for the game/chibi character representations for app games,chibi grootslang.png,jpeg,1024,1024,3.4,3.4,SMALL-PRINT
Geode Inn/all building components for game/all gathered art for the game/chibi character representations for app games,chibi iara.png,jpeg,1024,1024,3.4,3.4,SMALL-PRINT
Geode Inn/all building components for game/all gathered art for the game/chibi character representations for app games,chibi inkanyamba.png,jpeg,1024,1024,3.4,3.4,SMALL-PRINT
Geode Inn/all building components for game/all gathered art for the game/chibi character representations for app games,chibi kelpie.png,jpeg,1024,1024,3.4,3.4,SMALL-PRINT
Geode Inn/all building components for game/all gathered art for the game/chibi character representations for app games,chibi kitsune.png,jpeg,1024,1024,3.4,3.4,SMALL-PRINT
Geode Inn/all building components for game/all gathered art for the game/chibi character representations for app games,chibi lusca.png,jpeg,1024,1024,3.4,3.4,SMALL-PRINT
Geode Inn/all building components for game/all gathered art for the game/chibi character representations for app games,chibi medusa.png,jpeg,1024,1024,3.4,3.4,SMALL-PRINT
Geode Inn/all building components for game/all gathered art for the game/chibi character representations for app games,chibi mermaid.png,jpeg,1024,1024,3.4,3.4,SMALL-PRINT
Geode Inn/all building components for game/all gathered art for the game/chibi character representations for app games,chibi moai spirit.png,jpeg,1024,1024,3.4,3.4,SMALL-PRINT
Geode Inn/all building components for game/all gathered art for the game/chibi character representations for app games,chibi mokele mbembe.png,jpeg,1024,1024,3.4,3.4,SMALL-PRINT
Geode Inn/all building components for game/all gathered art for the game/chibi character representations for app games,chibi mount emeis white snake bai suzhen.png,jpeg,1024,1024,3.4,3.4,SMALL-PRINT
Geode Inn/all building components for game/all gathered art for the game/chibi character representations for app games,chibi naga.png,jpeg,1024,1024,3.4,3.4,SMALL-PRINT
Geode Inn/all building components for game/all gathered art for the game/chibi character representations for app games,chibi nessie.png,jpeg,1024,1024,3.4,3.4,SMALL-PRINT
Geode Inn/all building components for game/all gathered art for the game/chibi character representations for app games,chibi ninki nanka.png,jpeg,1024,1024,3.4,3.4,SMALL-PRINT
Geode Inn/all building components for game/all gathered art for the game/chibi character representations for app games,chibi orc guard.png,jpeg,1024,1024,3.4,3.4,SMALL-PRINT
Geode Inn/all building components for game/all gathered art for the game/chibi character representations for app games,chibi quetzalcoatl.png,jpeg,1024,1024,3.4,3.4,SMALL-PRINT
Geode Inn/all building components for game/all gathered art for the game/chibi character representations for app games,chibi rusalka.png,jpeg,1024,1024,3.4,3.4,SMALL-PRINT
Geode Inn/all building components for game/all gathered art for the game/chibi character representations for app games,chibi selkie.png,jpeg,1024,1024,3.4,3.4,SMALL-PRINT
Geode Inn/all building components for game/all gathered art for the game/chibi character representations for app games,chibi taniwha.png,jpeg,1024,1024,3.4,3.4,SMALL-PRINT
Geode Inn/all building components for game/all gathered art for the game/chibi character representations for app games,chibi the altamaha ha.png,jpeg,1024,1024,3.4,3.4,SMALL-PRINT
Geode Inn/all building components for game/all gathered art for the game/chibi character representations for app games,chibi the bunyip.png,jpeg,1024,1024,3.4,3.4,SMALL-PRINT
Geode Inn/all building components for game/all gathered art for the game/chibi character representations for app games,chibi the lindwurm of klagenfurt.png,jpeg,1024,1024,3.4,3.4,SMALL-PRINT
Geode Inn/all building components for game/all gathered art for the game/chibi character representations for app games,chibi the lorelei.png,jpeg,1024,1024,3.4,3.4,SMALL-PRINT
Geode Inn/all building components for game/all gathered art for the game/chibi character representations for app games,chibi the miengu.png,jpeg,1024,1024,3.4,3.4,SMALL-PRINT
Geode Inn/all building components for game/all gathered art for the game/chibi character representations for app games,chibi the ningen.png,jpeg,1024,1024,3.4,3.4,SMALL-PRINT
Geode Inn/all building components for game/all gathered art for the game/chibi character representations for app games,chibi the rainbow serpent.png,jpeg,1024,1024,3.4,3.4,SMALL-PRINT
Geode Inn/all building components for game/all gathered art for the game/chibi character representations for app games,chibi the rannamaari.png,jpeg,1024,1024,3.4,3.4,SMALL-PRINT
Geode Inn/all building components for game/all gathered art for the game/chibi character representations for app games,chibi the tarasque.png,jpeg,1024,1024,3.4,3.4,SMALL-PRINT
Geode Inn/all building components for game/all gathered art for the game/chibi character representations for app games,chibi the wawel dragon smok wawelski.png,jpeg,1024,1024,3.4,3.4,SMALL-PRINT
Geode Inn/all building components for game/all gathered art for the game/chibi character representations for app games,chibi tiddalik the frog.png,jpeg,1024,1024,3.4,3.4,SMALL-PRINT
Geode Inn/all building components for game/all gathered art for the game/chibi character representations for app games,chibi tompondrano.png,jpeg,1024,1024,3.4,3.4,SMALL-PRINT
Geode Inn/all building components for game/all gathered art for the game/full presence characters,(the allfather) odin authoritative form.png,jpeg,1024,1024,3.4,3.4,SMALL-PRINT
Geode Inn/all building components for game/all gathered art for the game/full presence characters,(the wanderer) odin approachable form.png,jpeg,1024,1024,3.4,3.4,SMALL-PRINT
Geode Inn/all building components for game/all gathered art for the game/full presence characters,0049f3ab0_generated_image.jpg,jpeg,1024,1024,3.4,3.4,SMALL-PRINT
Geode Inn/all building components for game/all gathered art for the game/full presence characters,10_ammit_the_devourer.png,jpeg,1024,1024,3.4,3.4,SMALL-PRINT
Geode Inn/all building components for game/all gathered art for the game/full presence characters,11_anubis_the_guide.png,jpeg,1024,1024,3.4,3.4,SMALL-PRINT
Geode Inn/all building components for game/all gathered art for the game/full presence characters,125c1b8d9_generated_image.jpg,jpeg,1024,1024,3.4,3.4,SMALL-PRINT
Geode Inn/all building components for game/all gathered art for the game/full presence characters,12_el_muki.png,jpeg,1024,1024,3.4,3.4,SMALL-PRINT
Geode Inn/all building components for game/all gathered art for the game/full presence characters,13_medusa.png,jpeg,1024,1024,3.4,3.4,SMALL-PRINT
Geode Inn/all building components for game/all gathered art for the game/full presence characters,14_quetzalcoatl.png,jpeg,1024,1024,3.4,3.4,SMALL-PRINT
Geode Inn/all building components for game/all gathered art for the game/full presence characters,15_djinn.png,jpeg,1024,1024,3.4,3.4,SMALL-PRINT
Geode Inn/all building components for game/all gathered art for the game/full presence characters,16_kitsune.png,jpeg,1024,1024,3.4,3.4,SMALL-PRINT
Geode Inn/all building components for game/all gathered art for the game/full presence characters,17_naga.png,jpeg,1024,1024,3.4,3.4,SMALL-PRINT
Geode Inn/all building components for game/all gathered art for the game/full presence characters,18_moai_spirit.png,jpeg,1024,1024,3.4,3.4,SMALL-PRINT
Geode Inn/all building components for game/all gathered art for the game/full presence characters,19_chullachaqui.png,jpeg,1024,1024,3.4,3.4,SMALL-PRINT
Geode Inn/all building components for game/all gathered art for the game/full presence characters,1_seelie_fae_summer_court.png,jpeg,1024,1024,3.4,3.4,SMALL-PRINT
Geode Inn/all building components for game/all gathered art for the game/full presence characters,1b44dffc0_generated_image.jpg,jpeg,1024,1024,3.4,3.4,SMALL-PRINT
Geode Inn/all building components for game/all gathered art for the game/full presence characters,1e289761d_generated_image.jpg,jpeg,1024,1024,3.4,3.4,SMALL-PRINT
Geode Inn/all building components for game/all gathered art for the game/full presence characters,20_mermaid_npc.png,jpeg,1024,1024,3.4,3.4,SMALL-PRINT
Geode Inn/all building components for game/all gathered art for the game/full presence characters,21_orc_guard.png,jpeg,1024,1024,3.4,3.4,SMALL-PRINT
Geode Inn/all building components for game/all gathered art for the game/full presence characters,22_bastet.png,jpeg,1024,1024,3.4,3.4,SMALL-PRINT
Geode Inn/all building components for game/all gathered art for the game/full presence characters,23_the_owl_full_presence.png,jpeg,1024,1024,3.4,3.4,SMALL-PRINT
Geode Inn/all building components for game/all gathered art for the game/full presence characters,24_the_wanderer_odin__approachable_form.png,jpeg,1024,1024,3.4,3.4,SMALL-PRINT
Geode Inn/all building components for game/all gathered art for the game/full presence characters,24a83db5d_generated_image.jpg,jpeg,1024,1024,3.4,3.4,SMALL-PRINT
Geode Inn/all building components for game/all gathered art for the game/full presence characters,25_the_allfather_odin__authoritative_form.png,jpeg,1024,1024,3.4,3.4,SMALL-PRINT
Geode Inn/all building components for game/all gathered art for the game/full presence characters,26_the_architect_of_stairs_unseelie_court__the_maze_maker.png,jpeg,1024,1024,3.4,3.4,SMALL-PRINT
Geode Inn/all building components for game/all gathered art for the game/full presence characters,26_the_scholar_cthulhu__ambulatory_patron.png,jpeg,1024,1024,3.4,3.4,SMALL-PRINT
Geode Inn/all building components for game/all gathered art for the game/full presence characters,27_the_cabbit_cosmology_level__the_pirates_vessel.png,jpeg,1024,1024,3.4,3.4,SMALL-PRINT
Geode Inn/all building components for game/all gathered art for the game/full presence characters,2_unseelie_fae_winter_court.png,jpeg,1024,1024,3.4,3.4,SMALL-PRINT
Geode Inn/all building components for game/all gathered art for the game/full presence characters,2aa13e3a7_generated_image.jpg,jpeg,1024,1024,3.4,3.4,SMALL-PRINT
Geode Inn/all building components for game/all gathered art for the game/full presence characters,2eae221bf_generated_image.jpg,jpeg,1024,1024,3.4,3.4,SMALL-PRINT
Geode Inn/all building components for game/all gathered art for the game/full presence characters,2fefa0e76_generated_image.jpg,jpeg,1024,1024,3.4,3.4,SMALL-PRINT
Geode Inn/all building components for game/all gathered art for the game/full presence characters,3887.jpg,jpeg,1040,1110,3.5,3.7,SMALL-PRINT
Geode Inn/all building components for game/all gathered art for the game/full presence characters,390233464_generated_image.jpg,jpeg,1024,1024,3.4,3.4,SMALL-PRINT
Geode Inn/all building components for game/all gathered art for the game/full presence characters,391f70d42_undercity_clockmaker.jpg,jpeg,1024,1024,3.4,3.4,SMALL-PRINT
Geode Inn/all building components for game/all gathered art for the game/full presence characters,3_the_morrigan.png,jpeg,1024,1024,3.4,3.4,SMALL-PRINT
Geode Inn/all building components for game/all gathered art for the game/full presence characters,3cc7d0063_generated_image.jpg,jpeg,1024,1024,3.4,3.4,SMALL-PRINT
Geode Inn/all building components for game/all gathered art for the game/full presence characters,3e3eb0515_generated_image.jpg,jpeg,1024,1024,3.4,3.4,SMALL-PRINT
Geode Inn/all building components for game/all gathered art for the game/full presence characters,3f6291dec_generated_image.jpg,jpeg,1024,1024,3.4,3.4,SMALL-PRINT
Geode Inn/all building components for game/all gathered art for the game/full presence characters,409aae878_generated_image.jpg,jpeg,1024,1024,3.4,3.4,SMALL-PRINT
Geode Inn/all building components for game/all gathered art for the game/full presence characters,476d41631_generated_image.jpg,jpeg,1024,1024,3.4,3.4,SMALL-PRINT
Geode Inn/all building components for game/all gathered art for the game/full presence characters,48777a8a6_generated_image.jpg,jpeg,1024,1024,3.4,3.4,SMALL-PRINT
Geode Inn/all building components for game/all gathered art for the game/full presence characters,4_goblin_merchant.png,jpeg,1024,1024,3.4,3.4,SMALL-PRINT
Geode Inn/all building components for game/all gathered art for the game/full presence characters,4dd7ba52b_generated_image.jpg,jpeg,1024,1024,3.4,3.4,SMALL-PRINT
Geode Inn/all building components for game/all gathered art for the game/full presence characters,4ee20e225_generated_image.jpg,jpeg,1024,1024,3.4,3.4,SMALL-PRINT
Geode Inn/all building components for game/all gathered art for the game/full presence characters,4f31f37ce_undercity_blacksmith.jpg,jpeg,1024,1024,3.4,3.4,SMALL-PRINT
Geode Inn/all building components for game/all gathered art for the game/full presence characters,52c16f051_generated_image.jpg,jpeg,1024,1024,3.4,3.4,SMALL-PRINT
Geode Inn/all building components for game/all gathered art for the game/full presence characters,5_troll_gatekeeper.png,jpeg,1024,1024,3.4,3.4,SMALL-PRINT
Geode Inn/all building components for game/all gathered art for the game/full presence characters,5bb742aa3_generated_image.jpg,jpeg,1024,1024,3.4,3.4,SMALL-PRINT
Geode Inn/all building components for game/all gathered art for the game/full presence characters,65b6b25bb_generated_image.jpg,jpeg,1024,1024,3.4,3.4,SMALL-PRINT
Geode Inn/all building components for game/all gathered art for the game/full presence characters,6_dwarf_blacksmith_thorin-inspired.png,jpeg,1024,1024,3.4,3.4,SMALL-PRINT
Geode Inn/all building components for game/all gathered art for the game/full presence characters,76325bf89_generated_image.jpg,jpeg,1024,1024,3.4,3.4,SMALL-PRINT
Geode Inn/all building components for game/all gathered art for the game/full presence characters,77ee30e11_generated_image.jpg,jpeg,1024,1024,3.4,3.4,SMALL-PRINT
Geode Inn/all building components for game/all gathered art for the game/full presence characters,7_ent_guardian.png,jpeg,1024,1024,3.4,3.4,SMALL-PRINT
Geode Inn/all building components for game/all gathered art for the game/full presence characters,7be7da69b_generated_image.jpg,jpeg,1024,1024,3.4,3.4,SMALL-PRINT
Geode Inn/all building components for game/all gathered art for the game/full presence characters,7c3181045_generated_image.jpg,jpeg,1024,1024,3.4,3.4,SMALL-PRINT
Geode Inn/all building components for game/all gathered art for the game/full presence characters,7c5583b12_generated_image.jpg,jpeg,1024,1024,3.4,3.4,SMALL-PRINT
Geode Inn/all building components for game/all gathered art for the game/full presence characters,8464ff060_generated_image.jpg,jpeg,1024,1024,3.4,3.4,SMALL-PRINT
Geode Inn/all building components for game/all gathered art for the game/full presence characters,8_griffin_boss.png,jpeg,1024,1024,3.4,3.4,SMALL-PRINT
Geode Inn/all building components for game/all gathered art for the game/full presence characters,8e15da12e_generated_image.jpg,jpeg,1024,1024,3.4,3.4,SMALL-PRINT
Geode Inn/all building components for game/all gathered art for the game/full presence characters,911dcabea_generated_image.jpg,jpeg,1024,1024,3.4,3.4,SMALL-PRINT
Geode Inn/all building components for game/all gathered art for the game/full presence characters,95d01d2e1_generated_image.jpg,jpeg,1024,1024,3.4,3.4,SMALL-PRINT
Geode Inn/all building components for game/all gathered art for the game/full presence characters,96ba00b4a_generated_image.jpg,jpeg,1024,1024,3.4,3.4,SMALL-PRINT
Geode Inn/all building components for game/all gathered art for the game/full presence characters,9883139bf_generated_image.jpg,jpeg,1024,1024,3.4,3.4,SMALL-PRINT
Geode Inn/all building components for game/all gathered art for the game/full presence characters,9_anansi_the_trickster.png,jpeg,1024,1024,3.4,3.4,SMALL-PRINT
Geode Inn/all building components for game/all gathered art for the game/full presence characters,9e69fb416_generated_image.jpg,jpeg,1024,1024,3.4,3.4,SMALL-PRINT
Geode Inn/all building components for game/all gathered art for the game/full presence characters,Albert_Einstein.png,png,,,,,UNKNOWN
Geode Inn/all building components for game/all gathered art for the game/full presence characters,Albert_Einstein.png,png,,,,,UNKNOWN
Geode Inn/all building components for game/all gathered art for the game/full presence characters,Ammonite_Sovereign_Canadian_Rockies_Shadow.png,png,,,,,UNKNOWN
Geode Inn/all building components for game/all gathered art for the game/full presence characters,Ammonite_Sovereign_Canadian_Rockies_Shadow.png,png,,,,,UNKNOWN
Geode Inn/all building components for game/all gathered art for the game/full presence characters,Andra_—_Siren_(Deep_Water).png,jpeg,1024,1024,3.4,3.4,SMALL-PRINT
Geode Inn/all building components for game/all gathered art for the game/full presence characters,Andra_—_Siren_(Land).png,jpeg,1024,1024,3.4,3.4,SMALL-PRINT
Geode Inn/all building components for game/all gathered art for the game/full presence characters,Aurallia.png,png,,,,,UNKNOWN
Geode Inn/all building components for game/all gathered art for the game/full presence characters,Bard.png,png,,,,,UNKNOWN
Geode Inn/all building components for game/all gathered art for the game/full presence characters,Bastet.png,jpeg,1024,1024,3.4,3.4,SMALL-PRINT
Geode Inn/all building components for game/all gathered art for the game/full presence characters,Belladonna.png,jpeg,1024,1024,3.4,3.4,SMALL-PRINT
Geode Inn/all building components for game/all gathered art for the game/full presence characters,Beorn.png,jpeg,1024,1024,3.4,3.4,SMALL-PRINT
Geode Inn/all building components for game/all gathered art for the game/full presence characters,Beverley_the_Librarian.png,png,,,,,UNKNOWN
Geode Inn/all building components for game/all gathered art for the game/full presence characters,Beverley_the_Librarian.png,png,,,,,UNKNOWN
Geode Inn/all building components for game/all gathered art for the game/full presence characters,Bohemian_Rhapsody_—_Necklace_Design.png,jpeg,1024,1024,3.4,3.4,SMALL-PRINT
Geode Inn/all building components for game/all gathered art for the game/full presence characters,Bohemian_Rhapsody_—_Necklace_Design.png,jpeg,1024,1024,3.4,3.4,SMALL-PRINT
Geode Inn/all building components for game/all gathered art for the game/full presence characters,Camelot's_Erised_Layer.png,png,,,,,UNKNOWN
Geode Inn/all building components for game/all gathered art for the game/full presence characters,Charles_Chameleon_Druid.png,png,,,,,UNKNOWN
Geode Inn/all building components for game/all gathered art for the game/full presence characters,Crone (2).png,png,,,,,UNKNOWN
Geode Inn/all building components for game/all gathered art for the game/full presence characters,Cthulhu_the_Scholar.png,png,,,,,UNKNOWN
Geode Inn/all building components for game/all gathered art for the game/full presence characters,Death (2).png,png,,,,,UNKNOWN
Geode Inn/all building components for game/all gathered art for the game/full presence characters,Eileen.png,jpeg,1024,1024,3.4,3.4,SMALL-PRINT
Geode Inn/all building components for game/all gathered art for the game/full presence characters,Eres 1.png,jpeg,1024,1024,3.4,3.4,SMALL-PRINT
Geode Inn/all building components for game/all gathered art for the game/full presence characters,Eres 2.png,png,,,,,UNKNOWN
Geode Inn/all building components for game/all gathered art for the game/full presence characters,Eres_the_Cabbit_The_Constant's_Companion.png,png,,,,,UNKNOWN
Geode Inn/all building components for game/all gathered art for the game/full presence characters,Fossilized_Leviathan_Atlantis_Shadow.png,png,,,,,UNKNOWN
Geode Inn/all building components for game/all gathered art for the game/full presence characters,Fossilized_Leviathan_Atlantis_Shadow.png,png,,,,,UNKNOWN
Geode Inn/all building components for game/all gathered art for the game/full presence characters,Freyr_and_Freyja.png,png,,,,,UNKNOWN
Geode Inn/all building components for game/all gathered art for the game/full presence characters,Frost-Inked_Ormr_Norse_Realms_Shadow.png,png,,,,,UNKNOWN
Geode Inn/all building components for game/all gathered art for the game/full presence characters,Frost-Inked_Ormr_Norse_Realms_Shadow.png,png,,,,,UNKNOWN
Geode Inn/all building components for game/all gathered art for the game/full presence characters,Geode_Inn_—_Bone_Room_(Concept_Art).png,jpeg,1024,1024,3.4,3.4,SMALL-PRINT
Geode Inn/all building components for game/all gathered art for the game/full presence characters,Geode_Inn_—_Bone_Room_(Concept_Art).png,jpeg,1024,1024,3.4,3.4,SMALL-PRINT
Geode Inn/all building components for game/all gathered art for the game/full presence characters,Geode_Inn_—_Emblem_(Albedo).png,jpeg,1024,1024,3.4,3.4,SMALL-PRINT
Geode Inn/all building components for game/all gathered art for the game/full presence characters,Geode_Inn_—_Emblem_(Nigredo).png,jpeg,1024,1024,3.4,3.4,SMALL-PRINT
Geode Inn/all building components for game/all gathered art for the game/full presence characters,Geode_Inn_—_Emblem_(Philosopher_Stone).png,jpeg,1024,1024,3.4,3.4,SMALL-PRINT
Geode Inn/all building components for game/all gathered art for the game/full presence characters,Geode_Inn_—_Emblem_(Rubedo).png,jpeg,1024,1024,3.4,3.4,SMALL-PRINT
Geode Inn/all building components for game/all gathered art for the game/full presence characters,Geode_Inn_—_Emblem_Albedo_(Stage_2).png,jpeg,1024,1024,3.4,3.4,SMALL-PRINT
Geode Inn/all building components for game/all gathered art for the game/full presence characters,Geode_Inn_—_Emblem_Citrinitas_(Stage_3).png,jpeg,1024,1024,3.4,3.4,SMALL-PRINT
Geode Inn/all building components for game/all gathered art for the game/full presence characters,Geode_Inn_—_Emblem_Nigredo_(Stage_1).png,jpeg,1024,1024,3.4,3.4,SMALL-PRINT
Geode Inn/all building components for game/all gathered art for the game/full presence characters,Geode_Inn_—_Emblem_Philosopher's_Stone_(Stage_5).png,jpeg,1024,1024,3.4,3.4,SMALL-PRINT
Geode Inn/all building components for game/all gathered art for the game/full presence characters,Geode_Inn_—_Emblem_Rubedo_(Stage_4).png,jpeg,1024,1024,3.4,3.4,SMALL-PRINT
Geode Inn/all building components for game/all gathered art for the game/full presence characters,Geode_Inn_—_Logo_Concept_(V1).png,jpeg,1024,1024,3.4,3.4,SMALL-PRINT
Geode Inn/all building components for game/all gathered art for the game/full presence characters,Geode_Inn_—_Logo_Concept_(V2).png,jpeg,1024,1024,3.4,3.4,SMALL-PRINT
Geode Inn/all building components for game/all gathered art for the game/full presence characters,Geode_Inn_—_Logo_Concept_(V4).png,jpeg,1024,1024,3.4,3.4,SMALL-PRINT
Geode Inn/all building components for game/all gathered art for the game/full presence characters,Geode_Inn_—_Logo_Concept_V1_(Full_Geode).png,jpeg,1024,1024,3.4,3.4,SMALL-PRINT
Geode Inn/all building components for game/all gathered art for the game/full presence characters,Geode_Inn_—_Logo_Concept_V2_(Clean_Gear-Tree).png,jpeg,1024,1024,3.4,3.4,SMALL-PRINT
Geode Inn/all building components for game/all gathered art for the game/full presence characters,Geode_Inn_—_Logo_Concept_V3_(Escher).png,jpeg,1024,1024,3.4,3.4,SMALL-PRINT
Geode Inn/all building components for game/all gathered art for the game/full presence characters,Geode_Inn_—_Official_Logo_(Hybrid).png,jpeg,1024,1024,3.4,3.4,SMALL-PRINT
Geode Inn/all building components for game/all gathered art for the game/full presence characters,Geode_Inn_—_River_the_Sentinel_(Concept_Art).png,jpeg,1024,1024,3.4,3.4,SMALL-PRINT
Geode Inn/all building components for game/all gathered art for the game/full presence characters,Geode_Inn_—_River_the_Sentinel_(Concept_Art).png,jpeg,1024,1024,3.4,3.4,SMALL-PRINT
Geode Inn/all building components for game/all gathered art for the game/full presence characters,Geode_Inn_—_Viking_Ship_Mead_Hall_(Concept_Art).png,jpeg,1024,1024,3.4,3.4,SMALL-PRINT
Geode Inn/all building components for game/all gathered art for the game/full presence characters,Gilgamesh_the_Petrified_Mesopotamia_Shadow.png,png,,,,,UNKNOWN
Geode Inn/all building components for game/all gathered art for the game/full presence characters,Gilgamesh_the_Petrified_Mesopotamia_Shadow.png,png,,,,,UNKNOWN
Geode Inn/all building components for game/all gathered art for the game/full presence characters,Madame_Mim.png,png,,,,,UNKNOWN
Geode Inn/all building components for game/all gathered art for the game/full presence characters,Malachi 4.png,png,,,,,UNKNOWN
Geode Inn/all building components for game/all gathered art for the game/full presence characters,Malachi the unseelie king.png,jpeg,1024,1024,3.4,3.4,SMALL-PRINT
Geode Inn/all building components for game/all gathered art for the game/full presence characters,Malachi version 1.png,jpeg,1024,1024,3.4,3.4,SMALL-PRINT
Geode Inn/all building components for game/all gathered art for the game/full presence characters,Medusa.png,png,,,,,UNKNOWN
Geode Inn/all building components for game/all gathered art for the game/full presence characters,Medusa.png,png,,,,,UNKNOWN
Geode Inn/all building components for game/all gathered art for the game/full presence characters,Merlin_and_Archimedes.png,png,,,,,UNKNOWN
Geode Inn/all building components for game/all gathered art for the game/full presence characters,Merlin_and_Archimedes.png,png,,,,,UNKNOWN
Geode Inn/all building components for game/all gathered art for the game/full presence characters,Mimm.png,jpeg,1024,1024,3.4,3.4,SMALL-PRINT
Geode Inn/all building components for game/all gathered art for the game/full presence characters,Naut 1.png,jpeg,1024,1024,3.4,3.4,SMALL-PRINT
Geode Inn/all building components for game/all gathered art for the game/full presence characters,Naut.png,png,,,,,UNKNOWN
Geode Inn/all building components for game/all gathered art for the game/full presence characters,Newton.png,png,,,,,UNKNOWN
Geode Inn/all building components for game/all gathered art for the game/full presence characters,Nightshade_Matron_Poison_Garden_Shadow.png,png,,,,,UNKNOWN
Geode Inn/all building components for game/all gathered art for the game/full presence characters,Nikola_Tesla.png,png,,,,,UNKNOWN
Geode Inn/all building components for game/all gathered art for the game/full presence characters,Odin_the_Allfather.png,png,,,,,UNKNOWN
Geode Inn/all building components for game/all gathered art for the game/full presence characters,Odin_the_Allfather.png,png,,,,,UNKNOWN
Geode Inn/all building components for game/all gathered art for the game/full presence characters,Odin_the_Wanderer.png,png,,,,,UNKNOWN
Geode Inn/all building components for game/all gathered art for the game/full presence characters,Odin_the_Wanderer.png,png,,,,,UNKNOWN
Geode Inn/all building components for game/all gathered art for the game/full presence characters,Oleander.png,jpeg,1024,1024,3.4,3.4,SMALL-PRINT
Geode Inn/all building components for game/all gathered art for the game/full presence characters,Persephone_and_Hades.png,png,,,,,UNKNOWN
Geode Inn/all building components for game/all gathered art for the game/full presence characters,Petrified_Hymn_Redwood_Cathedral_Shadow.png,png,,,,,UNKNOWN
Geode Inn/all building components for game/all gathered art for the game/full presence characters,Petrified_Hymn_Redwood_Cathedral_Shadow.png,png,,,,,UNKNOWN
Geode Inn/all building components for game/all gathered art for the game/full presence characters,Prism_of_Reinvention_Meadery_Shadow.png,png,,,,,UNKNOWN
Geode Inn/all building components for game/all gathered art for the game/full presence characters,Prism_of_Reinvention_Meadery_Shadow.png,png,,,,,UNKNOWN
Geode Inn/all building components for game/all gathered art for the game/full presence characters,Queen of Words (seelie queen).png,jpeg,1024,1024,3.4,3.4,SMALL-PRINT
Geode Inn/all building components for game/all gathered art for the game/full presence characters,Queen_of_Roots (2).png,png,,,,,UNKNOWN
Geode Inn/all building components for game/all gathered art for the game/full presence characters,Queen_of_Words.png,jpeg,1024,1024,3.4,3.4,SMALL-PRINT
Geode Inn/all building components for game/all gathered art for the game/full presence characters,Royo_Playing_Card_Deck.png,png,,,,,UNKNOWN
Geode Inn/all building components for game/all gathered art for the game/full presence characters,Royo_Playing_Card_Deck.png,png,,,,,UNKNOWN
Geode Inn/all building components for game/all gathered art for the game/full presence characters,Seelie_King_and_Queen.png,png,,,,,UNKNOWN
Geode Inn/all building components for game/all gathered art for the game/full presence characters,Shifting_Man.png,png,,,,,UNKNOWN
Geode Inn/all building components for game/all gathered art for the game/full presence characters,Siren.png,png,,,,,UNKNOWN
Geode Inn/all building components for game/all gathered art for the game/full presence characters,Subtractive_Archon_Cave_City_Shadow.png,png,,,,,UNKNOWN
Geode Inn/all building components for game/all gathered art for the game/full presence characters,Subtractive_Archon_Cave_City_Shadow.png,png,,,,,UNKNOWN
Geode Inn/all building components for game/all gathered art for the game/full presence characters,The Blacksmith (Undercity).png,jpeg,1024,1024,3.4,3.4,SMALL-PRINT
Geode Inn/all building components for game/all gathered art for the game/full presence characters,The Clockmaker (Undercity).png,jpeg,1024,1024,3.4,3.4,SMALL-PRINT
Geode Inn/all building components for game/all gathered art for the game/full presence characters,The_Artisan_Thief.png,png,,,,,UNKNOWN
Geode Inn/all building components for game/all gathered art for the game/full presence characters,The_Astronomer.png,jpeg,1024,1024,3.4,3.4,SMALL-PRINT
Geode Inn/all building components for game/all gathered art for the game/full presence characters,The_Bard_Blowhard_Dad.png,png,,,,,UNKNOWN
Geode Inn/all building components for game/all gathered art for the game/full presence characters,The_Blacksmith_(Undercity).png,jpeg,1024,1024,3.4,3.4,SMALL-PRINT
Geode Inn/all building components for game/all gathered art for the game/full presence characters,The_Bone_Room.png,png,,,,,UNKNOWN
Geode Inn/all building components for game/all gathered art for the game/full presence characters,The_Bone_Room_Marijke's_Room.png,png,,,,,UNKNOWN
Geode Inn/all building components for game/all gathered art for the game/full presence characters,The_Brownies.png,jpeg,1024,1024,3.4,3.4,SMALL-PRINT
Geode Inn/all building components for game/all gathered art for the game/full presence characters,The_Catalyst_Bartender.png,png,,,,,UNKNOWN
Geode Inn/all building components for game/all gathered art for the game/full presence characters,The_Catalyst_Bartender.png,png,,,,,UNKNOWN
Geode Inn/all building components for game/all gathered art for the game/full presence characters,The_Ceiling_Gnome.png,png,,,,,UNKNOWN
Geode Inn/all building components for game/all gathered art for the game/full presence characters,The_Clockmaker_(Undercity).png,jpeg,1024,1024,3.4,3.4,SMALL-PRINT
Geode Inn/all building components for game/all gathered art for the game/full presence characters,The_Constant.png,jpeg,1024,1024,3.4,3.4,SMALL-PRINT
Geode Inn/all building components for game/all gathered art for the game/full presence characters,The_Cosmic_Crew.png,png,,,,,UNKNOWN
Geode Inn/all building components for game/all gathered art for the game/full presence characters,The_Council_of_Thinkers.png,png,,,,,UNKNOWN
Geode Inn/all building components for game/all gathered art for the game/full presence characters,The_Drowned_Cathedral_Water_Zone_Shadow.png,png,,,,,UNKNOWN
Geode Inn/all building components for game/all gathered art for the game/full presence characters,The_Drowned_Cathedral_Water_Zone_Shadow.png,png,,,,,UNKNOWN
Geode Inn/all building components for game/all gathered art for the game/full presence characters,The_Ents.png,png,,,,,UNKNOWN
Geode Inn/all building components for game/all gathered art for the game/full presence characters,The_Examiner_Fragment_849_Quest_Chain.png,png,,,,,UNKNOWN
Geode Inn/all building components for game/all gathered art for the game/full presence characters,The_Examiner_Fragment_849_Quest_Chain.png,png,,,,,UNKNOWN
Geode Inn/all building components for game/all gathered art for the game/full presence characters,The_Faberge_Egg_Seven-Layer_Endgame_Puzzle.png,png,,,,,UNKNOWN
Geode Inn/all building components for game/all gathered art for the game/full presence characters,The_Fallen_Forest_Canopy_City_Shadow.png,png,,,,,UNKNOWN
Geode Inn/all building components for game/all gathered art for the game/full presence characters,The_Fallen_Forest_Canopy_City_Shadow.png,png,,,,,UNKNOWN
Geode Inn/all building components for game/all gathered art for the game/full presence characters,The_Fallen_Pantheon_Greece_Shadow.png,png,,,,,UNKNOWN
Geode Inn/all building components for game/all gathered art for the game/full presence characters,The_Fallen_Pantheon_Greece_Shadow.png,png,,,,,UNKNOWN
Geode Inn/all building components for game/all gathered art for the game/full presence characters,The_Fixer_Wrought.png,png,,,,,UNKNOWN
Geode Inn/all building components for game/all gathered art for the game/full presence characters,The_Frozen_Court_Fae_Kingdom_Shadow.png,png,,,,,UNKNOWN
Geode Inn/all building components for game/all gathered art for the game/full presence characters,The_Frozen_Court_Fae_Kingdom_Shadow.png,png,,,,,UNKNOWN
Geode Inn/all building components for game/all gathered art for the game/full presence characters,The_Gardener.png,png,,,,,UNKNOWN
Geode Inn/all building components for game/all gathered art for the game/full presence characters,The_Gold_City_Undercity_Shadow.png,png,,,,,UNKNOWN
Geode Inn/all building components for game/all gathered art for the game/full presence characters,The_Gold_City_Undercity_Shadow.png,png,,,,,UNKNOWN
Geode Inn/all building components for game/all gathered art for the game/full presence characters,The_Keeper_Aughra.png,png,,,,,UNKNOWN
Geode Inn/all building components for game/all gathered art for the game/full presence characters,The_Laughing_One_Story-Born_Ent.png,png,,,,,UNKNOWN
Geode Inn/all building components for game/all gathered art for the game/full presence characters,The_Living_Book_System_Interactive_Literature.png,png,,,,,UNKNOWN
Geode Inn/all building components for game/all gathered art for the game/full presence characters,The_Mirror_Camelot's_Erised_Layer.png,png,,,,,UNKNOWN
Geode Inn/all building components for game/all gathered art for the game/full presence characters,The_Morrigan 3.png,png,,,,,UNKNOWN
Geode Inn/all building components for game/all gathered art for the game/full presence characters,The_Owl 4.png,png,,,,,UNKNOWN
Geode Inn/all building components for game/all gathered art for the game/full presence characters,The_Pirate_3.png,png,,,,,UNKNOWN
Geode Inn/all building components for game/all gathered art for the game/full presence characters,The_Pirate_Inigo_After_Quest.png,png,,,,,UNKNOWN
Geode Inn/all building components for game/all gathered art for the game/full presence characters,The_Pulse_Line_Visual_Heartbeat_UI.png,png,,,,,UNKNOWN
Geode Inn/all building components for game/all gathered art for the game/full presence characters,The_Pulse_Line_Visual_Heartbeat_UI.png,png,,,,,UNKNOWN
Geode Inn/all building components for game/all gathered art for the game/full presence characters,The_Queen_of_Roots.png,png,,,,,UNKNOWN
Geode Inn/all building components for game/all gathered art for the game/full presence characters,The_Queen_of_Words.png,png,,,,,UNKNOWN
Geode Inn/all building components for game/all gathered art for the game/full presence characters,The_Sealed_Tomb_Egypt_Shadow.png,png,,,,,UNKNOWN
Geode Inn/all building components for game/all gathered art for the game/full presence characters,The_Sealed_Tomb_Egypt_Shadow.png,png,,,,,UNKNOWN
Geode Inn/all building components for game/all gathered art for the game/full presence characters,The_Shifting_Man.png,png,,,,,UNKNOWN
Geode Inn/all building components for game/all gathered art for the game/full presence characters,The_Smiths.png,png,,,,,UNKNOWN
Geode Inn/all building components for game/all gathered art for the game/full presence characters,The_Song_of_Making_Stone_Circle_Chamber.png,png,,,,,UNKNOWN
Geode Inn/all building components for game/all gathered art for the game/full presence characters,The_Song_of_Making_Stone_Circle_Chamber.png,png,,,,,UNKNOWN
Geode Inn/all building components for game/all gathered art for the game/full presence characters,The_Stopped_Clock_Clockwork_Skies_Shadow.png,png,,,,,UNKNOWN
Geode Inn/all building components for game/all gathered art for the game/full presence characters,The_Stopped_Clock_Clockwork_Skies_Shadow.png,png,,,,,UNKNOWN
Geode Inn/all building components for game/all gathered art for the game/full presence characters,The_Storyteller.png,png,,,,,UNKNOWN
Geode Inn/all building components for game/all gathered art for the game/full presence characters,The_Storyteller_Tim_Curry_NPC.png,png,,,,,UNKNOWN
Geode Inn/all building components for game/all gathered art for the game/full presence characters,The_Thrum.png,jpeg,1024,1024,3.4,3.4,SMALL-PRINT
Geode Inn/all building components for game/all gathered art for the game/full presence characters,The_Tinker_(Tinkering_Weeaboo).png,png,,,,,UNKNOWN
Geode Inn/all building components for game/all gathered art for the game/full presence characters,The_Tinker_Tinkering_Weeaboo.png,png,,,,,UNKNOWN
Geode Inn/all building components for game/all gathered art for the game/full presence characters,The_Unseelie_King.png,png,,,,,UNKNOWN
Geode Inn/all building components for game/all gathered art for the game/full presence characters,The_Vanir_Freyr_and_Freyja.png,png,,,,,UNKNOWN
Geode Inn/all building components for game/all gathered art for the game/full presence characters,The_Waking_Mountain_Peru_Shadow.png,png,,,,,UNKNOWN
Geode Inn/all building components for game/all gathered art for the game/full presence characters,The_Waking_Mountain_Peru_Shadow.png,png,,,,,UNKNOWN
Geode Inn/all building components for game/all gathered art for the game/full presence characters,Thorin_and_Marijke.png,png,,,,,UNKNOWN
Geode Inn/all building components for game/all gathered art for the game/full presence characters,Undercity_—_Concept_(Gothic-Klimt).png,jpeg,1024,1024,3.4,3.4,SMALL-PRINT
Geode Inn/all building components for game/all gathered art for the game/full presence characters,Vaulknut (2).png,png,,,,,UNKNOWN
Geode Inn/all building components for game/all gathered art for the game/full presence characters,Vaulknut.png,jpeg,1024,1024,3.4,3.4,SMALL-PRINT
Geode Inn/all building components for game/all gathered art for the game/full presence characters,Viking_Ship_Mead_Hall.png,jpeg,1024,1024,3.4,3.4,SMALL-PRINT
Geode Inn/all building components for game/all gathered art for the game/full presence characters,Wrought.png,png,,,,,UNKNOWN
Geode Inn/all building components for game/all gathered art for the game/full presence characters,a56114615_generated_image.jpg,jpeg,1024,1024,3.4,3.4,SMALL-PRINT
Geode Inn/all building components for game/all gathered art for the game/full presence characters,a6b660106_generated_image.jpg,jpeg,1024,1024,3.4,3.4,SMALL-PRINT
Geode Inn/all building components for game/all gathered art for the game/full presence characters,ab5875997_zee_merman.jpg,jpeg,1024,1024,3.4,3.4,SMALL-PRINT
Geode Inn/all building components for game/all gathered art for the game/full presence characters,abalone.png,jpeg,1024,1024,3.4,3.4,SMALL-PRINT
Geode Inn/all building components for game/all gathered art for the game/full presence characters,abalone.png,jpeg,1024,1024,3.4,3.4,SMALL-PRINT
Geode Inn/all building components for game/all gathered art for the game/full presence characters,adam_catacombs_watcher.png,jpeg,1024,1024,3.4,3.4,SMALL-PRINT
Geode Inn/all building components for game/all gathered art for the game/full presence characters,adam_catacombs_watcher.png,jpeg,1024,1024,3.4,3.4,SMALL-PRINT
Geode Inn/all building components for game/all gathered art for the game/full presence characters,adam_concept.png,jpeg,1024,1024,3.4,3.4,SMALL-PRINT
Geode Inn/all building components for game/all gathered art for the game/full presence characters,adam_concept.png,jpeg,1024,1024,3.4,3.4,SMALL-PRINT
Geode Inn/all building components for game/all gathered art for the game/full presence characters,adam_cosmology_reverent.png,jpeg,1024,1024,3.4,3.4,SMALL-PRINT
Geode Inn/all building components for game/all gathered art for the game/full presence characters,adam_cosmology_reverent.png,jpeg,1024,1024,3.4,3.4,SMALL-PRINT
Geode Inn/all building components for game/all gathered art for the game/full presence characters,adam_staircase_transformer.png,jpeg,1024,1024,3.4,3.4,SMALL-PRINT
Geode Inn/all building components for game/all gathered art for the game/full presence characters,adam_staircase_transformer.png,jpeg,1024,1024,3.4,3.4,SMALL-PRINT
Geode Inn/all building components for game/all gathered art for the game/full presence characters,adam_undercity_sibling.png,jpeg,1024,1024,3.4,3.4,SMALL-PRINT
Geode Inn/all building components for game/all gathered art for the game/full presence characters,adam_undercity_sibling.png,jpeg,1024,1024,3.4,3.4,SMALL-PRINT
Geode Inn/all building components for game/all gathered art for the game/full presence characters,adam_water_free.png,jpeg,1024,1024,3.4,3.4,SMALL-PRINT
Geode Inn/all building components for game/all gathered art for the game/full presence characters,adam_water_free.png,jpeg,1024,1024,3.4,3.4,SMALL-PRINT
Geode Inn/all building components for game/all gathered art for the game/full presence characters,agates.png,jpeg,1024,1024,3.4,3.4,SMALL-PRINT
Geode Inn/all building components for game/all gathered art for the game/full presence characters,agatized_fossil_coprolite_dinosaur_coral_fossils_opalized_wood_orthoceras.png,jpeg,1024,1024,3.4,3.4,SMALL-PRINT
Geode Inn/all building components for game/all gathered art for the game/full presence characters,alexandrite.png,jpeg,1024,1024,3.4,3.4,SMALL-PRINT
Geode Inn/all building components for game/all gathered art for the game/full presence characters,alpine_granite.png,jpeg,1024,1024,3.4,3.4,SMALL-PRINT
Geode Inn/all building components for game/all gathered art for the game/full presence characters,amazonian_aquamarine.png,png,1024,1024,3.4,3.4,SMALL-PRINT
Geode Inn/all building components for game/all gathered art for the game/full presence characters,amazonite.png,jpeg,1024,1024,3.4,3.4,SMALL-PRINT
Geode Inn/all building components for game/all gathered art for the game/full presence characters,amber.png,jpeg,1024,1024,3.4,3.4,SMALL-PRINT
Geode Inn/all building components for game/all gathered art for the game/full presence characters,amethyst.png,jpeg,1024,1024,3.4,3.4,SMALL-PRINT
Geode Inn/all building components for game/all gathered art for the game/full presence characters,ametrine.png,jpeg,1024,1024,3.4,3.4,SMALL-PRINT
Geode Inn/all building components for game/all gathered art for the game/full presence characters,ammolite.png,jpeg,1024,1024,3.4,3.4,SMALL-PRINT
Geode Inn/all building components for game/all gathered art for the game/full presence characters,ammonite.png,jpeg,1024,1024,3.4,3.4,SMALL-PRINT
Geode Inn/all building components for game/all gathered art for the game/full presence characters,andalusite.png,jpeg,1024,1024,3.4,3.4,SMALL-PRINT
Geode Inn/all building components for game/all gathered art for the game/full presence characters,andean_highlands.jpg,jpeg,1280,720,4.3,2.4,SMALL-PRINT
Geode Inn/all building components for game/all gathered art for the game/full presence characters,andra water.jpg,jpeg,1024,1024,3.4,3.4,SMALL-PRINT
Geode Inn/all building components for game/all gathered art for the game/full presence characters,andra_land.jpg,jpeg,1024,1024,3.4,3.4,SMALL-PRINT
Geode Inn/all building components for game/all gathered art for the game/full presence characters,andra_land.jpg,jpeg,1024,1024,3.4,3.4,SMALL-PRINT
Geode Inn/all building components for game/all gathered art for the game/full presence characters,andra_water.jpg,jpeg,1024,1024,3.4,3.4,SMALL-PRINT
Geode Inn/all building components for game/all gathered art for the game/full presence characters,angelite.png,jpeg,1024,1024,3.4,3.4,SMALL-PRINT
Geode Inn/all building components for game/all gathered art for the game/full presence characters,anna_concept.png,jpeg,1024,1024,3.4,3.4,SMALL-PRINT
Geode Inn/all building components for game/all gathered art for the game/full presence characters,anna_concept.png,jpeg,1024,1024,3.4,3.4,SMALL-PRINT
Geode Inn/all building components for game/all gathered art for the game/full presence characters,antarctic_ice_quartz.png,jpeg,1024,1024,3.4,3.4,SMALL-PRINT
Geode Inn/all building components for game/all gathered art for the game/full presence characters,anubis_full_presence.png,jpeg,1024,1024,3.4,3.4,SMALL-PRINT
Geode Inn/all building components for game/all gathered art for the game/full presence characters,apatite.png,jpeg,1024,1024,3.4,3.4,SMALL-PRINT
Geode Inn/all building components for game/all gathered art for the game/full presence characters,aqua_aura.png,jpeg,1024,1024,3.4,3.4,SMALL-PRINT
Geode Inn/all building components for game/all gathered art for the game/full presence characters,aquamarine.png,jpeg,1024,1024,3.4,3.4,SMALL-PRINT
Geode Inn/all building components for game/all gathered art for the game/full presence characters,aquaprase.png,jpeg,1024,1024,3.4,3.4,SMALL-PRINT
Geode Inn/all building components for game/all gathered art for the game/full presence characters,aragonite.png,jpeg,1024,1024,3.4,3.4,SMALL-PRINT
Geode Inn/all building components for game/all gathered art for the game/full presence characters,ariadnes_thread.png,jpeg,1024,1024,3.4,3.4,SMALL-PRINT
Geode Inn/all building components for game/all gathered art for the game/full presence characters,artisan_thief_selkie.png,jpeg,1024,1024,3.4,3.4,SMALL-PRINT
Geode Inn/all building components for game/all gathered art for the game/full presence characters,asterion.png,jpeg,1024,1024,3.4,3.4,SMALL-PRINT
Geode Inn/all building components for game/all gathered art for the game/full presence characters,asterion.png,jpeg,1024,1024,3.4,3.4,SMALL-PRINT
Geode Inn/all building components for game/all gathered art for the game/full presence characters,aughra.png,jpeg,1024,1024,3.4,3.4,SMALL-PRINT
Geode Inn/all building components for game/all gathered art for the game/full presence characters,aughra.png,jpeg,1024,1024,3.4,3.4,SMALL-PRINT
Geode Inn/all building components for game/all gathered art for the game/full presence characters,australian_boulder_opal.png,png,1024,1024,3.4,3.4,SMALL-PRINT
Geode Inn/all building components for game/all gathered art for the game/full presence characters,azurite.png,jpeg,1024,1024,3.4,3.4,SMALL-PRINT
Geode Inn/all building components for game/all gathered art for the game/full presence characters,b9b57c888_generated_image.jpg,jpeg,1024,1024,3.4,3.4,SMALL-PRINT
Geode Inn/all building components for game/all gathered art for the game/full presence characters,ba43f2c4a_generated_image.jpg,jpeg,1024,1024,3.4,3.4,SMALL-PRINT
Geode Inn/all building components for game/all gathered art for the game/full presence characters,bard.png,jpeg,1024,1024,3.4,3.4,SMALL-PRINT
Geode Inn/all building components for game/all gathered art for the game/full presence characters,bard_blowhard.png,jpeg,1024,1024,3.4,3.4,SMALL-PRINT
Geode Inn/all building components for game/all gathered art for the game/full presence characters,bastet_v2.png,jpeg,1024,1024,3.4,3.4,SMALL-PRINT
Geode Inn/all building components for game/all gathered art for the game/full presence characters,bastet_v2.png,jpeg,1024,1024,3.4,3.4,SMALL-PRINT
Geode Inn/all building components for game/all gathered art for the game/full presence characters,belladonna_v2.png,jpeg,1024,1024,3.4,3.4,SMALL-PRINT
Geode Inn/all building components for game/all gathered art for the game/full presence characters,belladonna_v2.png,jpeg,1024,1024,3.4,3.4,SMALL-PRINT
Geode Inn/all building components for game/all gathered art for the game/full presence characters,beorn.png,jpeg,1024,1024,3.4,3.4,SMALL-PRINT
Geode Inn/all building components for game/all gathered art for the game/full presence characters,beverley.jpg,jpeg,1024,1024,3.4,3.4,SMALL-PRINT
Geode Inn/all building components for game/all gathered art for the game/full presence characters,beverley_librarian.png,png,,,,,UNKNOWN
Geode Inn/all building components for game/all gathered art for the game/full presence characters,bf5bff742_generated_image.jpg,jpeg,1024,1024,3.4,3.4,SMALL-PRINT
Geode Inn/all building components for game/all gathered art for the game/full presence characters,bill_platypus.png,jpeg,1024,1024,3.4,3.4,SMALL-PRINT
Geode Inn/all building components for game/all gathered art for the game/full presence characters,black_onyx.png,jpeg,1024,1024,3.4,3.4,SMALL-PRINT
Geode Inn/all building components for game/all gathered art for the game/full presence characters,black_opal.png,jpeg,1024,1024,3.4,3.4,SMALL-PRINT
Geode Inn/all building components for game/all gathered art for the game/full presence characters,black_tourmaline.png,jpeg,1024,1024,3.4,3.4,SMALL-PRINT
Geode Inn/all building components for game/all gathered art for the game/full presence characters,bloodstone.png,jpeg,1024,1024,3.4,3.4,SMALL-PRINT
Geode Inn/all building components for game/all gathered art for the game/full presence characters,blue_hole_calcite.png,jpeg,1024,1024,3.4,3.4,SMALL-PRINT
Geode Inn/all building components for game/all gathered art for the game/full presence characters,blue_opal_peruvian.png,jpeg,1024,1024,3.4,3.4,SMALL-PRINT
Geode Inn/all building components for game/all gathered art for the game/full presence characters,blue_tigers_eye.png,jpeg,1024,1024,3.4,3.4,SMALL-PRINT
Geode Inn/all building components for game/all gathered art for the game/full presence characters,blue_topaz_london.png,jpeg,1024,1024,3.4,3.4,SMALL-PRINT
Geode Inn/all building components for game/all gathered art for the game/full presence characters,blue_topaz_swiss.png,jpeg,1024,1024,3.4,3.4,SMALL-PRINT
Geode Inn/all building components for game/all gathered art for the game/full presence characters,blue_tourmaline.png,jpeg,1024,1024,3.4,3.4,SMALL-PRINT
Geode Inn/all building components for game/all gathered art for the game/full presence characters,bog_fairy_golem_ingame.png,jpeg,1024,1024,3.4,3.4,SMALL-PRINT
Geode Inn/all building components for game/all gathered art for the game/full presence characters,bone_art_room_early.png,jpeg,1024,1024,3.4,3.4,SMALL-PRINT
Geode Inn/all building components for game/all gathered art for the game/full presence characters,boulder_opal.png,jpeg,1024,1024,3.4,3.4,SMALL-PRINT
Geode Inn/all building components for game/all gathered art for the game/full presence characters,bronzite.png,jpeg,1024,1024,3.4,3.4,SMALL-PRINT
Geode Inn/all building components for game/all gathered art for the game/full presence characters,brown_tigers_eye.png,jpeg,1024,1024,3.4,3.4,SMALL-PRINT
Geode Inn/all building components for game/all gathered art for the game/full presence characters,brownies.png,jpeg,1024,1024,3.4,3.4,SMALL-PRINT
Geode Inn/all building components for game/all gathered art for the game/full presence characters,bull_lyre_of_ur.png,jpeg,1024,1024,3.4,3.4,SMALL-PRINT
Geode Inn/all building components for game/all gathered art for the game/full presence characters,bumblebee_jasper.png,jpeg,1024,1024,3.4,3.4,SMALL-PRINT
Geode Inn/all building components for game/all gathered art for the game/full presence characters,carnelian.png,jpeg,1024,1024,3.4,3.4,SMALL-PRINT
Geode Inn/all building components for game/all gathered art for the game/full presence characters,catacombs_1-1_mid.jpg,jpeg,2206,946,7.4,3.2,CARD-READY
Geode Inn/all building components for game/all gathered art for the game/full presence characters,catacombs_1-1_review.jpg,jpeg,2206,946,7.4,3.2,CARD-READY
Geode Inn/all building components for game/all gathered art for the game/full presence characters,catacombs_1-2_mid.jpg,jpeg,2206,946,7.4,3.2,CARD-READY
Geode Inn/all building components for game/all gathered art for the game/full presence characters,catacombs_2-1_mid.jpg,jpeg,1280,720,4.3,2.4,SMALL-PRINT
Geode Inn/all building components for game/all gathered art for the game/full presence characters,catacombs_2-1_review.jpg,jpeg,1280,720,4.3,2.4,SMALL-PRINT
Geode Inn/all building components for game/all gathered art for the game/full presence characters,catacombs_2-2_mid.jpg,jpeg,1280,720,4.3,2.4,SMALL-PRINT
Geode Inn/all building components for game/all gathered art for the game/full presence characters,catacombs_3-1_mid.jpg,jpeg,1280,720,4.3,2.4,SMALL-PRINT
Geode Inn/all building components for game/all gathered art for the game/full presence characters,catacombs_3-1_review.jpg,jpeg,1280,720,4.3,2.4,SMALL-PRINT
Geode Inn/all building components for game/all gathered art for the game/full presence characters,catacombs_3-2_mid.jpg,jpeg,1280,720,4.3,2.4,SMALL-PRINT
Geode Inn/all building components for game/all gathered art for the game/full presence characters,catacombs_4-1_mid.jpg,jpeg,1280,720,4.3,2.4,SMALL-PRINT
Geode Inn/all building components for game/all gathered art for the game/full presence characters,catacombs_4-1_review.jpg,jpeg,1280,720,4.3,2.4,SMALL-PRINT
Geode Inn/all building components for game/all gathered art for the game/full presence characters,catacombs_4-2_mid.jpg,jpeg,1280,720,4.3,2.4,SMALL-PRINT
Geode Inn/all building components for game/all gathered art for the game/full presence characters,catacombs_5-1_mid.jpg,jpeg,1280,720,4.3,2.4,SMALL-PRINT
Geode Inn/all building components for game/all gathered art for the game/full presence characters,catacombs_5-1_review.jpg,jpeg,1280,720,4.3,2.4,SMALL-PRINT
Geode Inn/all building components for game/all gathered art for the game/full presence characters,catacombs_5-2_mid.jpg,jpeg,1280,720,4.3,2.4,SMALL-PRINT
Geode Inn/all building components for game/all gathered art for the game/full presence characters,catacombs_6-1_mid.jpg,jpeg,1280,720,4.3,2.4,SMALL-PRINT
Geode Inn/all building components for game/all gathered art for the game/full presence characters,catacombs_6-1_review.jpg,jpeg,1280,720,4.3,2.4,SMALL-PRINT
Geode Inn/all building components for game/all gathered art for the game/full presence characters,catacombs_6-2_mid.jpg,jpeg,1280,720,4.3,2.4,SMALL-PRINT
Geode Inn/all building components for game/all gathered art for the game/full presence characters,catacombs_7-1_mid.jpg,jpeg,1280,720,4.3,2.4,SMALL-PRINT
Geode Inn/all building components for game/all gathered art for the game/full presence characters,catacombs_7-1_review.jpg,jpeg,1280,720,4.3,2.4,SMALL-PRINT
Geode Inn/all building components for game/all gathered art for the game/full presence characters,catacombs_8-1_mid.jpg,jpeg,1280,720,4.3,2.4,SMALL-PRINT
Geode Inn/all building components for game/all gathered art for the game/full presence characters,catacombs_8-1_review.jpg,jpeg,1280,720,4.3,2.4,SMALL-PRINT
Geode Inn/all building components for game/all gathered art for the game/full presence characters,catacombs_8-2_mid.jpg,jpeg,1280,720,4.3,2.4,SMALL-PRINT
Geode Inn/all building components for game/all gathered art for the game/full presence characters,cats_eye.png,jpeg,1024,1024,3.4,3.4,SMALL-PRINT
Geode Inn/all building components for game/all gathered art for the game/full presence characters,celtic_highlands.jpg,jpeg,1280,720,4.3,2.4,SMALL-PRINT
Geode Inn/all building components for game/all gathered art for the game/full presence characters,chalcedony_blue.png,jpeg,1024,1024,3.4,3.4,SMALL-PRINT
Geode Inn/all building components for game/all gathered art for the game/full presence characters,chalcedony_dendritic.png,jpeg,1024,1024,3.4,3.4,SMALL-PRINT
Geode Inn/all building components for game/all gathered art for the game/full presence characters,charles.png,jpeg,1024,1024,3.4,3.4,SMALL-PRINT
Geode Inn/all building components for game/all gathered art for the game/full presence characters,charles_chameleon_druid.png,jpeg,1024,1024,3.4,3.4,SMALL-PRINT
Geode Inn/all building components for game/all gathered art for the game/full presence characters,charoite.png,jpeg,1024,1024,3.4,3.4,SMALL-PRINT
Geode Inn/all building components for game/all gathered art for the game/full presence characters,charon.png,jpeg,1024,1024,3.4,3.4,SMALL-PRINT
Geode Inn/all building components for game/all gathered art for the game/full presence characters,charon.png,jpeg,1024,1024,3.4,3.4,SMALL-PRINT
Geode Inn/all building components for game/all gathered art for the game/full presence characters,charon_v2.png,jpeg,1024,1024,3.4,3.4,SMALL-PRINT
Geode Inn/all building components for game/all gathered art for the game/full presence characters,charon_v2.png,jpeg,1024,1024,3.4,3.4,SMALL-PRINT
Geode Inn/all building components for game/all gathered art for the game/full presence characters,chinese_writing_stone.png,jpeg,1024,1024,3.4,3.4,SMALL-PRINT
Geode Inn/all building components for game/all gathered art for the game/full presence characters,chrome_diopside.png,jpeg,1024,1024,3.4,3.4,SMALL-PRINT
Geode Inn/all building components for game/all gathered art for the game/full presence characters,chrysanthemum_stone.png,jpeg,1024,1024,3.4,3.4,SMALL-PRINT
Geode Inn/all building components for game/all gathered art for the game/full presence characters,chrysocolla.png,jpeg,1024,1024,3.4,3.4,SMALL-PRINT
Geode Inn/all building components for game/all gathered art for the game/full presence characters,chrysocolla_azurite.png,jpeg,1024,1024,3.4,3.4,SMALL-PRINT
Geode Inn/all building components for game/all gathered art for the game/full presence characters,chrysoprase.png,jpeg,1024,1024,3.4,3.4,SMALL-PRINT
Geode Inn/all building components for game/all gathered art for the game/full presence characters,citrine.png,jpeg,1024,1024,3.4,3.4,SMALL-PRINT
Geode Inn/all building components for game/all gathered art for the game/full presence characters,clear_quartz.png,jpeg,1024,1024,3.4,3.4,SMALL-PRINT
Geode Inn/all building components for game/all gathered art for the game/full presence characters,clear_topaz.png,jpeg,1024,1024,3.4,3.4,SMALL-PRINT
Geode Inn/all building components for game/all gathered art for the game/full presence characters,congo_jasper.png,jpeg,1024,1024,3.4,3.4,SMALL-PRINT
Geode Inn/all building components for game/all gathered art for the game/full presence characters,contact_sheet.jpg,jpeg,1660,1420,5.5,4.7,CARD-READY
Geode Inn/all building components for game/all gathered art for the game/full presence characters,copper.png,jpeg,1024,1024,3.4,3.4,SMALL-PRINT
Geode Inn/all building components for game/all gathered art for the game/full presence characters,coral_black.png,jpeg,1024,1024,3.4,3.4,SMALL-PRINT
Geode Inn/all building components for game/all gathered art for the game/full presence characters,coral_branch.png,jpeg,1024,1024,3.4,3.4,SMALL-PRINT
Geode Inn/all building components for game/all gathered art for the game/full presence characters,coral_pearl.png,png,1024,1024,3.4,3.4,SMALL-PRINT
Geode Inn/all building components for game/all gathered art for the game/full presence characters,cosmic_egg.png,jpeg,1024,1024,3.4,3.4,SMALL-PRINT
Geode Inn/all building components for game/all gathered art for the game/full presence characters,cosmic_serpent_scale.png,jpeg,1024,1024,3.4,3.4,SMALL-PRINT
Geode Inn/all building components for game/all gathered art for the game/full presence characters,council_of_thinkers.png,png,,,,,UNKNOWN
Geode Inn/all building components for game/all gathered art for the game/full presence characters,covellite.png,jpeg,1024,1024,3.4,3.4,SMALL-PRINT
Geode Inn/all building components for game/all gathered art for the game/full presence characters,crazy_lace_agate.png,jpeg,1024,1024,3.4,3.4,SMALL-PRINT
Geode Inn/all building components for game/all gathered art for the game/full presence characters,crew_cool_v2.png,jpeg,1024,1024,3.4,3.4,SMALL-PRINT
Geode Inn/all building components for game/all gathered art for the game/full presence characters,crew_goku.png,jpeg,1024,1024,3.4,3.4,SMALL-PRINT
Geode Inn/all building components for game/all gathered art for the game/full presence characters,crew_mamoru.png,jpeg,1024,1024,3.4,3.4,SMALL-PRINT
Geode Inn/all building components for game/all gathered art for the game/full presence characters,crew_motoko.png,jpeg,1024,1024,3.4,3.4,SMALL-PRINT
Geode Inn/all building components for game/all gathered art for the game/full presence characters,crew_philosopher_v2.png,jpeg,1024,1024,3.4,3.4,SMALL-PRINT
Geode Inn/all building components for game/all gathered art for the game/full presence characters,crew_protector_v2.png,jpeg,1024,1024,3.4,3.4,SMALL-PRINT
Geode Inn/all building components for game/all gathered art for the game/full presence characters,crew_pure_hearted_v2.png,jpeg,1024,1024,3.4,3.4,SMALL-PRINT
Geode Inn/all building components for game/all gathered art for the game/full presence characters,crew_reluctant_v2.png,jpeg,1024,1024,3.4,3.4,SMALL-PRINT
Geode Inn/all building components for game/all gathered art for the game/full presence characters,crew_ryoko.png,jpeg,1024,1024,3.4,3.4,SMALL-PRINT
Geode Inn/all building components for game/all gathered art for the game/full presence characters,crew_shinji.png,jpeg,1024,1024,3.4,3.4,SMALL-PRINT
Geode Inn/all building components for game/all gathered art for the game/full presence characters,crew_spike.png,jpeg,1024,1024,3.4,3.4,SMALL-PRINT
Geode Inn/all building components for game/all gathered art for the game/full presence characters,crocodile_stone.png,jpeg,1024,1024,3.4,3.4,SMALL-PRINT
Geode Inn/all building components for game/all gathered art for the game/full presence characters,crone.png,jpeg,1024,1024,3.4,3.4,SMALL-PRINT
Geode Inn/all building components for game/all gathered art for the game/full presence characters,crone_full_presence_ingame.png,jpeg,1024,1024,3.4,3.4,SMALL-PRINT
Geode Inn/all building components for game/all gathered art for the game/full presence characters,crossing_threshold.jpg,jpeg,1920,1080,6.4,3.6,CARD-READY
Geode Inn/all building components for game/all gathered art for the game/full presence characters,crystal_gardens.jpg,jpeg,1920,1080,6.4,3.6,CARD-READY
Geode Inn/all building components for game/all gathered art for the game/full presence characters,cuprite.png,jpeg,1024,1024,3.4,3.4,SMALL-PRINT
Geode Inn/all building components for game/all gathered art for the game/full presence characters,cyprus_coral_stone.png,jpeg,1024,1024,3.4,3.4,SMALL-PRINT
Geode Inn/all building components for game/all gathered art for the game/full presence characters,d2434cbfe_generated_image.jpg,jpeg,1024,1024,3.4,3.4,SMALL-PRINT
Geode Inn/all building components for game/all gathered art for the game/full presence characters,da75aee2b_andra_siren_water.jpg,jpeg,1024,1024,3.4,3.4,SMALL-PRINT
Geode Inn/all building components for game/all gathered art for the game/full presence characters,dc03290e3_undercity_concept.jpg,jpeg,1024,1024,3.4,3.4,SMALL-PRINT
Geode Inn/all building components for game/all gathered art for the game/full presence characters,de3c3abdb_generated_image.jpg,jpeg,1024,1024,3.4,3.4,SMALL-PRINT
Geode Inn/all building components for game/all gathered art for the game/full presence characters,death.png,jpeg,1024,1024,3.4,3.4,SMALL-PRINT
Geode Inn/all building components for game/all gathered art for the game/full presence characters,deaths_music_box.png,jpeg,1024,1024,3.4,3.4,SMALL-PRINT
Geode Inn/all building components for game/all gathered art for the game/full presence characters,dendritic_agate.png,jpeg,1024,1024,3.4,3.4,SMALL-PRINT
Geode Inn/all building components for game/all gathered art for the game/full presence characters,desert_jasper.png,jpeg,1024,1024,3.4,3.4,SMALL-PRINT
Geode Inn/all building components for game/all gathered art for the game/full presence characters,df51f9dff_zee_pirate_land.jpg,jpeg,1024,1024,3.4,3.4,SMALL-PRINT
Geode Inn/all building components for game/all gathered art for the game/full presence characters,dfadc0d2d_generated_image.jpg,jpeg,1024,1024,3.4,3.4,SMALL-PRINT
Geode Inn/all building components for game/all gathered art for the game/full presence characters,diamond.png,jpeg,1024,1024,3.4,3.4,SMALL-PRINT
Geode Inn/all building components for game/all gathered art for the game/full presence characters,dobby_in_erasing_nook.png,jpeg,1024,1024,3.4,3.4,SMALL-PRINT
Geode Inn/all building components for game/all gathered art for the game/full presence characters,dragon_mascot.png,jpeg,1024,1024,3.4,3.4,SMALL-PRINT
Geode Inn/all building components for game/all gathered art for the game/full presence characters,dreamtime_opal.png,jpeg,1024,1024,3.4,3.4,SMALL-PRINT
Geode Inn/all building components for game/all gathered art for the game/full presence characters,duck.png,jpeg,1024,1024,3.4,3.4,SMALL-PRINT
Geode Inn/all building components for game/all gathered art for the game/full presence characters,duck_on_grey_water.png,jpeg,1024,1024,3.4,3.4,SMALL-PRINT
Geode Inn/all building components for game/all gathered art for the game/full presence characters,dumortierite.png,jpeg,1024,1024,3.4,3.4,SMALL-PRINT
Geode Inn/all building components for game/all gathered art for the game/full presence characters,dwarf blacksmith.png,jpeg,1024,1024,3.4,3.4,SMALL-PRINT
Geode Inn/all building components for game/all gathered art for the game/full presence characters,egyptian desert.jpg,jpeg,1280,720,4.3,2.4,SMALL-PRINT
Geode Inn/all building components for game/all gathered art for the game/full presence characters,egyptian_desert.jpg,jpeg,1280,720,4.3,2.4,SMALL-PRINT
Geode Inn/all building components for game/all gathered art for the game/full presence characters,einstein.png,jpeg,1024,1024,3.4,3.4,SMALL-PRINT
Geode Inn/all building components for game/all gathered art for the game/full presence characters,einstein.png,jpeg,1024,1024,3.4,3.4,SMALL-PRINT
Geode Inn/all building components for game/all gathered art for the game/full presence characters,emei_jade.png,jpeg,1024,1024,3.4,3.4,SMALL-PRINT
Geode Inn/all building components for game/all gathered art for the game/full presence characters,emerald.png,jpeg,1024,1024,3.4,3.4,SMALL-PRINT
Geode Inn/all building components for game/all gathered art for the game/full presence characters,ending_chorus.png,jpeg,1024,1024,3.4,3.4,SMALL-PRINT
Geode Inn/all building components for game/all gathered art for the game/full presence characters,ent guardian.png,jpeg,1024,1024,3.4,3.4,SMALL-PRINT
Geode Inn/all building components for game/all gathered art for the game/full presence characters,epidote.png,jpeg,1024,1024,3.4,3.4,SMALL-PRINT
Geode Inn/all building components for game/all gathered art for the game/full presence characters,eres 3.png,jpeg,1024,1024,3.4,3.4,SMALL-PRINT
Geode Inn/all building components for game/all gathered art for the game/full presence characters,erik 2.png,jpeg,1024,1024,3.4,3.4,SMALL-PRINT
Geode Inn/all building components for game/all gathered art for the game/full presence characters,erik.png,jpeg,1024,1024,3.4,3.4,SMALL-PRINT
Geode Inn/all building components for game/all gathered art for the game/full presence characters,erik_earl_ragnar.png,jpeg,1024,1024,3.4,3.4,SMALL-PRINT
Geode Inn/all building components for game/all gathered art for the game/full presence characters,erik_norse_host_ingame.png,jpeg,1024,1024,3.4,3.4,SMALL-PRINT
Geode Inn/all building components for game/all gathered art for the game/full presence characters,erik_v2.png,jpeg,1024,1024,3.4,3.4,SMALL-PRINT
Geode Inn/all building components for game/all gathered art for the game/full presence characters,erik_v2.png,jpeg,1024,1024,3.4,3.4,SMALL-PRINT
Geode Inn/all building components for game/all gathered art for the game/full presence characters,eudialyte.png,jpeg,1024,1024,3.4,3.4,SMALL-PRINT
Geode Inn/all building components for game/all gathered art for the game/full presence characters,f485be697_generated_image.jpg,jpeg,1024,1024,3.4,3.4,SMALL-PRINT
Geode Inn/all building components for game/all gathered art for the game/full presence characters,fae_crystal_gardens_mid.jpg,jpeg,1920,1080,6.4,3.6,CARD-READY
Geode Inn/all building components for game/all gathered art for the game/full presence characters,fae_hollow_mid.jpg,jpeg,1920,1080,6.4,3.6,CARD-READY
Geode Inn/all building components for game/all gathered art for the game/full presence characters,fae_stone_circle_mid.jpg,jpeg,1280,720,4.3,2.4,SMALL-PRINT
Geode Inn/all building components for game/all gathered art for the game/full presence characters,fae_summerlands_mid.jpg,jpeg,1920,1080,6.4,3.6,CARD-READY
Geode Inn/all building components for game/all gathered art for the game/full presence characters,fae_the_between_mid.jpg,jpeg,1280,720,4.3,2.4,SMALL-PRINT
Geode Inn/all building components for game/all gathered art for the game/full presence characters,fae_threshold_mid.jpg,jpeg,1920,1080,6.4,3.6,CARD-READY
Geode Inn/all building components for game/all gathered art for the game/full presence characters,figure_in_fog.png,jpeg,1024,1024,3.4,3.4,SMALL-PRINT
Geode Inn/all building components for game/all gathered art for the game/full presence characters,fire_agate.png,jpeg,1024,1024,3.4,3.4,SMALL-PRINT
Geode Inn/all building components for game/all gathered art for the game/full presence characters,fire_opal.png,jpeg,1024,1024,3.4,3.4,SMALL-PRINT
Geode Inn/all building components for game/all gathered art for the game/full presence characters,five_smiths.png,jpeg,1024,1024,3.4,3.4,SMALL-PRINT
Geode Inn/all building components for game/all gathered art for the game/full presence characters,fizgig_in_grey.png,jpeg,1024,1024,3.4,3.4,SMALL-PRINT
Geode Inn/all building components for game/all gathered art for the game/full presence characters,flower_agate.png,jpeg,1024,1024,3.4,3.4,SMALL-PRINT
Geode Inn/all building components for game/all gathered art for the game/full presence characters,fossil_agate_turritella.png,jpeg,1024,1024,3.4,3.4,SMALL-PRINT
Geode Inn/all building components for game/all gathered art for the game/full presence characters,fossil_coprolite.png,jpeg,1024,1024,3.4,3.4,SMALL-PRINT
Geode Inn/all building components for game/all gathered art for the game/full presence characters,frame_01.jpg,jpeg,2206,946,7.4,3.2,CARD-READY
Geode Inn/all building components for game/all gathered art for the game/full presence characters,frame_02.jpg,jpeg,2206,946,7.4,3.2,CARD-READY
Geode Inn/all building components for game/all gathered art for the game/full presence characters,frame_02.jpg,jpeg,1280,720,4.3,2.4,SMALL-PRINT
Geode Inn/all building components for game/all gathered art for the game/full presence characters,frame_03.jpg,jpeg,2206,946,7.4,3.2,CARD-READY
Geode Inn/all building components for game/all gathered art for the game/full presence characters,frame_04.jpg,jpeg,2206,946,7.4,3.2,CARD-READY
Geode Inn/all building components for game/all gathered art for the game/full presence characters,frame_05.jpg,jpeg,2206,946,7.4,3.2,CARD-READY
Geode Inn/all building components for game/all gathered art for the game/full presence characters,frame_06.jpg,jpeg,2206,946,7.4,3.2,CARD-READY
Geode Inn/all building components for game/all gathered art for the game/full presence characters,frame_07.jpg,jpeg,2206,946,7.4,3.2,CARD-READY
Geode Inn/all building components for game/all gathered art for the game/full presence characters,frame_08.jpg,jpeg,2206,946,7.4,3.2,CARD-READY
Geode Inn/all building components for game/all gathered art for the game/full presence characters,freshwater_pearl.png,png,1024,1024,3.4,3.4,SMALL-PRINT
Geode Inn/all building components for game/all gathered art for the game/full presence characters,freyja_vanir.png,jpeg,1024,1024,3.4,3.4,SMALL-PRINT
Geode Inn/all building components for game/all gathered art for the game/full presence characters,freyr_vanir.png,jpeg,1024,1024,3.4,3.4,SMALL-PRINT
Geode Inn/all building components for game/all gathered art for the game/full presence characters,frost_iron.png,jpeg,1024,1024,3.4,3.4,SMALL-PRINT
Geode Inn/all building components for game/all gathered art for the game/full presence characters,gargoyle 1.png,jpeg,1024,1024,3.4,3.4,SMALL-PRINT
Geode Inn/all building components for game/all gathered art for the game/full presence characters,gargoyle 2.png,jpeg,1024,1024,3.4,3.4,SMALL-PRINT
Geode Inn/all building components for game/all gathered art for the game/full presence characters,gargoyle 3.png,jpeg,1024,1024,3.4,3.4,SMALL-PRINT
Geode Inn/all building components for game/all gathered art for the game/full presence characters,gargoyle 4.png,jpeg,1024,1024,3.4,3.4,SMALL-PRINT
Geode Inn/all building components for game/all gathered art for the game/full presence characters,gargoyle 5.png,jpeg,1024,1024,3.4,3.4,SMALL-PRINT
Geode Inn/all building components for game/all gathered art for the game/full presence characters,gargoyle 6.png,jpeg,1024,1024,3.4,3.4,SMALL-PRINT
Geode Inn/all building components for game/all gathered art for the game/full presence characters,gem_silica.png,jpeg,1024,1024,3.4,3.4,SMALL-PRINT
Geode Inn/all building components for game/all gathered art for the game/full presence characters,geode_cave.png,jpeg,1024,1024,3.4,3.4,SMALL-PRINT
Geode Inn/all building components for game/all gathered art for the game/full presence characters,geode_cave.png,jpeg,1024,1024,3.4,3.4,SMALL-PRINT
Geode Inn/all building components for game/all gathered art for the game/full presence characters,geode_inn_emblem_albedo.png,jpeg,1024,1024,3.4,3.4,SMALL-PRINT
Geode Inn/all building components for game/all gathered art for the game/full presence characters,geode_inn_emblem_citrinitas.png,jpeg,1024,1024,3.4,3.4,SMALL-PRINT
Geode Inn/all building components for game/all gathered art for the game/full presence characters,geode_inn_emblem_nigredo.png,jpeg,1024,1024,3.4,3.4,SMALL-PRINT
Geode Inn/all building components for game/all gathered art for the game/full presence characters,geode_inn_emblem_philosopher_stone.png,jpeg,1024,1024,3.4,3.4,SMALL-PRINT
Geode Inn/all building components for game/all gathered art for the game/full presence characters,geode_inn_emblem_rubedo.png,jpeg,1024,1024,3.4,3.4,SMALL-PRINT
Geode Inn/all building components for game/all gathered art for the game/full presence characters,geode_inn_logo_antikythera_underwater.png,jpeg,1024,1024,3.4,3.4,SMALL-PRINT
Geode Inn/all building components for game/all gathered art for the game/full presence characters,geode_inn_logo_antikythera_v1.png,jpeg,1024,1024,3.4,3.4,SMALL-PRINT
Geode Inn/all building components for game/all gathered art for the game/full presence characters,geode_inn_logo_hybrid.png,jpeg,1024,1024,3.4,3.4,SMALL-PRINT
Geode Inn/all building components for game/all gathered art for the game/full presence characters,geode_inn_logo_v1.png,jpeg,1024,1024,3.4,3.4,SMALL-PRINT
Geode Inn/all building components for game/all gathered art for the game/full presence characters,geode_inn_logo_v2.png,jpeg,1024,1024,3.4,3.4,SMALL-PRINT
Geode Inn/all building components for game/all gathered art for the game/full presence characters,geode_inn_logo_v3.png,jpeg,1024,1024,3.4,3.4,SMALL-PRINT
Geode Inn/all building components for game/all gathered art for the game/full presence characters,geode_inn_logo_v4.png,jpeg,1024,1024,3.4,3.4,SMALL-PRINT
Geode Inn/all building components for game/all gathered art for the game/full presence characters,gesso.png,jpeg,1024,1024,3.4,3.4,SMALL-PRINT
Geode Inn/all building components for game/all gathered art for the game/full presence characters,gesso_ceiling_gnome.png,jpeg,1024,1024,3.4,3.4,SMALL-PRINT
Geode Inn/all building components for game/all gathered art for the game/full presence characters,goblin merchant.png,jpeg,1024,1024,3.4,3.4,SMALL-PRINT
Geode Inn/all building components for game/all gathered art for the game/full presence characters,gold.png,jpeg,1024,1024,3.4,3.4,SMALL-PRINT
Geode Inn/all building components for game/all gathered art for the game/full presence characters,gold_sheen_obsidian.png,jpeg,1024,1024,3.4,3.4,SMALL-PRINT
Geode Inn/all building components for game/all gathered art for the game/full presence characters,greek philosophers trio.png,jpeg,1024,1024,3.4,3.4,SMALL-PRINT
Geode Inn/all building components for game/all gathered art for the game/full presence characters,greek_philosophers_trio.png,jpeg,1024,1024,3.4,3.4,SMALL-PRINT
Geode Inn/all building components for game/all gathered art for the game/full presence characters,green_aventurine.png,jpeg,1024,1024,3.4,3.4,SMALL-PRINT
Geode Inn/all building components for game/all gathered art for the game/full presence characters,green_fluorite.png,jpeg,1024,1024,3.4,3.4,SMALL-PRINT
Geode Inn/all building components for game/all gathered art for the game/full presence characters,green_labradorite.png,jpeg,1024,1024,3.4,3.4,SMALL-PRINT
Geode Inn/all building components for game/all gathered art for the game/full presence characters,green_onyx.png,jpeg,1024,1024,3.4,3.4,SMALL-PRINT
Geode Inn/all building components for game/all gathered art for the game/full presence characters,green_tourmaline.png,jpeg,1024,1024,3.4,3.4,SMALL-PRINT
Geode Inn/all building components for game/all gathered art for the game/full presence characters,griffin boss.png,jpeg,1024,1024,3.4,3.4,SMALL-PRINT
Geode Inn/all building components for game/all gathered art for the game/full presence characters,grossular_garnet.png,jpeg,1024,1024,3.4,3.4,SMALL-PRINT
Geode Inn/all building components for game/all gathered art for the game/full presence characters,guatemalan_jade.png,jpeg,1024,1024,3.4,3.4,SMALL-PRINT
Geode Inn/all building components for game/all gathered art for the game/full presence characters,hackmanite.png,jpeg,1024,1024,3.4,3.4,SMALL-PRINT
Geode Inn/all building components for game/all gathered art for the game/full presence characters,hades.png,jpeg,1024,1024,3.4,3.4,SMALL-PRINT
Geode Inn/all building components for game/all gathered art for the game/full presence characters,hades.png,jpeg,1024,1024,3.4,3.4,SMALL-PRINT
Geode Inn/all building components for game/all gathered art for the game/full presence characters,hades_v2.png,jpeg,1024,1024,3.4,3.4,SMALL-PRINT
Geode Inn/all building components for game/all gathered art for the game/full presence characters,hawks_eye.png,jpeg,1024,1024,3.4,3.4,SMALL-PRINT
Geode Inn/all building components for game/all gathered art for the game/full presence characters,hel.png,jpeg,1024,1024,3.4,3.4,SMALL-PRINT
Geode Inn/all building components for game/all gathered art for the game/full presence characters,hel.png,jpeg,1024,1024,3.4,3.4,SMALL-PRINT
Geode Inn/all building components for game/all gathered art for the game/full presence characters,hel_v2.png,jpeg,1024,1024,3.4,3.4,SMALL-PRINT
Geode Inn/all building components for game/all gathered art for the game/full presence characters,hematite.png,jpeg,1024,1024,3.4,3.4,SMALL-PRINT
Geode Inn/all building components for game/all gathered art for the game/full presence characters,herkimer_diamond.png,jpeg,1024,1024,3.4,3.4,SMALL-PRINT
Geode Inn/all building components for game/all gathered art for the game/full presence characters,hessonite_garnet.png,jpeg,1024,1024,3.4,3.4,SMALL-PRINT
Geode Inn/all building components for game/all gathered art for the game/full presence characters,howick_quartz.png,jpeg,1024,1024,3.4,3.4,SMALL-PRINT
Geode Inn/all building components for game/all gathered art for the game/full presence characters,huginn and muninn.png,jpeg,1024,1024,3.4,3.4,SMALL-PRINT
Geode Inn/all building components for game/all gathered art for the game/full presence characters,huginn_muninn.png,jpeg,1024,1024,3.4,3.4,SMALL-PRINT
Geode Inn/all building components for game/all gathered art for the game/full presence characters,hypersthene.png,jpeg,1024,1024,3.4,3.4,SMALL-PRINT
Geode Inn/all building components for game/all gathered art for the game/full presence characters,image.jpeg,jpeg,1024,1024,3.4,3.4,SMALL-PRINT
Geode Inn/all building components for game/all gathered art for the game/full presence characters,image.jpeg,jpeg,1024,1024,3.4,3.4,SMALL-PRINT
Geode Inn/all building components for game/all gathered art for the game/full presence characters,image.jpeg,jpeg,1024,1024,3.4,3.4,SMALL-PRINT
Geode Inn/all building components for game/all gathered art for the game/full presence characters,image.jpeg,jpeg,1024,1024,3.4,3.4,SMALL-PRINT
Geode Inn/all building components for game/all gathered art for the game/full presence characters,image.jpeg,jpeg,1024,1024,3.4,3.4,SMALL-PRINT
Geode Inn/all building components for game/all gathered art for the game/full presence characters,imperial_golden_topaz.png,jpeg,1024,1024,3.4,3.4,SMALL-PRINT
Geode Inn/all building components for game/all gathered art for the game/full presence characters,iolite.png,jpeg,1024,1024,3.4,3.4,SMALL-PRINT
Geode Inn/all building components for game/all gathered art for the game/full presence characters,jadeite.png,jpeg,1024,1024,3.4,3.4,SMALL-PRINT
Geode Inn/all building components for game/all gathered art for the game/full presence characters,jaime_concept_art.png,jpeg,1024,1024,3.4,3.4,SMALL-PRINT
Geode Inn/all building components for game/all gathered art for the game/full presence characters,jaime_concept_art_final.png,jpeg,1024,1024,3.4,3.4,SMALL-PRINT
Geode Inn/all building components for game/all gathered art for the game/full presence characters,jaime_concept_art_v2.png,jpeg,1024,1024,3.4,3.4,SMALL-PRINT
Geode Inn/all building components for game/all gathered art for the game/full presence characters,japanese_mountain_temple.jpg,jpeg,1280,720,4.3,2.4,SMALL-PRINT
Geode Inn/all building components for game/all gathered art for the game/full presence characters,japanese_mountain_temple.jpg,jpeg,1280,720,4.3,2.4,SMALL-PRINT
Geode Inn/all building components for game/all gathered art for the game/full presence characters,jareth_unseelie_king.png,jpeg,1024,1024,3.4,3.4,SMALL-PRINT
Geode Inn/all building components for game/all gathered art for the game/full presence characters,jareth_unseelie_king_v2.png,jpeg,1024,1024,3.4,3.4,SMALL-PRINT
Geode Inn/all building components for game/all gathered art for the game/full presence characters,jareth_unseelie_king_v3.png,jpeg,1024,1024,3.4,3.4,SMALL-PRINT
Geode Inn/all building components for game/all gathered art for the game/full presence characters,jet.png,jpeg,1024,1024,3.4,3.4,SMALL-PRINT
Geode Inn/all building components for game/all gathered art for the game/full presence characters,joe.png,jpeg,1024,1024,3.4,3.4,SMALL-PRINT
Geode Inn/all building components for game/all gathered art for the game/full presence characters,joe_miniaturist_ingame.png,jpeg,1024,1024,3.4,3.4,SMALL-PRINT
Geode Inn/all building components for game/all gathered art for the game/full presence characters,kali.png,jpeg,1024,1024,3.4,3.4,SMALL-PRINT
Geode Inn/all building components for game/all gathered art for the game/full presence characters,kali.png,jpeg,1024,1024,3.4,3.4,SMALL-PRINT
Geode Inn/all building components for game/all gathered art for the game/full presence characters,kali_v2.png,jpeg,1024,1024,3.4,3.4,SMALL-PRINT
Geode Inn/all building components for game/all gathered art for the game/full presence characters,kali_v2.png,jpeg,1024,1024,3.4,3.4,SMALL-PRINT
Geode Inn/all building components for game/all gathered art for the game/full presence characters,kammererite.png,jpeg,1024,1024,3.4,3.4,SMALL-PRINT
Geode Inn/all building components for game/all gathered art for the game/full presence characters,kathy_druid_dryad_ingame.png,jpeg,1024,1024,3.4,3.4,SMALL-PRINT
Geode Inn/all building components for game/all gathered art for the game/full presence characters,katy.png,jpeg,1024,1024,3.4,3.4,SMALL-PRINT
Geode Inn/all building components for game/all gathered art for the game/full presence characters,king_arthur_elder.png,jpeg,1024,1024,3.4,3.4,SMALL-PRINT
Geode Inn/all building components for game/all gathered art for the game/full presence characters,kunzite.png,jpeg,1024,1024,3.4,3.4,SMALL-PRINT
Geode Inn/all building components for game/all gathered art for the game/full presence characters,kyanite_blue.png,jpeg,1024,1024,3.4,3.4,SMALL-PRINT
Geode Inn/all building components for game/all gathered art for the game/full presence characters,kyanite_moss.png,jpeg,1024,1024,3.4,3.4,SMALL-PRINT
Geode Inn/all building components for game/all gathered art for the game/full presence characters,kyanite_orange.png,jpeg,1024,1024,3.4,3.4,SMALL-PRINT
Geode Inn/all building components for game/all gathered art for the game/full presence characters,lapis_lazuli.png,jpeg,1024,1024,3.4,3.4,SMALL-PRINT
Geode Inn/all building components for game/all gathered art for the game/full presence characters,larimar.png,jpeg,1024,1024,3.4,3.4,SMALL-PRINT
Geode Inn/all building components for game/all gathered art for the game/full presence characters,lemurian_blue_calcite_blue_onyx.png,jpeg,1024,1024,3.4,3.4,SMALL-PRINT
Geode Inn/all building components for game/all gathered art for the game/full presence characters,leonardo_da_vinci.png,jpeg,1024,1024,3.4,3.4,SMALL-PRINT
Geode Inn/all building components for game/all gathered art for the game/full presence characters,leopardskin_jasper.png,jpeg,1024,1024,3.4,3.4,SMALL-PRINT
Geode Inn/all building components for game/all gathered art for the game/full presence characters,lepidocrocite.png,jpeg,1024,1024,3.4,3.4,SMALL-PRINT
Geode Inn/all building components for game/all gathered art for the game/full presence characters,lepidolite.png,jpeg,1024,1024,3.4,3.4,SMALL-PRINT
Geode Inn/all building components for game/all gathered art for the game/full presence characters,loki.png,jpeg,1024,1024,3.4,3.4,SMALL-PRINT
Geode Inn/all building components for game/all gathered art for the game/full presence characters,madame_holding_dobby.png,jpeg,1024,1024,3.4,3.4,SMALL-PRINT
Geode Inn/all building components for game/all gathered art for the game/full presence characters,madame_mim.png,jpeg,1024,1024,3.4,3.4,SMALL-PRINT
Geode Inn/all building components for game/all gathered art for the game/full presence characters,magritte's pipe.jpg,jpeg,1024,1024,3.4,3.4,SMALL-PRINT
Geode Inn/all building components for game/all gathered art for the game/full presence characters,magritte's pipe.png,jpeg,1024,1024,3.4,3.4,SMALL-PRINT
Geode Inn/all building components for game/all gathered art for the game/full presence characters,magrittes_pipe.png,jpeg,1024,1024,3.4,3.4,SMALL-PRINT
Geode Inn/all building components for game/all gathered art for the game/full presence characters,malachi v3.png,jpeg,1024,1024,3.4,3.4,SMALL-PRINT
Geode Inn/all building components for game/all gathered art for the game/full presence characters,malachite.png,jpeg,1024,1024,3.4,3.4,SMALL-PRINT
Geode Inn/all building components for game/all gathered art for the game/full presence characters,maldivian_pearl.png,jpeg,1024,1024,3.4,3.4,SMALL-PRINT
Geode Inn/all building components for game/all gathered art for the game/full presence characters,mangrove_pearl.png,jpeg,1024,1024,3.4,3.4,SMALL-PRINT
Geode Inn/all building components for game/all gathered art for the game/full presence characters,marijke.png,jpeg,1024,1024,3.4,3.4,SMALL-PRINT
Geode Inn/all building components for game/all gathered art for the game/full presence characters,mason.png,jpeg,1024,1024,3.4,3.4,SMALL-PRINT
Geode Inn/all building components for game/all gathered art for the game/full presence characters,medusa_lithophone.png,jpeg,1024,1024,3.4,3.4,SMALL-PRINT
Geode Inn/all building components for game/all gathered art for the game/full presence characters,medusa_v2.png,jpeg,1024,1024,3.4,3.4,SMALL-PRINT
Geode Inn/all building components for game/all gathered art for the game/full presence characters,merlin_archimedes.png,jpeg,1024,1024,3.4,3.4,SMALL-PRINT
Geode Inn/all building components for game/all gathered art for the game/full presence characters,mf_artisan_market_mid.jpg,jpeg,1280,720,4.3,2.4,SMALL-PRINT
Geode Inn/all building components for game/all gathered art for the game/full presence characters,mf_central_hearth_mid.jpg,jpeg,1920,1080,6.4,3.6,CARD-READY
Geode Inn/all building components for game/all gathered art for the game/full presence characters,mf_modern_legends_mid.jpg,jpeg,1280,720,4.3,2.4,SMALL-PRINT
Geode Inn/all building components for game/all gathered art for the game/full presence characters,mf_modern_religions_mid.jpg,jpeg,1280,720,4.3,2.4,SMALL-PRINT
Geode Inn/all building components for game/all gathered art for the game/full presence characters,miracle_max_ingame.png,jpeg,1024,1024,3.4,3.4,SMALL-PRINT
Geode Inn/all building components for game/all gathered art for the game/full presence characters,moldavite.png,jpeg,1024,1024,3.4,3.4,SMALL-PRINT
Geode Inn/all building components for game/all gathered art for the game/full presence characters,montana_moss_agate.png,jpeg,1024,1024,3.4,3.4,SMALL-PRINT
Geode Inn/all building components for game/all gathered art for the game/full presence characters,moonstone_celestial.png,png,1024,1024,3.4,3.4,SMALL-PRINT
Geode Inn/all building components for game/all gathered art for the game/full presence characters,morganite.png,jpeg,1024,1024,3.4,3.4,SMALL-PRINT
Geode Inn/all building components for game/all gathered art for the game/full presence characters,moss_agate.png,jpeg,1024,1024,3.4,3.4,SMALL-PRINT
Geode Inn/all building components for game/all gathered art for the game/full presence characters,moukaite.png,jpeg,1024,1024,3.4,3.4,SMALL-PRINT
Geode Inn/all building components for game/all gathered art for the game/full presence characters,mozambique_garnet.png,jpeg,1024,1024,3.4,3.4,SMALL-PRINT
Geode Inn/all building components for game/all gathered art for the game/full presence characters,multi_colored_tourmaline.png,jpeg,1024,1024,3.4,3.4,SMALL-PRINT
Geode Inn/all building components for game/all gathered art for the game/full presence characters,naut_the_scholar.png,png,,,,,UNKNOWN
Geode Inn/all building components for game/all gathered art for the game/full presence characters,nephrite_jade.png,jpeg,1024,1024,3.4,3.4,SMALL-PRINT
Geode Inn/all building components for game/all gathered art for the game/full presence characters,nile_sapphire.png,jpeg,1024,1024,3.4,3.4,SMALL-PRINT
Geode Inn/all building components for game/all gathered art for the game/full presence characters,norse_coast.jpg,jpeg,1920,1080,6.4,3.6,CARD-READY
Geode Inn/all building components for game/all gathered art for the game/full presence characters,nuummite.png,jpeg,1024,1024,3.4,3.4,SMALL-PRINT
Geode Inn/all building components for game/all gathered art for the game/full presence characters,nyx.png,jpeg,1024,1024,3.4,3.4,SMALL-PRINT
Geode Inn/all building components for game/all gathered art for the game/full presence characters,nyx.png,jpeg,1024,1024,3.4,3.4,SMALL-PRINT
Geode Inn/all building components for game/all gathered art for the game/full presence characters,nyx_ingame.png,jpeg,1024,1024,3.4,3.4,SMALL-PRINT
Geode Inn/all building components for game/all gathered art for the game/full presence characters,nyx_v2.png,jpeg,1024,1024,3.4,3.4,SMALL-PRINT
Geode Inn/all building components for game/all gathered art for the game/full presence characters,nyx_v2.png,jpeg,1024,1024,3.4,3.4,SMALL-PRINT
Geode Inn/all building components for game/all gathered art for the game/full presence characters,ocean_jasper.png,jpeg,1024,1024,3.4,3.4,SMALL-PRINT
Geode Inn/all building components for game/all gathered art for the game/full presence characters,odin_allfather.png,png,,,,,UNKNOWN
Geode Inn/all building components for game/all gathered art for the game/full presence characters,odin_wanderer.png,png,,,,,UNKNOWN
Geode Inn/all building components for game/all gathered art for the game/full presence characters,origin_story_mid.jpg,jpeg,640,360,2.1,1.2,SCREEN-ONLY
Geode Inn/all building components for game/all gathered art for the game/full presence characters,parchment_world.jpg,jpeg,1280,720,4.3,2.4,SMALL-PRINT
Geode Inn/all building components for game/all gathered art for the game/full presence characters,peach_moonstone.png,jpeg,1024,1024,3.4,3.4,SMALL-PRINT
Geode Inn/all building components for game/all gathered art for the game/full presence characters,pearl.png,jpeg,1024,1024,3.4,3.4,SMALL-PRINT
Geode Inn/all building components for game/all gathered art for the game/full presence characters,peridot.png,jpeg,1024,1024,3.4,3.4,SMALL-PRINT
Geode Inn/all building components for game/all gathered art for the game/full presence characters,persephone.png,jpeg,1024,1024,3.4,3.4,SMALL-PRINT
Geode Inn/all building components for game/all gathered art for the game/full presence characters,persephone_v2.png,jpeg,1024,1024,3.4,3.4,SMALL-PRINT
Geode Inn/all building components for game/all gathered art for the game/full presence characters,petrified_palm_wood.png,jpeg,1024,1024,3.4,3.4,SMALL-PRINT
Geode Inn/all building components for game/all gathered art for the game/full presence characters,petrified_palm_wood_rainbow_petrified_wood.png,jpeg,1024,1024,3.4,3.4,SMALL-PRINT
Geode Inn/all building components for game/all gathered art for the game/full presence characters,petrified_wood.png,jpeg,1024,1024,3.4,3.4,SMALL-PRINT
Geode Inn/all building components for game/all gathered art for the game/full presence characters,phantom_quartz.png,jpeg,1024,1024,3.4,3.4,SMALL-PRINT
Geode Inn/all building components for game/all gathered art for the game/full presence characters,picasso_jasper.png,jpeg,1024,1024,3.4,3.4,SMALL-PRINT
Geode Inn/all building components for game/all gathered art for the game/full presence characters,picture_jasper.png,jpeg,1024,1024,3.4,3.4,SMALL-PRINT
Geode Inn/all building components for game/all gathered art for the game/full presence characters,pietersite.png,jpeg,1024,1024,3.4,3.4,SMALL-PRINT
Geode Inn/all building components for game/all gathered art for the game/full presence characters,pirate_cabbit_ingame.png,jpeg,1024,1024,3.4,3.4,SMALL-PRINT
Geode Inn/all building components for game/all gathered art for the game/full presence characters,platinum.png,jpeg,1024,1024,3.4,3.4,SMALL-PRINT
Geode Inn/all building components for game/all gathered art for the game/full presence characters,plumed_agate.png,jpeg,1024,1024,3.4,3.4,SMALL-PRINT
Geode Inn/all building components for game/all gathered art for the game/full presence characters,pounamu.png,png,1024,1024,3.4,3.4,SMALL-PRINT
Geode Inn/all building components for game/all gathered art for the game/full presence characters,prehnite.png,jpeg,1024,1024,3.4,3.4,SMALL-PRINT
Geode Inn/all building components for game/all gathered art for the game/full presence characters,preseli_blue_stone.png,jpeg,1024,1024,3.4,3.4,SMALL-PRINT
Geode Inn/all building components for game/all gathered art for the game/full presence characters,provence_limestone.png,jpeg,1024,1024,3.4,3.4,SMALL-PRINT
Geode Inn/all building components for game/all gathered art for the game/full presence characters,purple_fluorite.png,jpeg,1024,1024,3.4,3.4,SMALL-PRINT
Geode Inn/all building components for game/all gathered art for the game/full presence characters,pyrite.png,jpeg,1024,1024,3.4,3.4,SMALL-PRINT
Geode Inn/all building components for game/all gathered art for the game/full presence characters,queen_of_roots.png,jpeg,1024,1024,3.4,3.4,SMALL-PRINT
Geode Inn/all building components for game/all gathered art for the game/full presence characters,queen_of_webs.png,jpeg,1024,1024,3.4,3.4,SMALL-PRINT
Geode Inn/all building components for game/all gathered art for the game/full presence characters,queen_of_webs.png,jpeg,1024,1024,3.4,3.4,SMALL-PRINT
Geode Inn/all building components for game/all gathered art for the game/full presence characters,queen_of_webs_v2.png,jpeg,1024,1024,3.4,3.4,SMALL-PRINT
Geode Inn/all building components for game/all gathered art for the game/full presence characters,queen_of_words.png,jpeg,1024,1024,3.4,3.4,SMALL-PRINT
Geode Inn/all building components for game/all gathered art for the game/full presence characters,rainbow_fluorite.png,jpeg,1024,1024,3.4,3.4,SMALL-PRINT
Geode Inn/all building components for game/all gathered art for the game/full presence characters,rainbow_moonstone.png,jpeg,1024,1024,3.4,3.4,SMALL-PRINT
Geode Inn/all building components for game/all gathered art for the game/full presence characters,rainbow_obsidian.png,jpeg,1024,1024,3.4,3.4,SMALL-PRINT
Geode Inn/all building components for game/all gathered art for the game/full presence characters,rainstone.png,jpeg,1024,1024,3.4,3.4,SMALL-PRINT
Geode Inn/all building components for game/all gathered art for the game/full presence characters,red_aventurine.png,jpeg,1024,1024,3.4,3.4,SMALL-PRINT
Geode Inn/all building components for game/all gathered art for the game/full presence characters,red_tigers_eye.png,jpeg,1024,1024,3.4,3.4,SMALL-PRINT
Geode Inn/all building components for game/all gathered art for the game/full presence characters,rhine_quartz.png,jpeg,1024,1024,3.4,3.4,SMALL-PRINT
Geode Inn/all building components for game/all gathered art for the game/full presence characters,rhodochrosite.png,jpeg,1024,1024,3.4,3.4,SMALL-PRINT
Geode Inn/all building components for game/all gathered art for the game/full presence characters,rhodonite.png,jpeg,1024,1024,3.4,3.4,SMALL-PRINT
Geode Inn/all building components for game/all gathered art for the game/full presence characters,rhyolite_garnet.png,jpeg,1024,1024,3.4,3.4,SMALL-PRINT
Geode Inn/all building components for game/all gathered art for the game/full presence characters,river_amber.png,jpeg,1024,1024,3.4,3.4,SMALL-PRINT
Geode Inn/all building components for game/all gathered art for the game/full presence characters,river_diamond.png,png,1024,1024,3.4,3.4,SMALL-PRINT
Geode Inn/all building components for game/all gathered art for the game/full presence characters,river_pearl.png,png,1024,1024,3.4,3.4,SMALL-PRINT
Geode Inn/all building components for game/all gathered art for the game/full presence characters,river_sentinel_concept_early.png,jpeg,1024,1024,3.4,3.4,SMALL-PRINT
Geode Inn/all building components for game/all gathered art for the game/full presence characters,river_sentinel_ingame.png,jpeg,1024,1024,3.4,3.4,SMALL-PRINT
Geode Inn/all building components for game/all gathered art for the game/full presence characters,rose_quartz.png,jpeg,1024,1024,3.4,3.4,SMALL-PRINT
Geode Inn/all building components for game/all gathered art for the game/full presence characters,rubellite_tourmaline.png,jpeg,1024,1024,3.4,3.4,SMALL-PRINT
Geode Inn/all building components for game/all gathered art for the game/full presence characters,ruby.png,jpeg,1024,1024,3.4,3.4,SMALL-PRINT
Geode Inn/all building components for game/all gathered art for the game/full presence characters,ruby_with_kyanite.png,jpeg,1024,1024,3.4,3.4,SMALL-PRINT
Geode Inn/all building components for game/all gathered art for the game/full presence characters,rutilated_quartz.png,jpeg,1024,1024,3.4,3.4,SMALL-PRINT
Geode Inn/all building components for game/all gathered art for the game/full presence characters,ryan.png,jpeg,1024,1024,3.4,3.4,SMALL-PRINT
Geode Inn/all building components for game/all gathered art for the game/full presence characters,sapphire.png,jpeg,1024,1024,3.4,3.4,SMALL-PRINT
Geode Inn/all building components for game/all gathered art for the game/full presence characters,sapphire_tundra.png,jpeg,1024,1024,3.4,3.4,SMALL-PRINT
Geode Inn/all building components for game/all gathered art for the game/full presence characters,sard.png,jpeg,1024,1024,3.4,3.4,SMALL-PRINT
Geode Inn/all building components for game/all gathered art for the game/full presence characters,sardonyx.png,jpeg,1024,1024,3.4,3.4,SMALL-PRINT
Geode Inn/all building components for game/all gathered art for the game/full presence characters,scarlett_standing_profile.png,jpeg,1024,1024,3.4,3.4,SMALL-PRINT
Geode Inn/all building components for game/all gathered art for the game/full presence characters,sea_glass.png,png,1024,1024,3.4,3.4,SMALL-PRINT
Geode Inn/all building components for game/all gathered art for the game/full presence characters,sealite.png,jpeg,1024,1024,3.4,3.4,SMALL-PRINT
Geode Inn/all building components for game/all gathered art for the game/full presence characters,seelie fae summer court.png,jpeg,1024,1024,3.4,3.4,SMALL-PRINT
Geode Inn/all building components for game/all gathered art for the game/full presence characters,seelie_king.png,jpeg,1024,1024,3.4,3.4,SMALL-PRINT
Geode Inn/all building components for game/all gathered art for the game/full presence characters,seelie_king.png,jpeg,1024,1024,3.4,3.4,SMALL-PRINT
Geode Inn/all building components for game/all gathered art for the game/full presence characters,seelie_king_v2.png,jpeg,1024,1024,3.4,3.4,SMALL-PRINT
Geode Inn/all building components for game/all gathered art for the game/full presence characters,seelie_queen.png,jpeg,1024,1024,3.4,3.4,SMALL-PRINT
Geode Inn/all building components for game/all gathered art for the game/full presence characters,seelie_queen_v2.png,jpeg,1024,1024,3.4,3.4,SMALL-PRINT
Geode Inn/all building components for game/all gathered art for the game/full presence characters,sentinel_concept.png,jpeg,1024,1024,3.4,3.4,SMALL-PRINT
Geode Inn/all building components for game/all gathered art for the game/full presence characters,septarian.png,jpeg,1024,1024,3.4,3.4,SMALL-PRINT
Geode Inn/all building components for game/all gathered art for the game/full presence characters,shungite.png,jpeg,1024,1024,3.4,3.4,SMALL-PRINT
Geode Inn/all building components for game/all gathered art for the game/full presence characters,six_gargoyles.png,jpeg,1024,1024,3.4,3.4,SMALL-PRINT
Geode Inn/all building components for game/all gathered art for the game/full presence characters,smoky_quartz.png,jpeg,1024,1024,3.4,3.4,SMALL-PRINT
Geode Inn/all building components for game/all gathered art for the game/full presence characters,snowflake_obsidian.png,jpeg,1024,1024,3.4,3.4,SMALL-PRINT
Geode Inn/all building components for game/all gathered art for the game/full presence characters,sodalite.png,jpeg,1024,1024,3.4,3.4,SMALL-PRINT
Geode Inn/all building components for game/all gathered art for the game/full presence characters,sodalite_african.png,jpeg,1024,1024,3.4,3.4,SMALL-PRINT
Geode Inn/all building components for game/all gathered art for the game/full presence characters,solar_quartz.png,jpeg,1024,1024,3.4,3.4,SMALL-PRINT
Geode Inn/all building components for game/all gathered art for the game/full presence characters,spessartite_garnet.png,jpeg,1024,1024,3.4,3.4,SMALL-PRINT
Geode Inn/all building components for game/all gathered art for the game/full presence characters,spinel.png,jpeg,1024,1024,3.4,3.4,SMALL-PRINT
Geode Inn/all building components for game/all gathered art for the game/full presence characters,spirit_quartz.png,jpeg,1024,1024,3.4,3.4,SMALL-PRINT
Geode Inn/all building components for game/all gathered art for the game/full presence characters,st_alchemical_landing_mid.jpg,jpeg,1280,720,4.3,2.4,SMALL-PRINT
Geode Inn/all building components for game/all gathered art for the game/full presence characters,st_alembic_window_mid.jpg,jpeg,1920,1080,6.4,3.6,CARD-READY
Geode Inn/all building components for game/all gathered art for the game/full presence characters,st_transformation_mid.jpg,jpeg,1920,1080,6.4,3.6,CARD-READY
Geode Inn/all building components for game/all gathered art for the game/full presence characters,starlight_crystal.png,jpeg,1024,1024,3.4,3.4,SMALL-PRINT
Geode Inn/all building components for game/all gathered art for the game/full presence characters,staurolite_fairy_cross_stone.png,jpeg,1024,1024,3.4,3.4,SMALL-PRINT
Geode Inn/all building components for game/all gathered art for the game/full presence characters,stone_circle_chamber.jpg,jpeg,1280,720,4.3,2.4,SMALL-PRINT
Geode Inn/all building components for game/all gathered art for the game/full presence characters,stonehenge.jpg,jpeg,1280,720,4.3,2.4,SMALL-PRINT
Geode Inn/all building components for game/all gathered art for the game/full presence characters,story born ents.png,jpeg,1024,1024,3.4,3.4,SMALL-PRINT
Geode Inn/all building components for game/all gathered art for the game/full presence characters,story_born_ents.png,jpeg,1024,1024,3.4,3.4,SMALL-PRINT
Geode Inn/all building components for game/all gathered art for the game/full presence characters,sugilite.png,jpeg,1024,1024,3.4,3.4,SMALL-PRINT
Geode Inn/all building components for game/all gathered art for the game/full presence characters,summerlands.jpg,jpeg,1920,1080,6.4,3.6,CARD-READY
Geode Inn/all building components for game/all gathered art for the game/full presence characters,sunset_jasper.png,jpeg,1024,1024,3.4,3.4,SMALL-PRINT
Geode Inn/all building components for game/all gathered art for the game/full presence characters,sunstone.png,jpeg,1024,1024,3.4,3.4,SMALL-PRINT
Geode Inn/all building components for game/all gathered art for the game/full presence characters,tannin_agate.png,jpeg,1024,1024,3.4,3.4,SMALL-PRINT
Geode Inn/all building components for game/all gathered art for the game/full presence characters,tanzanite.png,jpeg,1024,1024,3.4,3.4,SMALL-PRINT
Geode Inn/all building components for game/all gathered art for the game/full presence characters,tektite.png,jpeg,1024,1024,3.4,3.4,SMALL-PRINT
Geode Inn/all building components for game/all gathered art for the game/full presence characters,teslas_silver_disc.png,jpeg,1024,1024,3.4,3.4,SMALL-PRINT
Geode Inn/all building components for game/all gathered art for the game/full presence characters,the a examiner.png,jpeg,1024,1024,3.4,3.4,SMALL-PRINT
Geode Inn/all building components for game/all gathered art for the game/full presence characters,the astronomer.png,jpeg,1024,1024,3.4,3.4,SMALL-PRINT
Geode Inn/all building components for game/all gathered art for the game/full presence characters,the b examiner.png,jpeg,1024,1024,3.4,3.4,SMALL-PRINT
Geode Inn/all building components for game/all gathered art for the game/full presence characters,the bard 2.png,jpeg,1024,1024,3.4,3.4,SMALL-PRINT
Geode Inn/all building components for game/all gathered art for the game/full presence characters,the bard.png,jpeg,1024,1024,3.4,3.4,SMALL-PRINT
Geode Inn/all building components for game/all gathered art for the game/full presence characters,the beacon.png,jpeg,1024,1024,3.4,3.4,SMALL-PRINT
Geode Inn/all building components for game/all gathered art for the game/full presence characters,the captain arcana.png,jpeg,1024,1024,3.4,3.4,SMALL-PRINT
Geode Inn/all building components for game/all gathered art for the game/full presence characters,the cartographer.png,jpeg,1024,1024,3.4,3.4,SMALL-PRINT
Geode Inn/all building components for game/all gathered art for the game/full presence characters,the catalyst (also the bartender).png,jpeg,1024,1024,3.4,3.4,SMALL-PRINT
Geode Inn/all building components for game/all gathered art for the game/full presence characters,the constant.png,png,1024,1024,3.4,3.4,SMALL-PRINT
Geode Inn/all building components for game/all gathered art for the game/full presence characters,the five smiths.png,jpeg,1024,1024,3.4,3.4,SMALL-PRINT
Geode Inn/all building components for game/all gathered art for the game/full presence characters,the gardener.png,jpeg,1024,1024,3.4,3.4,SMALL-PRINT
Geode Inn/all building components for game/all gathered art for the game/full presence characters,the host.png,jpeg,1024,1024,3.4,3.4,SMALL-PRINT
Geode Inn/all building components for game/all gathered art for the game/full presence characters,the morrigan 2.png,jpeg,1024,1024,3.4,3.4,SMALL-PRINT
Geode Inn/all building components for game/all gathered art for the game/full presence characters,the morrigan.png,jpeg,1024,1024,3.4,3.4,SMALL-PRINT
Geode Inn/all building components for game/all gathered art for the game/full presence characters,the one who is awake.png,jpeg,1024,1024,3.4,3.4,SMALL-PRINT
Geode Inn/all building components for game/all gathered art for the game/full presence characters,the one who tends.png,jpeg,1024,1024,3.4,3.4,SMALL-PRINT
Geode Inn/all building components for game/all gathered art for the game/full presence characters,the owl full presence.png,jpeg,1024,1024,3.4,3.4,SMALL-PRINT
Geode Inn/all building components for game/all gathered art for the game/full presence characters,the retort (tesla's chaotic reflection).png,jpeg,1024,1024,3.4,3.4,SMALL-PRINT
Geode Inn/all building components for game/all gathered art for the game/full presence characters,the sentinel.png,png,1024,929,3.4,3.1,SMALL-PRINT
Geode Inn/all building components for game/all gathered art for the game/full presence characters,the thrum.png,jpeg,1024,1024,3.4,3.4,SMALL-PRINT
Geode Inn/all building components for game/all gathered art for the game/full presence characters,the vessel 1.png,jpeg,1024,1024,3.4,3.4,SMALL-PRINT
Geode Inn/all building components for game/all gathered art for the game/full presence characters,the_astronomer_v2.png,jpeg,1024,1024,3.4,3.4,SMALL-PRINT
Geode Inn/all building components for game/all gathered art for the game/full presence characters,the_bard.png,jpeg,1024,1024,3.4,3.4,SMALL-PRINT
Geode Inn/all building components for game/all gathered art for the game/full presence characters,the_bard_v2.png,jpeg,1024,1024,3.4,3.4,SMALL-PRINT
Geode Inn/all building components for game/all gathered art for the game/full presence characters,the_beacon.png,jpeg,1024,1024,3.4,3.4,SMALL-PRINT
Geode Inn/all building components for game/all gathered art for the game/full presence characters,the_between.jpg,jpeg,1280,720,4.3,2.4,SMALL-PRINT
Geode Inn/all building components for game/all gathered art for the game/full presence characters,the_cabbit.png,jpeg,1024,1024,3.4,3.4,SMALL-PRINT
Geode Inn/all building components for game/all gathered art for the game/full presence characters,the_captain_arcana.png,jpeg,1024,1024,3.4,3.4,SMALL-PRINT
Geode Inn/all building components for game/all gathered art for the game/full presence characters,the_cartographer.png,png,1024,1024,3.4,3.4,SMALL-PRINT
Geode Inn/all building components for game/all gathered art for the game/full presence characters,the_cartographer_v2.png,jpeg,1024,1024,3.4,3.4,SMALL-PRINT
Geode Inn/all building components for game/all gathered art for the game/full presence characters,the_catalyst.png,jpeg,1024,1024,3.4,3.4,SMALL-PRINT
Geode Inn/all building components for game/all gathered art for the game/full presence characters,the_catalyst_v2.png,jpeg,1024,1024,3.4,3.4,SMALL-PRINT
Geode Inn/all building components for game/all gathered art for the game/full presence characters,the_constant_ingame.png,jpeg,1024,1024,3.4,3.4,SMALL-PRINT
Geode Inn/all building components for game/all gathered art for the game/full presence characters,the_constant_v2.png,png,1024,1024,3.4,3.4,SMALL-PRINT
Geode Inn/all building components for game/all gathered art for the game/full presence characters,the_cook.png,jpeg,1024,1024,3.4,3.4,SMALL-PRINT
Geode Inn/all building components for game/all gathered art for the game/full presence characters,the_cook_v2.png,jpeg,1024,1024,3.4,3.4,SMALL-PRINT
Geode Inn/all building components for game/all gathered art for the game/full presence characters,the_crone.png,jpeg,1024,1024,3.4,3.4,SMALL-PRINT
Geode Inn/all building components for game/all gathered art for the game/full presence characters,the_crone_ACCIDENTAL_CANONICAL.png,jpeg,1024,1024,3.4,3.4,SMALL-PRINT
Geode Inn/all building components for game/all gathered art for the game/full presence characters,the_crone_v2.png,jpeg,1024,1024,3.4,3.4,SMALL-PRINT
Geode Inn/all building components for game/all gathered art for the game/full presence characters,the_duck.png,jpeg,1024,1024,3.4,3.4,SMALL-PRINT
Geode Inn/all building components for game/all gathered art for the game/full presence characters,the_examiner.png,jpeg,1024,1024,3.4,3.4,SMALL-PRINT
Geode Inn/all building components for game/all gathered art for the game/full presence characters,the_examiner_v2.png,jpeg,1024,1024,3.4,3.4,SMALL-PRINT
Geode Inn/all building components for game/all gathered art for the game/full presence characters,the_gardener_radagast.png,jpeg,1024,1024,3.4,3.4,SMALL-PRINT
Geode Inn/all building components for game/all gathered art for the game/full presence characters,the_gardener_radagast_v2.png,jpeg,1024,1024,3.4,3.4,SMALL-PRINT
Geode Inn/all building components for game/all gathered art for the game/full presence characters,the_golden_contract.png,jpeg,1024,1024,3.4,3.4,SMALL-PRINT
Geode Inn/all building components for game/all gathered art for the game/full presence characters,the_guest_death.png,jpeg,1024,1024,3.4,3.4,SMALL-PRINT
Geode Inn/all building components for game/all gathered art for the game/full presence characters,the_guest_death_v2.png,jpeg,1024,1024,3.4,3.4,SMALL-PRINT
Geode Inn/all building components for game/all gathered art for the game/full presence characters,the_hollow.jpg,jpeg,1920,1080,6.4,3.6,CARD-READY
Geode Inn/all building components for game/all gathered art for the game/full presence characters,the_host.png,jpeg,1024,1024,3.4,3.4,SMALL-PRINT
Geode Inn/all building components for game/all gathered art for the game/full presence characters,the_host_v2.png,jpeg,1024,1024,3.4,3.4,SMALL-PRINT
Geode Inn/all building components for game/all gathered art for the game/full presence characters,the_keeper_aughra.png,png,,,,,UNKNOWN
Geode Inn/all building components for game/all gathered art for the game/full presence characters,the_laughing_one.png,jpeg,1024,1024,3.4,3.4,SMALL-PRINT
Geode Inn/all building components for game/all gathered art for the game/full presence characters,the_morrigan.png,jpeg,1024,1024,3.4,3.4,SMALL-PRINT
Geode Inn/all building components for game/all gathered art for the game/full presence characters,the_one_who_is_awake.png,jpeg,1024,1024,3.4,3.4,SMALL-PRINT
Geode Inn/all building components for game/all gathered art for the game/full presence characters,the_one_who_is_awake_v2.png,jpeg,1024,1024,3.4,3.4,SMALL-PRINT
Geode Inn/all building components for game/all gathered art for the game/full presence characters,the_one_who_tends.png,jpeg,1024,1024,3.4,3.4,SMALL-PRINT
Geode Inn/all building components for game/all gathered art for the game/full presence characters,the_one_who_tends_v2.png,jpeg,1024,1024,3.4,3.4,SMALL-PRINT
Geode Inn/all building components for game/all gathered art for the game/full presence characters,the_owl.png,png,,,,,UNKNOWN
Geode Inn/all building components for game/all gathered art for the game/full presence characters,the_pirate.png,jpeg,1024,1024,3.4,3.4,SMALL-PRINT
Geode Inn/all building components for game/all gathered art for the game/full presence characters,the_pirate_v2.png,jpeg,1024,1024,3.4,3.4,SMALL-PRINT
Geode Inn/all building components for game/all gathered art for the game/full presence characters,the_pulse_line.png,png,,,,,UNKNOWN
Geode Inn/all building components for game/all gathered art for the game/full presence characters,the_retort.png,jpeg,1024,1024,3.4,3.4,SMALL-PRINT
Geode Inn/all building components for game/all gathered art for the game/full presence characters,the_retort_v2.png,jpeg,1024,1024,3.4,3.4,SMALL-PRINT
Geode Inn/all building components for game/all gathered art for the game/full presence characters,the_score_stone.png,jpeg,1024,1024,3.4,3.4,SMALL-PRINT
Geode Inn/all building components for game/all gathered art for the game/full presence characters,the_sentinel_river.png,jpeg,1024,1024,3.4,3.4,SMALL-PRINT
Geode Inn/all building components for game/all gathered art for the game/full presence characters,the_siren.png,jpeg,1024,1024,3.4,3.4,SMALL-PRINT
Geode Inn/all building components for game/all gathered art for the game/full presence characters,the_siren_v2.png,jpeg,1024,1024,3.4,3.4,SMALL-PRINT
Geode Inn/all building components for game/all gathered art for the game/full presence characters,the_star_glyph.png,jpeg,1024,1024,3.4,3.4,SMALL-PRINT
Geode Inn/all building components for game/all gathered art for the game/full presence characters,the_vessel_gecko.png,jpeg,1024,1024,3.4,3.4,SMALL-PRINT
Geode Inn/all building components for game/all gathered art for the game/full presence characters,the_weaver.png,jpeg,1024,1024,3.4,3.4,SMALL-PRINT
Geode Inn/all building components for game/all gathered art for the game/full presence characters,thorin_v2.png,jpeg,1024,1024,3.4,3.4,SMALL-PRINT
Geode Inn/all building components for game/all gathered art for the game/full presence characters,thorin_v3.png,jpeg,1024,1024,3.4,3.4,SMALL-PRINT
Geode Inn/all building components for game/all gathered art for the game/full presence characters,tiger_iron.png,jpeg,1024,1024,3.4,3.4,SMALL-PRINT
Geode Inn/all building components for game/all gathered art for the game/full presence characters,tinkering weeaboo.png,jpeg,1024,1024,3.4,3.4,SMALL-PRINT
Geode Inn/all building components for game/all gathered art for the game/full presence characters,tinkering_weeaboo.png,jpeg,1024,1024,3.4,3.4,SMALL-PRINT
Geode Inn/all building components for game/all gathered art for the game/full presence characters,tourmalinated_quartz.png,jpeg,1024,1024,3.4,3.4,SMALL-PRINT
Geode Inn/all building components for game/all gathered art for the game/full presence characters,transylvanian_forest.jpg,jpeg,1280,720,4.3,2.4,SMALL-PRINT
Geode Inn/all building components for game/all gathered art for the game/full presence characters,tree_agate.png,jpeg,1024,1024,3.4,3.4,SMALL-PRINT
Geode Inn/all building components for game/all gathered art for the game/full presence characters,troll gatekeeper.png,jpeg,1024,1024,3.4,3.4,SMALL-PRINT
Geode Inn/all building components for game/all gathered art for the game/full presence characters,tumble_ingame.png,jpeg,1024,1024,3.4,3.4,SMALL-PRINT
Geode Inn/all building components for game/all gathered art for the game/full presence characters,turquoise_tibetan.png,jpeg,1024,1024,3.4,3.4,SMALL-PRINT
Geode Inn/all building components for game/all gathered art for the game/full presence characters,turquoise_types_found_in_the_americas.png,jpeg,1024,1024,3.4,3.4,SMALL-PRINT
Geode Inn/all building components for game/all gathered art for the game/full presence characters,uhtred.png,jpeg,1024,1024,3.4,3.4,SMALL-PRINT
Geode Inn/all building components for game/all gathered art for the game/full presence characters,uhtred_v2.png,jpeg,1024,1024,3.4,3.4,SMALL-PRINT
Geode Inn/all building components for game/all gathered art for the game/full presence characters,unakite.png,jpeg,1024,1024,3.4,3.4,SMALL-PRINT
Geode Inn/all building components for game/all gathered art for the game/full presence characters,unseelie fae summer court 1.jpg,jpeg,1024,1024,3.4,3.4,SMALL-PRINT
Geode Inn/all building components for game/all gathered art for the game/full presence characters,unseelie fae winter court 1.png,jpeg,1024,1024,3.4,3.4,SMALL-PRINT
Geode Inn/all building components for game/all gathered art for the game/full presence characters,up_allfathers_throne_mid.jpg,jpeg,1280,720,4.3,2.4,SMALL-PRINT
Geode Inn/all building components for game/all gathered art for the game/full presence characters,up_ascension_canopy_mid.jpg,jpeg,1280,720,4.3,2.4,SMALL-PRINT
Geode Inn/all building components for game/all gathered art for the game/full presence characters,up_cosmology_mural_mid.jpg,jpeg,1280,720,4.3,2.4,SMALL-PRINT
Geode Inn/all building components for game/all gathered art for the game/full presence characters,up_planet_chamber_mid.jpg,jpeg,1280,720,4.3,2.4,SMALL-PRINT
Geode Inn/all building components for game/all gathered art for the game/full presence characters,uvarovite.png,jpeg,1024,1024,3.4,3.4,SMALL-PRINT
Geode Inn/all building components for game/all gathered art for the game/full presence characters,viking_mead_hall_early.png,jpeg,1024,1024,3.4,3.4,SMALL-PRINT
Geode Inn/all building components for game/all gathered art for the game/full presence characters,vistula_agate.png,jpeg,1024,1024,3.4,3.4,SMALL-PRINT
Geode Inn/all building components for game/all gathered art for the game/full presence characters,w10_selkie.png,jpeg,1024,1024,3.4,3.4,SMALL-PRINT
Geode Inn/all building components for game/all gathered art for the game/full presence characters,w11_afanc.png,jpeg,1024,1024,3.4,3.4,SMALL-PRINT
Geode Inn/all building components for game/all gathered art for the game/full presence characters,w12_mokele-mbembe.png,jpeg,1024,1024,3.4,3.4,SMALL-PRINT
Geode Inn/all building components for game/all gathered art for the game/full presence characters,w13_ninki_nanka.png,jpeg,1024,1024,3.4,3.4,SMALL-PRINT
Geode Inn/all building components for game/all gathered art for the game/full presence characters,w14_inkanyamba.png,jpeg,1024,1024,3.4,3.4,SMALL-PRINT
Geode Inn/all building components for game/all gathered art for the game/full presence characters,w15_arwe_the_serpent.png,jpeg,1024,1024,3.4,3.4,SMALL-PRINT
Geode Inn/all building components for game/all gathered art for the game/full presence characters,w16_the_ningen.png,jpeg,1024,1024,3.4,3.4,SMALL-PRINT
Geode Inn/all building components for game/all gathered art for the game/full presence characters,w17_rusalka.png,jpeg,1024,1024,3.4,3.4,SMALL-PRINT
Geode Inn/all building components for game/all gathered art for the game/full presence characters,w18_the_lorelei.png,jpeg,1024,1024,3.4,3.4,SMALL-PRINT
Geode Inn/all building components for game/all gathered art for the game/full presence characters,w19_draugen.png,jpeg,1024,1024,3.4,3.4,SMALL-PRINT
Geode Inn/all building components for game/all gathered art for the game/full presence characters,w1_nessie_loch_ness_monster.png,jpeg,1024,1024,3.4,3.4,SMALL-PRINT
Geode Inn/all building components for game/all gathered art for the game/full presence characters,w20_the_tarasque.png,jpeg,1024,1024,3.4,3.4,SMALL-PRINT
Geode Inn/all building components for game/all gathered art for the game/full presence characters,w21_the_lindwurm_of_klagenfurt.png,jpeg,1024,1024,3.4,3.4,SMALL-PRINT
Geode Inn/all building components for game/all gathered art for the game/full presence characters,w22_the_wawel_dragon_smok_wawelski.png,jpeg,1024,1024,3.4,3.4,SMALL-PRINT
Geode Inn/all building components for game/all gathered art for the game/full presence characters,w23_tiddalik_the_frog.png,jpeg,1024,1024,3.4,3.4,SMALL-PRINT
Geode Inn/all building components for game/all gathered art for the game/full presence characters,w24_the_rainbow_serpent.png,jpeg,1024,1024,3.4,3.4,SMALL-PRINT
Geode Inn/all building components for game/all gathered art for the game/full presence characters,w25_tompondrano.png,jpeg,1024,1024,3.4,3.4,SMALL-PRINT
Geode Inn/all building components for game/all gathered art for the game/full presence characters,w26_the_rannamaari.png,jpeg,1024,1024,3.4,3.4,SMALL-PRINT
Geode Inn/all building components for game/all gathered art for the game/full presence characters,w27_the_altamaha-ha.png,jpeg,1024,1024,3.4,3.4,SMALL-PRINT
Geode Inn/all building components for game/all gathered art for the game/full presence characters,w28_aido-hwedo.png,jpeg,1024,1024,3.4,3.4,SMALL-PRINT
Geode Inn/all building components for game/all gathered art for the game/full presence characters,w29_lusca.png,jpeg,1024,1024,3.4,3.4,SMALL-PRINT
Geode Inn/all building components for game/all gathered art for the game/full presence characters,w2_kelpie.png,jpeg,1024,1024,3.4,3.4,SMALL-PRINT
Geode Inn/all building components for game/all gathered art for the game/full presence characters,w30_the_miengu.png,jpeg,1024,1024,3.4,3.4,SMALL-PRINT
Geode Inn/all building components for game/all gathered art for the game/full presence characters,w31_mount_emeis_white_snake_bai_suzhen.png,jpeg,1024,1024,3.4,3.4,SMALL-PRINT
Geode Inn/all building components for game/all gathered art for the game/full presence characters,w32_ayia_napa_sea_serpent.png,jpeg,1024,1024,3.4,3.4,SMALL-PRINT
Geode Inn/all building components for game/all gathered art for the game/full presence characters,w3_the_bunyip.png,jpeg,1024,1024,3.4,3.4,SMALL-PRINT
Geode Inn/all building components for game/all gathered art for the game/full presence characters,w4_bakunawa.png,jpeg,1024,1024,3.4,3.4,SMALL-PRINT
Geode Inn/all building components for game/all gathered art for the game/full presence characters,w5_taniwha.png,jpeg,1024,1024,3.4,3.4,SMALL-PRINT
Geode Inn/all building components for game/all gathered art for the game/full presence characters,w6_adaro.png,jpeg,1024,1024,3.4,3.4,SMALL-PRINT
Geode Inn/all building components for game/all gathered art for the game/full presence characters,w7_grootslang.png,jpeg,1024,1024,3.4,3.4,SMALL-PRINT
Geode Inn/all building components for game/all gathered art for the game/full presence characters,w8_iara.png,jpeg,1024,1024,3.4,3.4,SMALL-PRINT
Geode Inn/all building components for game/all gathered art for the game/full presence characters,w9_blue_men_of_the_minch.png,jpeg,1024,1024,3.4,3.4,SMALL-PRINT
Geode Inn/all building components for game/all gathered art for the game/full presence characters,water_opal.png,jpeg,1024,1024,3.4,3.4,SMALL-PRINT
Geode Inn/all building components for game/all gathered art for the game/full presence characters,watermelon_tourmaline.png,jpeg,1024,1024,3.4,3.4,SMALL-PRINT
Geode Inn/all building components for game/all gathered art for the game/full presence characters,wayfarer.png,jpeg,1024,1024,3.4,3.4,SMALL-PRINT
Geode Inn/all building components for game/all gathered art for the game/full presence characters,wednesday_addams.png,jpeg,1024,1024,3.4,3.4,SMALL-PRINT
Geode Inn/all building components for game/all gathered art for the game/full presence characters,weeaboo_partner_navigator.png,jpeg,1024,1024,3.4,3.4,SMALL-PRINT
Geode Inn/all building components for game/all gathered art for the game/full presence characters,welsh_slate.png,jpeg,1024,1024,3.4,3.4,SMALL-PRINT
Geode Inn/all building components for game/all gathered art for the game/full presence characters,white_jade.png,jpeg,1024,1024,3.4,3.4,SMALL-PRINT
Geode Inn/all building components for game/all gathered art for the game/full presence characters,white_moonstone.png,jpeg,1024,1024,3.4,3.4,SMALL-PRINT
Geode Inn/all building components for game/all gathered art for the game/full presence characters,z01_superstition_mountains.png,jpeg,1024,1024,3.4,3.4,SMALL-PRINT
Geode Inn/all building components for game/all gathered art for the game/full presence characters,z02_yellowstone.png,jpeg,1024,1024,3.4,3.4,SMALL-PRINT
Geode Inn/all building components for game/all gathered art for the game/full presence characters,z03_appalachian.png,jpeg,1024,1024,3.4,3.4,SMALL-PRINT
Geode Inn/all building components for game/all gathered art for the game/full presence characters,z04_colorado_plateau.png,jpeg,1024,1024,3.4,3.4,SMALL-PRINT
Geode Inn/all building components for game/all gathered art for the game/full presence characters,z05_slavic.png,jpeg,1024,1024,3.4,3.4,SMALL-PRINT
Geode Inn/all building components for game/all gathered art for the game/full presence characters,z06_india.png,jpeg,1024,1024,3.4,3.4,SMALL-PRINT
Geode Inn/all building components for game/all gathered art for the game/full presence characters,z07_canopy_city.png,jpeg,1024,1024,3.4,3.4,SMALL-PRINT
Geode Inn/all building components for game/all gathered art for the game/full presence characters,z08_unseelie_court.png,jpeg,1024,1024,3.4,3.4,SMALL-PRINT
Geode Inn/all building components for game/all gathered art for the game/full presence characters,z09_cave_city.png,jpeg,1024,1024,3.4,3.4,SMALL-PRINT
Geode Inn/all building components for game/all gathered art for the game/full presence characters,z10_poison_garden.png,jpeg,1024,1024,3.4,3.4,SMALL-PRINT
Geode Inn/all building components for game/all gathered art for the game/full presence characters,z11_bone_room.png,jpeg,1024,1024,3.4,3.4,SMALL-PRINT
Geode Inn/all building components for game/all gathered art for the game/full presence characters,z12_desert_bone_egypt.png,jpeg,1024,1024,3.4,3.4,SMALL-PRINT
Geode Inn/all building components for game/all gathered art for the game/full presence characters,z13_aegean_light_greece.png,jpeg,1024,1024,3.4,3.4,SMALL-PRINT
Geode Inn/all building components for game/all gathered art for the game/full presence characters,z14_atlantis.png,jpeg,1024,1024,3.4,3.4,SMALL-PRINT
Geode Inn/all building components for game/all gathered art for the game/full presence characters,z15_cosmology_level.png,jpeg,1024,1024,3.4,3.4,SMALL-PRINT
Geode Inn/all building components for game/all gathered art for the game/full presence characters,z16_catacombs.png,jpeg,1024,1024,3.4,3.4,SMALL-PRINT
Geode Inn/all building components for game/all gathered art for the game/full presence characters,z17_undercity.png,jpeg,1024,1024,3.4,3.4,SMALL-PRINT
Geode Inn/all building components for game/all gathered art for the game/full presence characters,z18_alchemical_staircase.png,jpeg,1024,1024,3.4,3.4,SMALL-PRINT
Geode Inn/all building components for game/all gathered art for the game/full presence characters,z19_mesopotamia.png,jpeg,1024,1024,3.4,3.4,SMALL-PRINT
Geode Inn/all building components for game/all gathered art for the game/full presence characters,z20_camelot.png,jpeg,1024,1024,3.4,3.4,SMALL-PRINT
Geode Inn/all building components for game/all gathered art for the game/full presence characters,z21_peru_andes.png,jpeg,1024,1024,3.4,3.4,SMALL-PRINT
Geode Inn/all building components for game/all gathered art for the game/full presence characters,z22_petrified_forest.png,jpeg,1024,1024,3.4,3.4,SMALL-PRINT
Geode Inn/all building components for game/all gathered art for the game/full presence characters,z23_redwood_cathedral.png,jpeg,1024,1024,3.4,3.4,SMALL-PRINT
Geode Inn/all building components for game/all gathered art for the game/full presence characters,z24_china_terracotta.png,jpeg,1024,1024,3.4,3.4,SMALL-PRINT
Geode Inn/all building components for game/all gathered art for the game/full presence characters,z25_bayou_buried_cities.png,jpeg,1024,1024,3.4,3.4,SMALL-PRINT
Geode Inn/all building components for game/all gathered art for the game/full presence characters,z26_norse_realms.png,jpeg,1024,1024,3.4,3.4,SMALL-PRINT
Geode Inn/all building components for game/all gathered art for the game/full presence characters,z27_miskatonic.png,jpeg,1024,1024,3.4,3.4,SMALL-PRINT
Geode Inn/all building components for game/all gathered art for the game/full presence characters,z28_garden_van_gogh.png,jpeg,1024,1024,3.4,3.4,SMALL-PRINT
Geode Inn/all building components for game/all gathered art for the game/full presence characters,z29_meadery_picasso.png,jpeg,1024,1024,3.4,3.4,SMALL-PRINT
Geode Inn/all building components for game/all gathered art for the game/full presence characters,z30_seelie_court.png,jpeg,1024,1024,3.4,3.4,SMALL-PRINT
Geode Inn/all building components for game/all gathered art for the game/full presence characters,z31_inn_exterior.png,jpeg,1024,1024,3.4,3.4,SMALL-PRINT
Geode Inn/all building components for game/all gathered art for the game/full presence characters,z32_trovant_garden.png,jpeg,1024,1024,3.4,3.4,SMALL-PRINT
Geode Inn/all building components for game/all gathered art for the game/full presence characters,z33_tidal_caves.png,jpeg,1024,1024,3.4,3.4,SMALL-PRINT
Geode Inn/all building components for game/all gathered art for the game/full presence characters,z34_bosch_shadows.png,jpeg,1024,1024,3.4,3.4,SMALL-PRINT
Geode Inn/all building components for game/all gathered art for the game/full presence characters,z35_spiral_gallery.png,jpeg,1024,1024,3.4,3.4,SMALL-PRINT
Geode Inn/all building components for game/all gathered art for the game/full presence characters,zoisite_with_ruby_inclusions.png,jpeg,1024,1024,3.4,3.4,SMALL-PRINT
Geode Inn/all building components for game/all gathered art for the game/full presence characters,zone_L1_cosmology_turner.png,jpeg,1024,1024,3.4,3.4,SMALL-PRINT
Geode Inn/all building components for game/all gathered art for the game/full presence characters,zone_L2_clockwork_dali.png,jpeg,1024,1024,3.4,3.4,SMALL-PRINT
Geode Inn/all building components for game/all gathered art for the game/full presence characters,zone_fae_crystal_gardens.jpg,jpeg,1920,1080,6.4,3.6,CARD-READY
Geode Inn/all building components for game/all gathered art for the game/full presence characters,zone_fae_hollow.jpg,jpeg,1920,1080,6.4,3.6,CARD-READY
Geode Inn/all building components for game/all gathered art for the game/full presence characters,zone_fae_stone_circle.jpg,jpeg,1280,720,4.3,2.4,SMALL-PRINT
Geode Inn/all building components for game/all gathered art for the game/full presence characters,zone_fae_summerlands.jpg,jpeg,1920,1080,6.4,3.6,CARD-READY
Geode Inn/all building components for game/all gathered art for the game/full presence characters,zone_fae_the_between.jpg,jpeg,1280,720,4.3,2.4,SMALL-PRINT
Geode Inn/all building components for game/all gathered art for the game/full presence characters,zone_fae_threshold.jpg,jpeg,1920,1080,6.4,3.6,CARD-READY
Geode Inn/all building components for game/all gathered art for the game/full presence characters,zone_gorgons_garden_beardsley.png,jpeg,1024,1024,3.4,3.4,SMALL-PRINT
Geode Inn/all building components for game/all gathered art for the game/full presence characters,zone_hollow_earth_okeeffe.png,jpeg,1024,1024,3.4,3.4,SMALL-PRINT
Geode Inn/all building components for game/all gathered art for the game/full presence characters,zone_hollow_earth_okeeffe_v2.png,jpeg,1024,1024,3.4,3.4,SMALL-PRINT
Geode Inn/all building components for game/all gathered art for the game/full presence characters,zone_mf_modern_religions.jpg,jpeg,1280,720,4.3,2.4,SMALL-PRINT
Geode Inn/all building components for game/all gathered art for the game/full presence characters,zone_origin_story.jpg,jpeg,640,360,2.1,1.2,SCREEN-ONLY
Geode Inn/all building components for game/all gathered art for the game/full presence characters,zone_up_allfathers_throne.jpg,jpeg,1280,720,4.3,2.4,SMALL-PRINT
Geode Inn/all building components for game/all gathered art for the game/full presence characters,zone_world_grid_monet.png,jpeg,1024,1024,3.4,3.4,SMALL-PRINT
Geode Inn/all building components for game/all gathered art for the game/full presence characters,zorya_polunochnaya.png,jpeg,1024,1024,3.4,3.4,SMALL-PRINT
Geode Inn/all building components for game/all gathered art for the game/full presence characters,zorya_v2.png,jpeg,1024,1024,3.4,3.4,SMALL-PRINT
Geode Inn/all building components for game/all gathered art for the game/full presence characters,zorya_v2.png,jpeg,1024,1024,3.4,3.4,SMALL-PRINT
Geode Inn/all building components for game/all gathered art for the game/full presence characters,zultanite.png,jpeg,1024,1024,3.4,3.4,SMALL-PRINT
Geode Inn/all building components for game/all gathered art for the game/stone images,3913.jpg,jpeg,1080,2520,3.6,8.4,CARD-READY
Geode Inn/all building components for game/all gathered art for the game/stone images,3915.jpg,jpeg,1080,2520,3.6,8.4,CARD-READY
Geode Inn/all building components for game/all gathered art for the game/stone images,3917.jpg,jpeg,1080,2520,3.6,8.4,CARD-READY
Geode Inn/all building components for game/all gathered art for the game/stone images,3919.jpg,jpeg,1080,2520,3.6,8.4,CARD-READY
Geode Inn/all building components for game/all gathered art for the game/stone images,3921.jpg,jpeg,1080,2520,3.6,8.4,CARD-READY
Geode Inn/all building components for game/all gathered art for the game/stone images,3923.jpg,jpeg,1080,2520,3.6,8.4,CARD-READY
Geode Inn/all building components for game/all gathered art for the game/stone images,3925.jpg,jpeg,1080,2520,3.6,8.4,CARD-READY
Geode Inn/all building components for game/all gathered art for the game/zone images,andean highlands.jpg,jpeg,1280,720,4.3,2.4,SMALL-PRINT
Geode Inn/all building components for game/all gathered art for the game/zone images,catacombs_1-2_mid.jpg,jpeg,2206,946,7.4,3.2,CARD-READY
Geode Inn/all building components for game/all gathered art for the game/zone images,catacombs_1-2_mid.jpg,jpeg,2206,946,7.4,3.2,CARD-READY
Geode Inn/all building components for game/all gathered art for the game/zone images,catacombs_2-1_mid.jpg,jpeg,1280,720,4.3,2.4,SMALL-PRINT
Geode Inn/all building components for game/all gathered art for the game/zone images,catacombs_2-1_mid.jpg,jpeg,1280,720,4.3,2.4,SMALL-PRINT
Geode Inn/all building components for game/all gathered art for the game/zone images,catacombs_2-2_mid.jpg,jpeg,1280,720,4.3,2.4,SMALL-PRINT
Geode Inn/all building components for game/all gathered art for the game/zone images,catacombs_2-2_mid.jpg,jpeg,1280,720,4.3,2.4,SMALL-PRINT
Geode Inn/all building components for game/all gathered art for the game/zone images,catacombs_2-2_mid.jpg,jpeg,1280,720,4.3,2.4,SMALL-PRINT
Geode Inn/all building components for game/all gathered art for the game/zone images,catacombs_3-1_mid.jpg,jpeg,1280,720,4.3,2.4,SMALL-PRINT
Geode Inn/all building components for game/all gathered art for the game/zone images,catacombs_3-1_mid.jpg,jpeg,1280,720,4.3,2.4,SMALL-PRINT
Geode Inn/all building components for game/all gathered art for the game/zone images,catacombs_3-2_mid.jpg,jpeg,1280,720,4.3,2.4,SMALL-PRINT
Geode Inn/all building components for game/all gathered art for the game/zone images,catacombs_3-2_mid.jpg,jpeg,1280,720,4.3,2.4,SMALL-PRINT
Geode Inn/all building components for game/all gathered art for the game/zone images,catacombs_3-2_mid.jpg,jpeg,1280,720,4.3,2.4,SMALL-PRINT
Geode Inn/all building components for game/all gathered art for the game/zone images,catacombs_4-1_mid.jpg,jpeg,1280,720,4.3,2.4,SMALL-PRINT
Geode Inn/all building components for game/all gathered art for the game/zone images,catacombs_4-1_mid.jpg,jpeg,1280,720,4.3,2.4,SMALL-PRINT
Geode Inn/all building components for game/all gathered art for the game/zone images,catacombs_4-2_mid.jpg,jpeg,1280,720,4.3,2.4,SMALL-PRINT
Geode Inn/all building components for game/all gathered art for the game/zone images,catacombs_4-2_mid.jpg,jpeg,1280,720,4.3,2.4,SMALL-PRINT
Geode Inn/all building components for game/all gathered art for the game/zone images,catacombs_4-2_mid.jpg,jpeg,1280,720,4.3,2.4,SMALL-PRINT
Geode Inn/all building components for game/all gathered art for the game/zone images,catacombs_5-1_mid.jpg,jpeg,1280,720,4.3,2.4,SMALL-PRINT
Geode Inn/all building components for game/all gathered art for the game/zone images,catacombs_5-1_mid.jpg,jpeg,1280,720,4.3,2.4,SMALL-PRINT
Geode Inn/all building components for game/all gathered art for the game/zone images,catacombs_5-2_mid.jpg,jpeg,1280,720,4.3,2.4,SMALL-PRINT
Geode Inn/all building components for game/all gathered art for the game/zone images,catacombs_5-2_mid.jpg,jpeg,1280,720,4.3,2.4,SMALL-PRINT
Geode Inn/all building components for game/all gathered art for the game/zone images,catacombs_5-2_mid.jpg,jpeg,1280,720,4.3,2.4,SMALL-PRINT
Geode Inn/all building components for game/all gathered art for the game/zone images,catacombs_6-1_mid.jpg,jpeg,1280,720,4.3,2.4,SMALL-PRINT
Geode Inn/all building components for game/all gathered art for the game/zone images,catacombs_6-1_mid.jpg,jpeg,1280,720,4.3,2.4,SMALL-PRINT
Geode Inn/all building components for game/all gathered art for the game/zone images,catacombs_6-2_mid.jpg,jpeg,1280,720,4.3,2.4,SMALL-PRINT
Geode Inn/all building components for game/all gathered art for the game/zone images,catacombs_6-2_mid.jpg,jpeg,1280,720,4.3,2.4,SMALL-PRINT
Geode Inn/all building components for game/all gathered art for the game/zone images,catacombs_6-2_mid.jpg,jpeg,1280,720,4.3,2.4,SMALL-PRINT
Geode Inn/all building components for game/all gathered art for the game/zone images,catacombs_7-1_mid.jpg,jpeg,1280,720,4.3,2.4,SMALL-PRINT
Geode Inn/all building components for game/all gathered art for the game/zone images,catacombs_7-1_mid.jpg,jpeg,1280,720,4.3,2.4,SMALL-PRINT
Geode Inn/all building components for game/all gathered art for the game/zone images,catacombs_8-1_mid.jpg,jpeg,1280,720,4.3,2.4,SMALL-PRINT
Geode Inn/all building components for game/all gathered art for the game/zone images,catacombs_8-1_mid.jpg,jpeg,1280,720,4.3,2.4,SMALL-PRINT
Geode Inn/all building components for game/all gathered art for the game/zone images,catacombs_8-2_mid.jpg,jpeg,1280,720,4.3,2.4,SMALL-PRINT
Geode Inn/all building components for game/all gathered art for the game/zone images,catacombs_8-2_mid.jpg,jpeg,1280,720,4.3,2.4,SMALL-PRINT
Geode Inn/all building components for game/all gathered art for the game/zone images,mf_artisan_market_mid.jpg,jpeg,1280,720,4.3,2.4,SMALL-PRINT
Geode Inn/all building components for game/all gathered art for the game/zone images,mf_artisan_market_mid.jpg,jpeg,1280,720,4.3,2.4,SMALL-PRINT
Geode Inn/all building components for game/all gathered art for the game/zone images,mf_central_hearth_mid.jpg,jpeg,1920,1080,6.4,3.6,CARD-READY
Geode Inn/all building components for game/all gathered art for the game/zone images,mf_central_hearth_mid.jpg,jpeg,1920,1080,6.4,3.6,CARD-READY
Geode Inn/all building components for game/all gathered art for the game/zone images,mf_modern_legends_mid.jpg,jpeg,1280,720,4.3,2.4,SMALL-PRINT
Geode Inn/all building components for game/all gathered art for the game/zone images,mf_modern_legends_mid.jpg,jpeg,1280,720,4.3,2.4,SMALL-PRINT
Geode Inn/all building components for game/all gathered art for the game/zone images,mf_modern_religions_mid.jpg,jpeg,1280,720,4.3,2.4,SMALL-PRINT
Geode Inn/all building components for game/all gathered art for the game/zone images,mf_modern_religions_mid.jpg,jpeg,1280,720,4.3,2.4,SMALL-PRINT
Geode Inn/all building components for game/all gathered art for the game/zone images,st_alchemical_landing_mid.jpg,jpeg,1280,720,4.3,2.4,SMALL-PRINT
Geode Inn/all building components for game/all gathered art for the game/zone images,st_alchemical_landing_mid.jpg,jpeg,1280,720,4.3,2.4,SMALL-PRINT
Geode Inn/all building components for game/all gathered art for the game/zone images,st_alembic_window_mid.jpg,jpeg,1920,1080,6.4,3.6,CARD-READY
Geode Inn/all building components for game/all gathered art for the game/zone images,st_alembic_window_mid.jpg,jpeg,1920,1080,6.4,3.6,CARD-READY
Geode Inn/all building components for game/all gathered art for the game/zone images,st_transformation_mid.jpg,jpeg,1920,1080,6.4,3.6,CARD-READY
Geode Inn/all building components for game/all gathered art for the game/zone images,st_transformation_mid.jpg,jpeg,1920,1080,6.4,3.6,CARD-READY
Geode Inn/all building components for game/all gathered art for the game/zone images,stonehenge.jpg,jpeg,1280,720,4.3,2.4,SMALL-PRINT
Geode Inn/all building components for game/all gathered art for the game/zone images,transylvanian forest.jpg,jpeg,1280,720,4.3,2.4,SMALL-PRINT
Geode Inn/all building components for game/all gathered art for the game/zone images,up_allfathers_throne_mid.jpg,jpeg,1280,720,4.3,2.4,SMALL-PRINT
Geode Inn/all building components for game/all gathered art for the game/zone images,up_allfathers_throne_mid.jpg,jpeg,1280,720,4.3,2.4,SMALL-PRINT
Geode Inn/all building components for game/all gathered art for the game/zone images,up_ascension_canopy_mid.jpg,jpeg,1280,720,4.3,2.4,SMALL-PRINT
Geode Inn/all building components for game/all gathered art for the game/zone images,up_ascension_canopy_mid.jpg,jpeg,1280,720,4.3,2.4,SMALL-PRINT
Geode Inn/all building components for game/all gathered art for the game/zone images,up_cosmology_mural_mid.jpg,jpeg,1280,720,4.3,2.4,SMALL-PRINT
Geode Inn/all building components for game/all gathered art for the game/zone images,up_cosmology_mural_mid.jpg,jpeg,1280,720,4.3,2.4,SMALL-PRINT
Geode Inn/all building components for game/all gathered art for the game/zone images,up_planet_chamber_mid.jpg,jpeg,1280,720,4.3,2.4,SMALL-PRINT
Geode Inn/all building components for game/all gathered art for the game/zone images,up_planet_chamber_mid.jpg,jpeg,1280,720,4.3,2.4,SMALL-PRINT
Geode Inn/all building components for game/all gathered art for the game/zone images,wm_andean_highlands_mid.jpg,jpeg,1280,720,4.3,2.4,SMALL-PRINT
Geode Inn/all building components for game/all gathered art for the game/zone images,wm_andean_highlands_mid.jpg,jpeg,1280,720,4.3,2.4,SMALL-PRINT
Geode Inn/all building components for game/all gathered art for the game/zone images,wm_celtic_highlands_mid.jpg,jpeg,1280,720,4.3,2.4,SMALL-PRINT
Geode Inn/all building components for game/all gathered art for the game/zone images,wm_celtic_highlands_mid.jpg,jpeg,1280,720,4.3,2.4,SMALL-PRINT
Geode Inn/all building components for game/all gathered art for the game/zone images,wm_egyptian_desert_mid.jpg,jpeg,1280,720,4.3,2.4,SMALL-PRINT
Geode Inn/all building components for game/all gathered art for the game/zone images,wm_egyptian_desert_mid.jpg,jpeg,1280,720,4.3,2.4,SMALL-PRINT
Geode Inn/all building components for game/all gathered art for the game/zone images,wm_japanese_temple_mid.jpg,jpeg,1280,720,4.3,2.4,SMALL-PRINT
Geode Inn/all building components for game/all gathered art for the game/zone images,wm_japanese_temple_mid.jpg,jpeg,1280,720,4.3,2.4,SMALL-PRINT
Geode Inn/all building components for game/all gathered art for the game/zone images,wm_norse_coast_mid.jpg,jpeg,1920,1080,6.4,3.6,CARD-READY
Geode Inn/all building components for game/all gathered art for the game/zone images,wm_norse_coast_mid.jpg,jpeg,1920,1080,6.4,3.6,CARD-READY
Geode Inn/all building components for game/all gathered art for the game/zone images,wm_parchment_world_mid.jpg,jpeg,1280,720,4.3,2.4,SMALL-PRINT
Geode Inn/all building components for game/all gathered art for the game/zone images,wm_parchment_world_mid.jpg,jpeg,1280,720,4.3,2.4,SMALL-PRINT
Geode Inn/all building components for game/all gathered art for the game/zone images,wm_stonehenge_mid.jpg,jpeg,1280,720,4.3,2.4,SMALL-PRINT
Geode Inn/all building components for game/all gathered art for the game/zone images,wm_stonehenge_mid.jpg,jpeg,1280,720,4.3,2.4,SMALL-PRINT
Geode Inn/all building components for game/all gathered art for the game/zone images,wm_transylvanian_forest_mid.jpg,jpeg,1280,720,4.3,2.4,SMALL-PRINT
Geode Inn/all building components for game/all gathered art for the game/zone images,wm_transylvanian_forest_mid.jpg,jpeg,1280,720,4.3,2.4,SMALL-PRINT
Geode Inn/all building components for game/documents,Geode Inn — Jaime Concept Art (Final),jpeg,1024,1024,3.4,3.4,SMALL-PRINT
Geode Inn/from steam deck/masons,masonic_certificate_1980.45.1222.jpg,jpeg,2938,4000,9.8,13.3,POSTER-READY
Geode Inn/stones,43628895.jpg,jpeg,200,200,0.7,0.7,SCREEN-ONLY
Geode Inn/stones,76078465.jpg,jpeg,296,224,1.0,0.7,SCREEN-ONLY
Geode Inn/stones,76080476.jpg,jpeg,227,281,0.8,0.9,SCREEN-ONLY
Geode Inn/stones,76081587.jpg,jpeg,224,225,0.7,0.8,SCREEN-ONLY
Geode Inn/stones,"Agate, banded.jpg",jpeg,299,220,1.0,0.7,SCREEN-ONLY
Geode Inn/stones,"Agate, tree.jpg",jpeg,98,99,0.3,0.3,SCREEN-ONLY
Geode Inn/stones,Alexandrite.jpg,jpeg,333,333,1.1,1.1,SCREEN-ONLY
Geode Inn/stones,Amazonite.jpg,jpeg,228,266,0.8,0.9,SCREEN-ONLY
Geode Inn/stones,Andalusite.jpg,jpeg,236,228,0.8,0.8,SCREEN-ONLY
Geode Inn/stones,Aquamarine (2).jpg,jpeg,260,194,0.9,0.6,SCREEN-ONLY
Geode Inn/stones,Aquamarine.jpg,jpeg,287,294,1.0,1.0,SCREEN-ONLY
Geode Inn/stones,Aragonite.jpg,jpeg,251,195,0.8,0.7,SCREEN-ONLY
Geode Inn/stones,"Aventureine, red.jpg",jpeg,131,99,0.4,0.3,SCREEN-ONLY
Geode Inn/stones,"Aventurine, green.jpg",jpeg,132,99,0.4,0.3,SCREEN-ONLY
Geode Inn/stones,Azurite.jpg,jpeg,213,171,0.7,0.6,SCREEN-ONLY
Geode Inn/stones,Bronzite.jpg,jpeg,363,274,1.2,0.9,SCREEN-ONLY
Geode Inn/stones,Calcite.jpg,jpeg,308,197,1.0,0.7,SCREEN-ONLY
Geode Inn/stones,Carnelian.jpg,jpeg,284,184,0.9,0.6,SCREEN-ONLY
Geode Inn/stones,Cat's eye.jpg,jpeg,206,229,0.7,0.8,SCREEN-ONLY
Geode Inn/stones,"Chalcedony, dendritic.jpg",jpeg,328,248,1.1,0.8,SCREEN-ONLY
Geode Inn/stones,Charoite.jpg,jpeg,224,189,0.7,0.6,SCREEN-ONLY
Geode Inn/stones,Chrome diopside.jpg,jpeg,251,224,0.8,0.7,SCREEN-ONLY
Geode Inn/stones,Chrysocolla.jpg,jpeg,253,170,0.8,0.6,SCREEN-ONLY
Geode Inn/stones,Chrysoprase.jpg,jpeg,290,218,1.0,0.7,SCREEN-ONLY
Geode Inn/stones,Diamond.jpg,jpeg,91,99,0.3,0.3,SCREEN-ONLY
Geode Inn/stones,Dumortierite.jpg,jpeg,191,225,0.6,0.8,SCREEN-ONLY
Geode Inn/stones,"Fluorite, purple.jpg",jpeg,323,230,1.1,0.8,SCREEN-ONLY
Geode Inn/stones,Hawk's eye.jpg,jpeg,300,288,1.0,1.0,SCREEN-ONLY
Geode Inn/stones,Herkimer diamond.jpg,jpeg,309,292,1.0,1.0,SCREEN-ONLY
Geode Inn/stones,Hessonite.jpg,jpeg,300,192,1.0,0.6,SCREEN-ONLY
Geode Inn/stones,"Jasper, brecciated.jpg",jpeg,80,99,0.3,0.3,SCREEN-ONLY
Geode Inn/stones,Jet.jpg,jpeg,233,287,0.8,1.0,SCREEN-ONLY
Geode Inn/stones,Morganite.jpg,jpeg,243,227,0.8,0.8,SCREEN-ONLY
Geode Inn/stones,Muscovite.jpg,jpeg,299,198,1.0,0.7,SCREEN-ONLY
Geode Inn/stones,"Obsidian, golden.jpg",jpeg,299,257,1.0,0.9,SCREEN-ONLY
Geode Inn/stones,"Obsidian, rainbow.jpg",jpeg,217,179,0.7,0.6,SCREEN-ONLY
Geode Inn/stones,"Quartz, lepidocrocite.jpg",jpeg,285,285,0.9,0.9,SCREEN-ONLY
Geode Inn/stones,Selenite.jpg,jpeg,311,280,1.0,0.9,SCREEN-ONLY
Geode Inn/stones,Serpentine.jpg,jpeg,98,99,0.3,0.3,SCREEN-ONLY
Geode Inn/stones,Sugilite.jpg,jpeg,243,240,0.8,0.8,SCREEN-ONLY
Geode Inn/stones,Sunstone.jpg,jpeg,375,269,1.2,0.9,SCREEN-ONLY
Geode Inn/stones,Tanzanite.jpg,jpeg,185,303,0.6,1.0,SCREEN-ONLY
Geode Inn/stones,"Topaz, blue.jpg",jpeg,197,300,0.7,1.0,SCREEN-ONLY
Geode Inn/stones,"Tourmaline, green.jpg",jpeg,393,273,1.3,0.9,SCREEN-ONLY
Geode Inn/stones,"Tourmaline, multi.jpg",jpeg,234,299,0.8,1.0,SCREEN-ONLY
Geode Inn/stones,"Tourmaline, watermelon.jpg",jpeg,274,237,0.9,0.8,SCREEN-ONLY
Geode Inn/stones,abalone.jpg,jpeg,338,224,1.1,0.7,SCREEN-ONLY
Geode Inn/stones,"agate, fire.jpg",jpeg,265,263,0.9,0.9,SCREEN-ONLY
Geode Inn/stones,"agate, moss.jpg",jpeg,300,241,1.0,0.8,SCREEN-ONLY
Geode Inn/stones,amber.jpg,jpeg,326,239,1.1,0.8,SCREEN-ONLY
Geode Inn/stones,amethyst.jpg,jpeg,337,227,1.1,0.8,SCREEN-ONLY
Geode Inn/stones,ametrine.jpg,jpeg,331,209,1.1,0.7,SCREEN-ONLY
Geode Inn/stones,ammonite.jpg,jpeg,326,218,1.1,0.7,SCREEN-ONLY
Geode Inn/stones,angelite.jpg,jpeg,338,259,1.1,0.9,SCREEN-ONLY
Geode Inn/stones,apatite.jpg,jpeg,236,267,0.8,0.9,SCREEN-ONLY
Geode Inn/stones,bloodstone.jpg,jpeg,365,273,1.2,0.9,SCREEN-ONLY
Geode Inn/stones,celtic.jpg,jpeg,300,222,1.0,0.7,SCREEN-ONLY
Geode Inn/stones,"chalcedony, blue.jpg",jpeg,290,290,1.0,1.0,SCREEN-ONLY
Geode Inn/stones,citrine.jpg,jpeg,235,211,0.8,0.7,SCREEN-ONLY
Geode Inn/stones,copper.jpg,jpeg,251,207,0.8,0.7,SCREEN-ONLY
Geode Inn/stones,"coral, black.jpg",jpeg,277,178,0.9,0.6,SCREEN-ONLY
Geode Inn/stones,"coral, branch.jpg",jpeg,150,113,0.5,0.4,SCREEN-ONLY
Geode Inn/stones,emerald.jpg,jpeg,233,290,0.8,1.0,SCREEN-ONLY
Geode Inn/stones,"fluorite, green.jpg",jpeg,275,221,0.9,0.7,SCREEN-ONLY
Geode Inn/stones,"fluorite, rainbow.jpg",jpeg,225,225,0.8,0.8,SCREEN-ONLY
Geode Inn/stones,garnet.jpg,jpeg,259,194,0.9,0.6,SCREEN-ONLY
Geode Inn/stones,gold.jpg,jpeg,223,216,0.7,0.7,SCREEN-ONLY
Geode Inn/stones,hematite.jpg,jpeg,269,227,0.9,0.8,SCREEN-ONLY
Geode Inn/stones,iolite.jpg,jpeg,301,207,1.0,0.7,SCREEN-ONLY
Geode Inn/stones,jade.jpg,jpeg,284,210,0.9,0.7,SCREEN-ONLY
Geode Inn/stones,"jasper, leopardskin.jpg",jpeg,260,242,0.9,0.8,SCREEN-ONLY
Geode Inn/stones,"jasper, ocean.jpg",jpeg,280,207,0.9,0.7,SCREEN-ONLY
Geode Inn/stones,"jasper, picture.jpg",jpeg,336,234,1.1,0.8,SCREEN-ONLY
Geode Inn/stones,kunzite.jpg,jpeg,325,218,1.1,0.7,SCREEN-ONLY
Geode Inn/stones,kyanite.jpg,jpeg,279,230,0.9,0.8,SCREEN-ONLY
Geode Inn/stones,labradorite.jpg,jpeg,293,223,1.0,0.7,SCREEN-ONLY
Geode Inn/stones,lapis.jpg,jpeg,320,246,1.1,0.8,SCREEN-ONLY
Geode Inn/stones,larimar.jpg,jpeg,311,232,1.0,0.8,SCREEN-ONLY
Geode Inn/stones,lepidocrocite.jpg,jpeg,201,342,0.7,1.1,SCREEN-ONLY
Geode Inn/stones,malachite.jpg,jpeg,300,300,1.0,1.0,SCREEN-ONLY
Geode Inn/stones,moldavite.jpg,jpeg,281,210,0.9,0.7,SCREEN-ONLY
Geode Inn/stones,"moonstone, rainbow.jpg",jpeg,297,244,1.0,0.8,SCREEN-ONLY
Geode Inn/stones,"moonstone, white.jpg",jpeg,225,225,0.8,0.8,SCREEN-ONLY
Geode Inn/stones,moukaite.jpg,jpeg,278,186,0.9,0.6,SCREEN-ONLY
Geode Inn/stones,"obsidian, snowflake.jpg",jpeg,244,245,0.8,0.8,SCREEN-ONLY
Geode Inn/stones,"onyx, black.jpg",jpeg,317,238,1.1,0.8,SCREEN-ONLY
Geode Inn/stones,"onyx, green.jpg",jpeg,297,233,1.0,0.8,SCREEN-ONLY
Geode Inn/stones,"opal, fire.jpg",jpeg,290,288,1.0,1.0,SCREEN-ONLY
Geode Inn/stones,"opal, peruvian blue.jpg",jpeg,312,249,1.0,0.8,SCREEN-ONLY
Geode Inn/stones,"opal, water.jpg",jpeg,239,269,0.8,0.9,SCREEN-ONLY
Geode Inn/stones,pearl.jpg,jpeg,336,220,1.1,0.7,SCREEN-ONLY
Geode Inn/stones,peridot.jpg,jpeg,255,317,0.8,1.1,SCREEN-ONLY
Geode Inn/stones,petrified wood.jpg,jpeg,375,222,1.2,0.7,SCREEN-ONLY
Geode Inn/stones,pietersite.jpg,jpeg,375,229,1.2,0.8,SCREEN-ONLY
Geode Inn/stones,praseli blue stone.jpg,jpeg,263,211,0.9,0.7,SCREEN-ONLY
Geode Inn/stones,prehnite.jpg,jpeg,250,316,0.8,1.1,SCREEN-ONLY
Geode Inn/stones,pyrite.jpg,jpeg,240,253,0.8,0.8,SCREEN-ONLY
Geode Inn/stones,"quartz, clear.jpg",jpeg,343,229,1.1,0.8,SCREEN-ONLY
Geode Inn/stones,"quartz, rose.jpg",jpeg,316,248,1.1,0.8,SCREEN-ONLY
Geode Inn/stones,"quartz, rutilated.jpg",jpeg,200,262,0.7,0.9,SCREEN-ONLY
Geode Inn/stones,"quartz, smoky.jpg",jpeg,255,294,0.8,1.0,SCREEN-ONLY
Geode Inn/stones,"quartz, tourmalinated.jpg",jpeg,336,252,1.1,0.8,SCREEN-ONLY
Geode Inn/stones,rhodochrosite.jpg,jpeg,235,243,0.8,0.8,SCREEN-ONLY
Geode Inn/stones,rhodonite.jpg,jpeg,351,232,1.2,0.8,SCREEN-ONLY
Geode Inn/stones,ruby zoisite.jpg,jpeg,267,285,0.9,0.9,SCREEN-ONLY
Geode Inn/stones,ruby.jpg,jpeg,306,282,1.0,0.9,SCREEN-ONLY
Geode Inn/stones,sapphire.jpg,jpeg,295,289,1.0,1.0,SCREEN-ONLY
Geode Inn/stones,sard.jpg,jpeg,290,216,1.0,0.7,SCREEN-ONLY
Geode Inn/stones,sardonyx.jpg,jpeg,334,230,1.1,0.8,SCREEN-ONLY
Geode Inn/stones,silver.jpg,jpeg,242,304,0.8,1.0,SCREEN-ONLY
Geode Inn/stones,sodalite.jpg,jpeg,308,293,1.0,1.0,SCREEN-ONLY
Geode Inn/stones,spessartite.jpg,jpeg,296,260,1.0,0.9,SCREEN-ONLY
Geode Inn/stones,spinel.jpg,jpeg,294,222,1.0,0.7,SCREEN-ONLY
Geode Inn/stones,tektite.jpg,jpeg,259,241,0.9,0.8,SCREEN-ONLY
Geode Inn/stones,tiger iron.jpg,jpeg,270,203,0.9,0.7,SCREEN-ONLY
Geode Inn/stones,"tiger's eye, brown.jpg",jpeg,275,254,0.9,0.8,SCREEN-ONLY
Geode Inn/stones,"tiger's eye, red.jpg",jpeg,225,254,0.8,0.8,SCREEN-ONLY
Geode Inn/stones,"topaz, imperial.jpg",jpeg,240,284,0.8,0.9,SCREEN-ONLY
Geode Inn/stones,turquoise.jpg,jpeg,320,263,1.1,0.9,SCREEN-ONLY
Geode Inn/stones,unakite.jpg,jpeg,302,247,1.0,0.8,SCREEN-ONLY
Geode Inn/stones/stones,43628895.jpg,jpeg,200,200,0.7,0.7,SCREEN-ONLY
Geode Inn/stones/stones,76078465.jpg,jpeg,296,224,1.0,0.7,SCREEN-ONLY
Geode Inn/stones/stones,76080476.jpg,jpeg,227,281,0.8,0.9,SCREEN-ONLY
Geode Inn/stones/stones,76081587.jpg,jpeg,224,225,0.7,0.8,SCREEN-ONLY
Geode Inn/stones/stones,"Agate, banded.jpg",jpeg,299,220,1.0,0.7,SCREEN-ONLY
Geode Inn/stones/stones,"Agate, tree.jpg",jpeg,98,99,0.3,0.3,SCREEN-ONLY
Geode Inn/stones/stones,Alexandrite.jpg,jpeg,333,333,1.1,1.1,SCREEN-ONLY
Geode Inn/stones/stones,Amazonite.jpg,jpeg,228,266,0.8,0.9,SCREEN-ONLY
Geode Inn/stones/stones,Andalusite.jpg,jpeg,236,228,0.8,0.8,SCREEN-ONLY
Geode Inn/stones/stones,Aquamarine (2).jpg,jpeg,260,194,0.9,0.6,SCREEN-ONLY
Geode Inn/stones/stones,Aquamarine.jpg,jpeg,287,294,1.0,1.0,SCREEN-ONLY
Geode Inn/stones/stones,Aragonite.jpg,jpeg,251,195,0.8,0.7,SCREEN-ONLY
Geode Inn/stones/stones,"Aventureine, red.jpg",jpeg,131,99,0.4,0.3,SCREEN-ONLY
Geode Inn/stones/stones,"Aventurine, green.jpg",jpeg,132,99,0.4,0.3,SCREEN-ONLY
Geode Inn/stones/stones,Azurite.jpg,jpeg,213,171,0.7,0.6,SCREEN-ONLY
Geode Inn/stones/stones,Bronzite.jpg,jpeg,363,274,1.2,0.9,SCREEN-ONLY
Geode Inn/stones/stones,Calcite.jpg,jpeg,308,197,1.0,0.7,SCREEN-ONLY
Geode Inn/stones/stones,Carnelian.jpg,jpeg,284,184,0.9,0.6,SCREEN-ONLY
Geode Inn/stones/stones,Cat's eye.jpg,jpeg,206,229,0.7,0.8,SCREEN-ONLY
Geode Inn/stones/stones,"Chalcedony, dendritic.jpg",jpeg,328,248,1.1,0.8,SCREEN-ONLY
Geode Inn/stones/stones,Charoite.jpg,jpeg,224,189,0.7,0.6,SCREEN-ONLY
Geode Inn/stones/stones,Chrome diopside.jpg,jpeg,251,224,0.8,0.7,SCREEN-ONLY
Geode Inn/stones/stones,Chrysocolla.jpg,jpeg,253,170,0.8,0.6,SCREEN-ONLY
Geode Inn/stones/stones,Chrysoprase.jpg,jpeg,290,218,1.0,0.7,SCREEN-ONLY
Geode Inn/stones/stones,Diamond.jpg,jpeg,91,99,0.3,0.3,SCREEN-ONLY
Geode Inn/stones/stones,Dumortierite.jpg,jpeg,191,225,0.6,0.8,SCREEN-ONLY
Geode Inn/stones/stones,"Fluorite, purple.jpg",jpeg,323,230,1.1,0.8,SCREEN-ONLY
Geode Inn/stones/stones,Hawk's eye.jpg,jpeg,300,288,1.0,1.0,SCREEN-ONLY
Geode Inn/stones/stones,Herkimer diamond.jpg,jpeg,309,292,1.0,1.0,SCREEN-ONLY
Geode Inn/stones/stones,Hessonite.jpg,jpeg,300,192,1.0,0.6,SCREEN-ONLY
Geode Inn/stones/stones,"Jasper, brecciated.jpg",jpeg,80,99,0.3,0.3,SCREEN-ONLY
Geode Inn/stones/stones,Jet.jpg,jpeg,233,287,0.8,1.0,SCREEN-ONLY
Geode Inn/stones/stones,Morganite.jpg,jpeg,243,227,0.8,0.8,SCREEN-ONLY
Geode Inn/stones/stones,Muscovite.jpg,jpeg,299,198,1.0,0.7,SCREEN-ONLY
Geode Inn/stones/stones,"Obsidian, golden.jpg",jpeg,299,257,1.0,0.9,SCREEN-ONLY
Geode Inn/stones/stones,"Obsidian, rainbow.jpg",jpeg,217,179,0.7,0.6,SCREEN-ONLY
Geode Inn/stones/stones,"Quartz, lepidocrocite.jpg",jpeg,285,285,0.9,0.9,SCREEN-ONLY
Geode Inn/stones/stones,Selenite.jpg,jpeg,311,280,1.0,0.9,SCREEN-ONLY
Geode Inn/stones/stones,Serpentine.jpg,jpeg,98,99,0.3,0.3,SCREEN-ONLY
Geode Inn/stones/stones,Sugilite.jpg,jpeg,243,240,0.8,0.8,SCREEN-ONLY
Geode Inn/stones/stones,Sunstone.jpg,jpeg,375,269,1.2,0.9,SCREEN-ONLY
Geode Inn/stones/stones,Tanzanite.jpg,jpeg,185,303,0.6,1.0,SCREEN-ONLY
Geode Inn/stones/stones,"Topaz, blue.jpg",jpeg,197,300,0.7,1.0,SCREEN-ONLY
Geode Inn/stones/stones,"Tourmaline, green.jpg",jpeg,393,273,1.3,0.9,SCREEN-ONLY
Geode Inn/stones/stones,"Tourmaline, multi.jpg",jpeg,234,299,0.8,1.0,SCREEN-ONLY
Geode Inn/stones/stones,"Tourmaline, watermelon.jpg",jpeg,274,237,0.9,0.8,SCREEN-ONLY
Geode Inn/stones/stones,abalone.jpg,jpeg,338,224,1.1,0.7,SCREEN-ONLY
Geode Inn/stones/stones,"agate, fire.jpg",jpeg,265,263,0.9,0.9,SCREEN-ONLY
Geode Inn/stones/stones,"agate, moss.jpg",jpeg,300,241,1.0,0.8,SCREEN-ONLY
Geode Inn/stones/stones,amber.jpg,jpeg,326,239,1.1,0.8,SCREEN-ONLY
Geode Inn/stones/stones,amethyst.jpg,jpeg,337,227,1.1,0.8,SCREEN-ONLY
Geode Inn/stones/stones,ametrine.jpg,jpeg,331,209,1.1,0.7,SCREEN-ONLY
Geode Inn/stones/stones,ammonite.jpg,jpeg,326,218,1.1,0.7,SCREEN-ONLY
Geode Inn/stones/stones,angelite.jpg,jpeg,338,259,1.1,0.9,SCREEN-ONLY
Geode Inn/stones/stones,apatite.jpg,jpeg,236,267,0.8,0.9,SCREEN-ONLY
Geode Inn/stones/stones,bloodstone.jpg,jpeg,365,273,1.2,0.9,SCREEN-ONLY
Geode Inn/stones/stones,celtic.jpg,jpeg,300,222,1.0,0.7,SCREEN-ONLY
Geode Inn/stones/stones,"chalcedony, blue.jpg",jpeg,290,290,1.0,1.0,SCREEN-ONLY
Geode Inn/stones/stones,citrine.jpg,jpeg,235,211,0.8,0.7,SCREEN-ONLY
Geode Inn/stones/stones,copper.jpg,jpeg,251,207,0.8,0.7,SCREEN-ONLY
Geode Inn/stones/stones,"coral, black.jpg",jpeg,277,178,0.9,0.6,SCREEN-ONLY
Geode Inn/stones/stones,"coral, branch.jpg",jpeg,150,113,0.5,0.4,SCREEN-ONLY
Geode Inn/stones/stones,emerald.jpg,jpeg,233,290,0.8,1.0,SCREEN-ONLY
Geode Inn/stones/stones,"fluorite, green.jpg",jpeg,275,221,0.9,0.7,SCREEN-ONLY
Geode Inn/stones/stones,"fluorite, rainbow.jpg",jpeg,225,225,0.8,0.8,SCREEN-ONLY
Geode Inn/stones/stones,garnet.jpg,jpeg,259,194,0.9,0.6,SCREEN-ONLY
Geode Inn/stones/stones,gold.jpg,jpeg,223,216,0.7,0.7,SCREEN-ONLY
Geode Inn/stones/stones,hematite.jpg,jpeg,269,227,0.9,0.8,SCREEN-ONLY
Geode Inn/stones/stones,iolite.jpg,jpeg,301,207,1.0,0.7,SCREEN-ONLY
Geode Inn/stones/stones,jade.jpg,jpeg,284,210,0.9,0.7,SCREEN-ONLY
Geode Inn/stones/stones,"jasper, leopardskin.jpg",jpeg,260,242,0.9,0.8,SCREEN-ONLY
Geode Inn/stones/stones,"jasper, ocean.jpg",jpeg,280,207,0.9,0.7,SCREEN-ONLY
Geode Inn/stones/stones,"jasper, picture.jpg",jpeg,336,234,1.1,0.8,SCREEN-ONLY
Geode Inn/stones/stones,kunzite.jpg,jpeg,325,218,1.1,0.7,SCREEN-ONLY
Geode Inn/stones/stones,kyanite.jpg,jpeg,279,230,0.9,0.8,SCREEN-ONLY
Geode Inn/stones/stones,labradorite.jpg,jpeg,293,223,1.0,0.7,SCREEN-ONLY
Geode Inn/stones/stones,lapis.jpg,jpeg,320,246,1.1,0.8,SCREEN-ONLY
Geode Inn/stones/stones,larimar.jpg,jpeg,311,232,1.0,0.8,SCREEN-ONLY
Geode Inn/stones/stones,lepidocrocite.jpg,jpeg,201,342,0.7,1.1,SCREEN-ONLY
Geode Inn/stones/stones,malachite.jpg,jpeg,300,300,1.0,1.0,SCREEN-ONLY
Geode Inn/stones/stones,moldavite.jpg,jpeg,281,210,0.9,0.7,SCREEN-ONLY
Geode Inn/stones/stones,"moonstone, rainbow.jpg",jpeg,297,244,1.0,0.8,SCREEN-ONLY
Geode Inn/stones/stones,"moonstone, white.jpg",jpeg,225,225,0.8,0.8,SCREEN-ONLY
Geode Inn/stones/stones,moukaite.jpg,jpeg,278,186,0.9,0.6,SCREEN-ONLY
Geode Inn/stones/stones,"obsidian, snowflake.jpg",jpeg,244,245,0.8,0.8,SCREEN-ONLY
Geode Inn/stones/stones,"onyx, black.jpg",jpeg,317,238,1.1,0.8,SCREEN-ONLY
Geode Inn/stones/stones,"onyx, green.jpg",jpeg,297,233,1.0,0.8,SCREEN-ONLY
Geode Inn/stones/stones,"opal, fire.jpg",jpeg,290,288,1.0,1.0,SCREEN-ONLY
Geode Inn/stones/stones,"opal, peruvian blue.jpg",jpeg,312,249,1.0,0.8,SCREEN-ONLY
Geode Inn/stones/stones,"opal, water.jpg",jpeg,239,269,0.8,0.9,SCREEN-ONLY
Geode Inn/stones/stones,pearl.jpg,jpeg,336,220,1.1,0.7,SCREEN-ONLY
Geode Inn/stones/stones,peridot.jpg,jpeg,255,317,0.8,1.1,SCREEN-ONLY
Geode Inn/stones/stones,petrified wood.jpg,jpeg,375,222,1.2,0.7,SCREEN-ONLY
Geode Inn/stones/stones,pietersite.jpg,jpeg,375,229,1.2,0.8,SCREEN-ONLY
Geode Inn/stones/stones,praseli blue stone.jpg,jpeg,263,211,0.9,0.7,SCREEN-ONLY
Geode Inn/stones/stones,prehnite.jpg,jpeg,250,316,0.8,1.1,SCREEN-ONLY
Geode Inn/stones/stones,pyrite.jpg,jpeg,240,253,0.8,0.8,SCREEN-ONLY
Geode Inn/stones/stones,"quartz, clear.jpg",jpeg,343,229,1.1,0.8,SCREEN-ONLY
Geode Inn/stones/stones,"quartz, rose.jpg",jpeg,316,248,1.1,0.8,SCREEN-ONLY
Geode Inn/stones/stones,"quartz, rutilated.jpg",jpeg,200,262,0.7,0.9,SCREEN-ONLY
Geode Inn/stones/stones,"quartz, smoky.jpg",jpeg,255,294,0.8,1.0,SCREEN-ONLY
Geode Inn/stones/stones,"quartz, tourmalinated.jpg",jpeg,336,252,1.1,0.8,SCREEN-ONLY
Geode Inn/stones/stones,rhodochrosite.jpg,jpeg,235,243,0.8,0.8,SCREEN-ONLY
Geode Inn/stones/stones,rhodonite.jpg,jpeg,351,232,1.2,0.8,SCREEN-ONLY
Geode Inn/stones/stones,ruby zoisite.jpg,jpeg,267,285,0.9,0.9,SCREEN-ONLY
Geode Inn/stones/stones,ruby.jpg,jpeg,306,282,1.0,0.9,SCREEN-ONLY
Geode Inn/stones/stones,sapphire.jpg,jpeg,295,289,1.0,1.0,SCREEN-ONLY
Geode Inn/stones/stones,sard.jpg,jpeg,290,216,1.0,0.7,SCREEN-ONLY
Geode Inn/stones/stones,sardonyx.jpg,jpeg,334,230,1.1,0.8,SCREEN-ONLY
Geode Inn/stones/stones,silver.jpg,jpeg,242,304,0.8,1.0,SCREEN-ONLY
Geode Inn/stones/stones,sodalite.jpg,jpeg,308,293,1.0,1.0,SCREEN-ONLY
Geode Inn/stones/stones,spessartite.jpg,jpeg,296,260,1.0,0.9,SCREEN-ONLY
Geode Inn/stones/stones,spinel.jpg,jpeg,294,222,1.0,0.7,SCREEN-ONLY
Geode Inn/stones/stones,tektite.jpg,jpeg,259,241,0.9,0.8,SCREEN-ONLY
Geode Inn/stones/stones,tiger iron.jpg,jpeg,270,203,0.9,0.7,SCREEN-ONLY
Geode Inn/stones/stones,"tiger's eye, brown.jpg",jpeg,275,254,0.9,0.8,SCREEN-ONLY
Geode Inn/stones/stones,"tiger's eye, red.jpg",jpeg,225,254,0.8,0.8,SCREEN-ONLY
Geode Inn/stones/stones,"topaz, imperial.jpg",jpeg,240,284,0.8,0.9,SCREEN-ONLY
Geode Inn/stones/stones,turquoise.jpg,jpeg,320,263,1.1,0.9,SCREEN-ONLY
Geode Inn/stones/stones,unakite.jpg,jpeg,302,247,1.0,0.8,SCREEN-ONLY
Geode Inn/stones/stones2,Stonehenge bluestone.jpg,jpeg,351,281,1.2,0.9,SCREEN-ONLY
Geode Inn/stones/stones2,Sugilite.jpg,jpeg,243,240,0.8,0.8,SCREEN-ONLY
Geode Inn/stones/stones2,Sugilite.psd,x-photoshop,,,,,UNKNOWN
Geode Inn/stones/stones2,Sunstone.jpg,jpeg,375,269,1.2,0.9,SCREEN-ONLY
Geode Inn/stones/stones2,Sunstone.psd,x-photoshop,,,,,UNKNOWN
Geode Inn/stones/stones2,tektite.jpg,jpeg,345,321,1.1,1.1,SCREEN-ONLY
Geode Inn/stones/stones2,tektite.psd,x-photoshop,,,,,UNKNOWN
Geode Inn/stones/stones2,"tiger eye, brown.jpg",jpeg,366,338,1.2,1.1,SCREEN-ONLY
Geode Inn/stones/stones2,"tiger eye, brown.psd",x-photoshop,,,,,UNKNOWN
Geode Inn/stones/stones2,"tiger eye, red.jpg",jpeg,300,339,1.0,1.1,SCREEN-ONLY
Geode Inn/stones/stones2,"tiger eye, red.psd",x-photoshop,,,,,UNKNOWN
Geode Inn/stones/stones2,tiger iron.jpg,jpeg,360,270,1.2,0.9,SCREEN-ONLY
Geode Inn/stones/stones2,tiger iron.psd,x-photoshop,,,,,UNKNOWN
Geode Inn/stones/stones2,topaz blue.jpg,jpeg,263,400,0.9,1.3,SCREEN-ONLY
Geode Inn/stones/stones2,topaz blue.psd,x-photoshop,,,,,UNKNOWN
Geode Inn/stones/stones2,tourmaline green.jpg,jpeg,393,273,1.3,0.9,SCREEN-ONLY
Geode Inn/stones/stones2,tourmaline green.psd,x-photoshop,,,,,UNKNOWN
Geode Inn/stones/stones2,"tourmaline, watermelon.jpg",jpeg,274,237,0.9,0.8,SCREEN-ONLY
Geode Inn/stones/stones2,"tourmaline, watermelon.psd",x-photoshop,,,,,UNKNOWN
Geode Inn/stones/stones2,turquoise.jpg,jpeg,426,351,1.4,1.2,SCREEN-ONLY
Geode Inn/stones/stones2,turquoise.psd,x-photoshop,,,,,UNKNOWN
Geode Inn/stones/stones2,unakite.jpg,jpeg,403,329,1.3,1.1,SCREEN-ONLY
Geode Inn/stones/stones2,unakite.psd,x-photoshop,,,,,UNKNOWN
Geode Inn/stones/stones2,zoisite.jpg,jpeg,356,380,1.2,1.3,SCREEN-ONLY
Geode Inn/stones/stones2,zoisite.psd,x-photoshop,,,,,UNKNOWN
Geode Inn/stones/stones2/2,Amazonite2.jpg,jpeg,228,266,0.8,0.9,SCREEN-ONLY
Geode Inn/stones/stones2/2,Amazonite2.psd,x-photoshop,,,,,UNKNOWN
Geode Inn/stones/stones2/2,Amethyst.jpg,jpeg,449,303,1.5,1.0,SCREEN-ONLY
Geode Inn/stones/stones2/2,Amethyst.psd,x-photoshop,,,,,UNKNOWN
Geode Inn/stones/stones2/2,Amethyst2.jpg,jpeg,306,351,1.0,1.2,SCREEN-ONLY
Geode Inn/stones/stones2/2,Amethyst2.psd,x-photoshop,,,,,UNKNOWN
Geode Inn/stones/stones2/2,Ametrine.jpg,jpeg,441,279,1.5,0.9,SCREEN-ONLY
Geode Inn/stones/stones2/2,Ametrine.psd,x-photoshop,,,,,UNKNOWN
Geode Inn/stones/stones2/2,Ammonite.jpg,jpeg,435,290,1.4,1.0,SCREEN-ONLY
Geode Inn/stones/stones2/2,Ammonite.psd,x-photoshop,,,,,UNKNOWN
Geode Inn/stones/stones2/2,Andalusite.jpg,jpeg,236,228,0.8,0.8,SCREEN-ONLY
Geode Inn/stones/stones2/2,Andalusite.psd,x-photoshop,,,,,UNKNOWN
Geode Inn/stones/stones2/2,Angelite.jpg,jpeg,338,259,1.1,0.9,SCREEN-ONLY
Geode Inn/stones/stones2/2,Angelite.psd,x-photoshop,,,,,UNKNOWN
Geode Inn/stones/stones2/2,Apatite.jpg,jpeg,236,267,0.8,0.9,SCREEN-ONLY
Geode Inn/stones/stones2/2,Apatite.psd,x-photoshop,,,,,UNKNOWN
Geode Inn/stones/stones2/2,Aqua Aura.jpg,jpeg,287,294,1.0,1.0,SCREEN-ONLY
Geode Inn/stones/stones2/2,Aqua Aura.psd,x-photoshop,,,,,UNKNOWN
Geode Inn/stones/stones2/2,Aquamarine.jpg,jpeg,347,258,1.2,0.9,SCREEN-ONLY
Geode Inn/stones/stones2/2,Aquamarine.psd,x-photoshop,,,,,UNKNOWN
Geode Inn/stones/stones2/2,Aragonite.jpg,jpeg,251,195,0.8,0.7,SCREEN-ONLY
Geode Inn/stones/stones2/2,Aragonite.psd,x-photoshop,,,,,UNKNOWN
Geode Inn/stones/stones2/2,"Aventurine, green.jpg",jpeg,411,309,1.4,1.0,SCREEN-ONLY
Geode Inn/stones/stones2/2,"Aventurine, green.psd",x-photoshop,,,,,UNKNOWN
Geode Inn/stones/stones2/2,"Aventurine, red.jpg",jpeg,394,298,1.3,1.0,SCREEN-ONLY
Geode Inn/stones/stones2/2,"Aventurine, red.psd",x-photoshop,,,,,UNKNOWN
Geode Inn/stones/stones2/2,Azurite.jpg,jpeg,213,171,0.7,0.6,SCREEN-ONLY
Geode Inn/stones/stones2/2,Azurite.psd,x-photoshop,,,,,UNKNOWN
Geode Inn/stones/stones2/2,Bloodstone.jpg,jpeg,365,273,1.2,0.9,SCREEN-ONLY
Geode Inn/stones/stones2/2,Bloodstone.psd,x-photoshop,,,,,UNKNOWN
Geode Inn/stones/stones2/2,Brecciated jasper.jpg,jpeg,303,374,1.0,1.2,SCREEN-ONLY
Geode Inn/stones/stones2/2,Brecciated jasper.psd,x-photoshop,,,,,UNKNOWN
Geode Inn/stones/stones2/2,Bronzite.jpg,jpeg,363,274,1.2,0.9,SCREEN-ONLY
Geode Inn/stones/stones2/2,Bronzite.psd,x-photoshop,,,,,UNKNOWN
Geode Inn/stones/stones2/2,Calcite.jpg,jpeg,411,263,1.4,0.9,SCREEN-ONLY
Geode Inn/stones/stones2/2,Calcite.psd,x-photoshop,,,,,UNKNOWN
Geode Inn/stones/stones2/2,Carnelian.jpg,jpeg,379,245,1.3,0.8,SCREEN-ONLY
Geode Inn/stones/stones2/2,Carnelian.psd,x-photoshop,,,,,UNKNOWN
Geode Inn/stones/stones2/2,"Chalcedony, blue.jpg",jpeg,290,290,1.0,1.0,SCREEN-ONLY
Geode Inn/stones/stones2/2,"Chalcedony, blue.psd",x-photoshop,,,,,UNKNOWN
Geode Inn/stones/stones2/2,"Chalcedony, dendritic.jpg",jpeg,328,248,1.1,0.8,SCREEN-ONLY
Geode Inn/stones/stones2/2,"Chalcedony, dendritic.psd",x-photoshop,,,,,UNKNOWN
Geode Inn/stones/stones2/2,Charoite.jpg,jpeg,299,252,1.0,0.8,SCREEN-ONLY
Geode Inn/stones/stones2/2,Charoite.psd,x-photoshop,,,,,UNKNOWN
Geode Inn/stones/stones2/2,Chrome Diopside.jpg,jpeg,335,298,1.1,1.0,SCREEN-ONLY
Geode Inn/stones/stones2/2,Chrome Diopside.psd,x-photoshop,,,,,UNKNOWN
Geode Inn/stones/stones2/2,Chrysocolla.jpg,jpeg,337,226,1.1,0.8,SCREEN-ONLY
Geode Inn/stones/stones2/2,Chrysocolla.psd,x-photoshop,,,,,UNKNOWN
Geode Inn/stones/stones2/2,Chrysoprase.jpg,jpeg,386,290,1.3,1.0,SCREEN-ONLY
Geode Inn/stones/stones2/2,Chrysoprase.psd,x-photoshop,,,,,UNKNOWN
Geode Inn/stones/stones2/2,Citrine.jpg,jpeg,313,281,1.0,0.9,SCREEN-ONLY
Geode Inn/stones/stones2/2,Citrine.psd,x-photoshop,,,,,UNKNOWN
Geode Inn/stones/stones2/2,Copper.jpg,jpeg,335,276,1.1,0.9,SCREEN-ONLY
Geode Inn/stones/stones2/2,Copper.psd,x-photoshop,,,,,UNKNOWN
Geode Inn/stones/stones2/2,Diamond.jpg,jpeg,279,304,0.9,1.0,SCREEN-ONLY
Geode Inn/stones/stones2/2,Diamond.psd,x-photoshop,,,,,UNKNOWN
Geode Inn/stones/stones2/2,Dumortierite.jpg,jpeg,254,300,0.8,1.0,SCREEN-ONLY
Geode Inn/stones/stones2/2,Dumortierite.psd,x-photoshop,,,,,UNKNOWN
Geode Inn/stones/stones2/2,Emerald.jpg,jpeg,311,387,1.0,1.3,SCREEN-ONLY
Geode Inn/stones/stones2/2,Emerald.psd,x-photoshop,,,,,UNKNOWN
Geode Inn/stones/stones2/2,Emerald2.jpg,jpeg,318,360,1.1,1.2,SCREEN-ONLY
Geode Inn/stones/stones2/2,Emerald2.psd,x-photoshop,,,,,UNKNOWN
Geode Inn/stones/stones2/2,"Fluorite, purple.jpg",jpeg,430,306,1.4,1.0,SCREEN-ONLY
Geode Inn/stones/stones2/2,"Fluorite, purple.psd",x-photoshop,,,,,UNKNOWN
Geode Inn/stones/stones2/2,Gold2.jpg,jpeg,242,290,0.8,1.0,SCREEN-ONLY
Geode Inn/stones/stones2/2,Gold2.psd,x-photoshop,,,,,UNKNOWN
Geode Inn/stones/stones2/2,Hawk's eye.jpg,jpeg,300,288,1.0,1.0,SCREEN-ONLY
Geode Inn/stones/stones2/2,Hawk's eye.psd,x-photoshop,,,,,UNKNOWN
Geode Inn/stones/stones2/2,Hematite.jpg,jpeg,358,303,1.2,1.0,SCREEN-ONLY
Geode Inn/stones/stones2/2,Hematite.psd,x-photoshop,,,,,UNKNOWN
Geode Inn/stones/stones2/2,Herkimer diamond.jpg,jpeg,309,292,1.0,1.0,SCREEN-ONLY
Geode Inn/stones/stones2/2,Herkimer diamond.psd,x-photoshop,,,,,UNKNOWN
Geode Inn/stones/stones2/2,Irish marble icon.jpg,jpeg,400,296,1.3,1.0,SCREEN-ONLY
Geode Inn/stones/stones2/2,Irish marble icon.psd,x-photoshop,,,,,UNKNOWN
Geode Inn/stones/stones2/2,"Jasper, leopardskin.jpg",jpeg,346,323,1.2,1.1,SCREEN-ONLY
Geode Inn/stones/stones2/2,"Jasper, leopardskin.psd",x-photoshop,,,,,UNKNOWN
Geode Inn/stones/stones2/2,"Jasper, ocean.jpg",jpeg,373,276,1.2,0.9,SCREEN-ONLY
Geode Inn/stones/stones2/2,"Jasper, ocean.psd",x-photoshop,,,,,UNKNOWN
Geode Inn/stones/stones2/2,"Jasper, picture.jpg",jpeg,448,312,1.5,1.0,SCREEN-ONLY
Geode Inn/stones/stones2/2,"Jasper, picture.psd",x-photoshop,,,,,UNKNOWN
Geode Inn/stones/stones2/2,Kunzite.jpg,jpeg,433,291,1.4,1.0,SCREEN-ONLY
Geode Inn/stones/stones2/2,Kunzite.psd,x-photoshop,,,,,UNKNOWN
Geode Inn/stones/stones2/2,Kyanite.jpg,jpeg,372,306,1.2,1.0,SCREEN-ONLY
Geode Inn/stones/stones2/2,Kyanite.psd,x-photoshop,,,,,UNKNOWN
Geode Inn/stones/stones2/2,Labradorite.jpg,jpeg,391,297,1.3,1.0,SCREEN-ONLY
Geode Inn/stones/stones2/2,Labradorite.psd,x-photoshop,,,,,UNKNOWN
Geode Inn/stones/stones2/2,Lapis Lazuli.jpg,jpeg,427,328,1.4,1.1,SCREEN-ONLY
Geode Inn/stones/stones2/2,Lapis Lazuli.psd,x-photoshop,,,,,UNKNOWN
Geode Inn/stones/stones2/2,Larimar.jpg,jpeg,415,309,1.4,1.0,SCREEN-ONLY
Geode Inn/stones/stones2/2,Larimar.psd,x-photoshop,,,,,UNKNOWN
Geode Inn/stones/stones2/2,Lepidolite.jpg,jpeg,268,456,0.9,1.5,SCREEN-ONLY
Geode Inn/stones/stones2/2,Lepidolite.psd,x-photoshop,,,,,UNKNOWN
Geode Inn/stones/stones2/2,Malachite.jpg,jpeg,400,400,1.3,1.3,SCREEN-ONLY
Geode Inn/stones/stones2/2,Malachite.psd,x-photoshop,,,,,UNKNOWN
Geode Inn/stones/stones2/2,Moldavite.jpg,jpeg,374,280,1.2,0.9,SCREEN-ONLY
Geode Inn/stones/stones2/2,Moldavite.psd,x-photoshop,,,,,UNKNOWN
Geode Inn/stones/stones2/2,"Moonstone, rainbow.jpg",jpeg,396,325,1.3,1.1,SCREEN-ONLY
Geode Inn/stones/stones2/2,"Moonstone, rainbow.psd",x-photoshop,,,,,UNKNOWN
Geode Inn/stones/stones2/2,"Moonstone, white.jpg",jpeg,225,225,0.8,0.8,SCREEN-ONLY
Geode Inn/stones/stones2/2,"Moonstone, white.psd",x-photoshop,,,,,UNKNOWN
Geode Inn/stones/stones2/2,Morganite.jpg,jpeg,324,302,1.1,1.0,SCREEN-ONLY
Geode Inn/stones/stones2/2,Morganite.psd,x-photoshop,,,,,UNKNOWN
Geode Inn/stones/stones2/2,Moukaite.jpg,jpeg,371,248,1.2,0.8,SCREEN-ONLY
Geode Inn/stones/stones2/2,Moukaite.psd,x-photoshop,,,,,UNKNOWN
Geode Inn/stones/stones2/2,Multi tourmaline.jpg,jpeg,312,399,1.0,1.3,SCREEN-ONLY
Geode Inn/stones/stones2/2,Multi tourmaline.psd,x-photoshop,,,,,UNKNOWN
Geode Inn/stones/stones2/2,Muscovite.jpg,jpeg,399,264,1.3,0.9,SCREEN-ONLY
Geode Inn/stones/stones2/2,Muscovite.psd,x-photoshop,,,,,UNKNOWN
Geode Inn/stones/stones2/2,"Obsidian, gold sheen.jpg",jpeg,299,257,1.0,0.9,SCREEN-ONLY
Geode Inn/stones/stones2/2,"Obsidian, gold sheen.psd",x-photoshop,,,,,UNKNOWN
Geode Inn/stones/stones2/2,"Onyx, black.jpg",jpeg,422,317,1.4,1.1,SCREEN-ONLY
Geode Inn/stones/stones2/2,"Onyx, black.psd",x-photoshop,,,,,UNKNOWN
Geode Inn/stones/stones2/2,"Onyx, green.jpg",jpeg,396,310,1.3,1.0,SCREEN-ONLY
Geode Inn/stones/stones2/2,"Onyx, green.psd",x-photoshop,,,,,UNKNOWN
Geode Inn/stones/stones2/2,"Opal, fire.jpg",jpeg,387,384,1.3,1.3,SCREEN-ONLY
Geode Inn/stones/stones2/2,"Opal, fire.psd",x-photoshop,,,,,UNKNOWN
Geode Inn/stones/stones2/2,"Opal, peruvian blue.jpg",jpeg,416,332,1.4,1.1,SCREEN-ONLY
Geode Inn/stones/stones2/2,"Opal, peruvian blue.psd",x-photoshop,,,,,UNKNOWN
Geode Inn/stones/stones2/2,Pearl.jpg,jpeg,448,293,1.5,1.0,SCREEN-ONLY
Geode Inn/stones/stones2/2,Pearl.psd,x-photoshop,,,,,UNKNOWN
Geode Inn/stones/stones2/2,Peridot.jpg,jpeg,340,422,1.1,1.4,SCREEN-ONLY
Geode Inn/stones/stones2/2,Peridot.psd,x-photoshop,,,,,UNKNOWN
Geode Inn/stones/stones2/2,Petrified wood.jpg,jpeg,500,296,1.7,1.0,SCREEN-ONLY
Geode Inn/stones/stones2/2,Petrified wood.psd,x-photoshop,,,,,UNKNOWN
Geode Inn/stones/stones2/2,Pietersite.jpg,jpeg,500,305,1.7,1.0,SCREEN-ONLY
Geode Inn/stones/stones2/2,Pietersite.psd,x-photoshop,,,,,UNKNOWN
Geode Inn/stones/stones2/2,Prehnite.jpg,jpeg,250,316,0.8,1.1,SCREEN-ONLY
Geode Inn/stones/stones2/2,Prehnite.psd,x-photoshop,,,,,UNKNOWN
Geode Inn/stones/stones2/2,Pyrite.jpg,jpeg,320,337,1.1,1.1,SCREEN-ONLY
Geode Inn/stones/stones2/2,Pyrite.psd,x-photoshop,,,,,UNKNOWN
Geode Inn/stones/stones2/2,"Quartz, clear.jpg",jpeg,457,305,1.5,1.0,SCREEN-ONLY
Geode Inn/stones/stones2/2,"Quartz, clear.psd",x-photoshop,,,,,UNKNOWN
Geode Inn/stones/stones2/2,"Quartz, lepidocrocite.jpg",jpeg,570,570,1.9,1.9,SMALL-PRINT
Geode Inn/stones/stones2/2,Rainbow Obsidian.jpg,jpeg,217,179,0.7,0.6,SCREEN-ONLY
Geode Inn/stones/stones2/2,Rainbow Obsidian.psd,x-photoshop,,,,,UNKNOWN
Geode Inn/stones/stones2/2,Rhodonite2.jpg,jpeg,410,322,1.4,1.1,SCREEN-ONLY
Geode Inn/stones/stones2/2,Rhodonite2.psd,x-photoshop,,,,,UNKNOWN
Geode Inn/stones/stones2/2,Ruby.jpg,jpeg,408,376,1.4,1.3,SCREEN-ONLY
Geode Inn/stones/stones2/2,Ruby.psd,x-photoshop,,,,,UNKNOWN
Geode Inn/stones/stones2/2,Sapphire.jpg,jpeg,393,385,1.3,1.3,SCREEN-ONLY
Geode Inn/stones/stones2/2,Sapphire.psd,x-photoshop,,,,,UNKNOWN
Geode Inn/stones/stones2/2,Sard.jpg,jpeg,387,288,1.3,1.0,SCREEN-ONLY
Geode Inn/stones/stones2/2,Sard.psd,x-photoshop,,,,,UNKNOWN
Geode Inn/stones/stones2/2,Sardonyx.jpg,jpeg,445,306,1.5,1.0,SCREEN-ONLY
Geode Inn/stones/stones2/2,Sardonyx.psd,x-photoshop,,,,,UNKNOWN
Geode Inn/stones/stones2/2,Selenite.jpg,jpeg,311,280,1.0,0.9,SCREEN-ONLY
Geode Inn/stones/stones2/2,Selenite.psd,x-photoshop,,,,,UNKNOWN
Geode Inn/stones/stones2/2,Serpentine.jpg,jpeg,298,300,1.0,1.0,SCREEN-ONLY
Geode Inn/stones/stones2/2,Serpentine.psd,x-photoshop,,,,,UNKNOWN
Geode Inn/stones/stones2/2,Silver.jpg,jpeg,323,405,1.1,1.4,SCREEN-ONLY
Geode Inn/stones/stones2/2,Silver.psd,x-photoshop,,,,,UNKNOWN
Geode Inn/stones/stones2/2,Snowflake obsidian.jpg,jpeg,325,327,1.1,1.1,SCREEN-ONLY
Geode Inn/stones/stones2/2,Snowflake obsidian.psd,x-photoshop,,,,,UNKNOWN
Geode Inn/stones/stones2/2,Sodalite.jpg,jpeg,411,391,1.4,1.3,SCREEN-ONLY
Geode Inn/stones/stones2/2,Sodalite.psd,x-photoshop,,,,,UNKNOWN
Geode Inn/stones/stones2/2,Spessartite.jpg,jpeg,395,347,1.3,1.2,SCREEN-ONLY
Geode Inn/stones/stones2/2,Spessartite.psd,x-photoshop,,,,,UNKNOWN
Geode Inn/stones/stones2/2,Spinel.jpg,jpeg,392,296,1.3,1.0,SCREEN-ONLY
Geode Inn/stones/stones2/2,Spinel.psd,x-photoshop,,,,,UNKNOWN
Geode Inn/stones/stones2/2,Stonehenge bluestone.psd,x-photoshop,,,,,UNKNOWN
Geode Inn/stones/stones2/2,Tanzanite.jpg,jpeg,185,303,0.6,1.0,SCREEN-ONLY
Geode Inn/stones/stones2/2,Tanzanite.psd,x-photoshop,,,,,UNKNOWN
Geode Inn/stones/stones2/2,Untitled-1.psd,x-photoshop,,,,,UNKNOWN
Geode Inn/stones/stones2/2,"agate, moss.jpg",jpeg,400,321,1.3,1.1,SCREEN-ONLY
Geode Inn/stones/stones2/2,"agate, tree.jpg",jpeg,298,300,1.0,1.0,SCREEN-ONLY
Geode Inn/stones/stones2/2,alex.jpg,jpeg,333,333,1.1,1.1,SCREEN-ONLY
Geode Inn/stones/stones2/2,alex.psd,x-photoshop,,,,,UNKNOWN
Geode Inn/stones/stones2/2,amber.jpg,jpeg,434,319,1.4,1.1,SCREEN-ONLY
Geode Inn/stones/stones2/2,amber.psd,x-photoshop,,,,,UNKNOWN
Geode Inn/stones/stones2/2,ba2.jpg,jpeg,299,220,1.0,0.7,SCREEN-ONLY
Geode Inn/stones/stones2/2,ba2.psd,x-photoshop,,,,,UNKNOWN
Geode Inn/stones/stones2/2,ba3.jpg,jpeg,390,220,1.3,0.7,SCREEN-ONLY
Geode Inn/stones/stones2/2,ba3.psd,x-photoshop,,,,,UNKNOWN
Geode Inn/stones/stones2/2,cat's eye.jpg,jpeg,206,229,0.7,0.8,SCREEN-ONLY
Geode Inn/stones/stones2/2,cat's eye.psd,x-photoshop,,,,,UNKNOWN
Geode Inn/stones/stones2/2,copper2.jpg,jpeg,297,298,1.0,1.0,SCREEN-ONLY
Geode Inn/stones/stones2/2,copper2.psd,x-photoshop,,,,,UNKNOWN
Geode Inn/stones/stones2/2,firea.jpg,jpeg,353,350,1.2,1.2,SCREEN-ONLY
Geode Inn/stones/stones2/2,firea.psd,x-photoshop,,,,,UNKNOWN
Geode Inn/stones/stones2/2,"fluorite, green.jpg",jpeg,366,294,1.2,1.0,SCREEN-ONLY
Geode Inn/stones/stones2/2,"fluorite, green.psd",x-photoshop,,,,,UNKNOWN
Geode Inn/stones/stones2/2,"fluorite, rainbow.jpg",jpeg,225,225,0.8,0.8,SCREEN-ONLY
Geode Inn/stones/stones2/2,"fluorite, rainbow.psd",x-photoshop,,,,,UNKNOWN
Geode Inn/stones/stones2/2,hessonite.jpg,jpeg,400,256,1.3,0.9,SCREEN-ONLY
Geode Inn/stones/stones2/2,hessonite.psd,x-photoshop,,,,,UNKNOWN
Geode Inn/stones/stones2/2,iolite.jpg,jpeg,401,276,1.3,0.9,SCREEN-ONLY
Geode Inn/stones/stones2/2,iolite.psd,x-photoshop,,,,,UNKNOWN
Geode Inn/stones/stones2/2,jade.jpg,jpeg,378,280,1.3,0.9,SCREEN-ONLY
Geode Inn/stones/stones2/2,jade.psd,x-photoshop,,,,,UNKNOWN
Geode Inn/stones/stones2/2,moss.psd,x-photoshop,,,,,UNKNOWN
Geode Inn/stones/stones2/2,"opal, water.jpg",jpeg,318,359,1.1,1.2,SCREEN-ONLY
Geode Inn/stones/stones2/2,"opal, water.psd",x-photoshop,,,,,UNKNOWN
Geode Inn/stones/stones2/2,quartz rose.jpg,jpeg,421,330,1.4,1.1,SCREEN-ONLY
Geode Inn/stones/stones2/2,quartz rose.psd,x-photoshop,,,,,UNKNOWN
Geode Inn/stones/stones2/2,"quartz, rutilated.jpg",jpeg,200,262,0.7,0.9,SCREEN-ONLY
Geode Inn/stones/stones2/2,"quartz, rutilated.psd",x-photoshop,,,,,UNKNOWN
Geode Inn/stones/stones2/2,"quartz, tourmalinated.jpg",jpeg,448,336,1.5,1.1,SCREEN-ONLY
Geode Inn/stones/stones2/2,"quartz, tourmalinated.psd",x-photoshop,,,,,UNKNOWN
Geode Inn/stones/stones2/2,rhodochrosite.jpg,jpeg,313,324,1.0,1.1,SCREEN-ONLY
Geode Inn/stones/stones2/2,rhodochrosite.psd,x-photoshop,,,,,UNKNOWN
Geode Inn/stones/stones2/2,rhodonite.jpg,jpeg,468,309,1.6,1.0,SCREEN-ONLY
Geode Inn/stones/stones2/2,rhodonite.psd,x-photoshop,,,,,UNKNOWN
Geode Inn/stones/stones2/2,smoky quartz.jpg,jpeg,255,294,0.8,1.0,SCREEN-ONLY
Geode Inn/stones/stones2/2,smoky quartz.psd,x-photoshop,,,,,UNKNOWN
Geode Inn/stones/stones2/2,topaz.jpg,jpeg,320,379,1.1,1.3,SCREEN-ONLY
Geode Inn/stones/stones2/2,topaz.psd,x-photoshop,,,,,UNKNOWN
Geode Inn/stones/stones2/2,treea..psd,x-photoshop,,,,,UNKNOWN
My Laptop/Files for Google share/book stuff/gemstone images,ts.gif,gif,234,299,0.8,1.0,SCREEN-ONLY
My Laptop/Files for Google share/book stuff/gemstone images/Abalone,Abalone book image jpeg.jpg,jpeg,288,288,1.0,1.0,SCREEN-ONLY
My Laptop/Files for Google share/book stuff/gemstone images/Abalone,Abalone book image.psd,x-photoshop,,,,,UNKNOWN
My Laptop/Files for Google share/book stuff/gemstone images/Abalone,Abalone natural.jpg,jpeg,220,176,0.7,0.6,SCREEN-ONLY
My Laptop/Files for Google share/book stuff/gemstone images/Abalone,Abalone.psd,x-photoshop,,,,,UNKNOWN
My Laptop/Files for Google share/book stuff/gemstone images/Abalone,abalone bead.jpg,jpeg,310,351,1.0,1.2,SCREEN-ONLY
My Laptop/Files for Google share/book stuff/gemstone images/Abalone,abalone beads.psd,x-photoshop,,,,,UNKNOWN
My Laptop/Files for Google share/book stuff/gemstone images/Agates/Banded Agate,Banded Agate.jpg,jpeg,,,,,UNKNOWN
My Laptop/Files for Google share/book stuff/gemstone images/Agates/Banded Agate,banded 2.jpg,jpeg,172,119,0.6,0.4,SCREEN-ONLY
My Laptop/Files for Google share/book stuff/gemstone images/Agates/Banded Agate,banded agate 3.jpg,jpeg,841,661,2.8,2.2,SMALL-PRINT
My Laptop/Files for Google share/book stuff/gemstone images/Agates/Banded Agate,banded agate book image.jpg,jpeg,288,288,1.0,1.0,SCREEN-ONLY
My Laptop/Files for Google share/book stuff/gemstone images/Agates/Banded Agate,s-l1600.jpg,jpeg,841,661,2.8,2.2,SMALL-PRINT
My Laptop/Files for Google share/book stuff/gemstone images/Agates/Crazy lace agate,crazy lace agate book copy.jpg,jpeg,288,288,1.0,1.0,SCREEN-ONLY
My Laptop/Files for Google share/book stuff/gemstone images/Agates/Crazy lace agate,crazy lace agate.jpg,jpeg,211,174,0.7,0.6,SCREEN-ONLY
My Laptop/Files for Google share/book stuff/gemstone images/Agates/Crazy lace agate,s-l1600.jpg,jpeg,1579,1300,5.3,4.3,CARD-READY
My Laptop/Files for Google share/book stuff/gemstone images/Agates/Dendritic Agate,dendritic agate book image.jpg,jpeg,288,288,1.0,1.0,SCREEN-ONLY
My Laptop/Files for Google share/book stuff/gemstone images/Agates/Dendritic Agate,dendritic agate cabochon.jpg,jpeg,1600,1567,5.3,5.2,CARD-READY
My Laptop/Files for Google share/book stuff/gemstone images/Agates/Dendritic Agate,dendritic agate.jpg,jpeg,174,174,0.6,0.6,SCREEN-ONLY
My Laptop/Files for Google share/book stuff/gemstone images/Agates/Dendritic Agate,s-l1600.jpg,jpeg,1600,1600,5.3,5.3,CARD-READY
My Laptop/Files for Google share/book stuff/gemstone images/Agates/Fire Agate,Fire Agate.jpg,jpeg,229,230,0.8,0.8,SCREEN-ONLY
My Laptop/Files for Google share/book stuff/gemstone images/Agates/Fire Agate,fire agate raw book image.jpg,jpeg,288,288,1.0,1.0,SCREEN-ONLY
My Laptop/Files for Google share/book stuff/gemstone images/Agates/Fire Agate,fire agate raw.jpg,jpeg,174,174,0.6,0.6,SCREEN-ONLY
My Laptop/Files for Google share/book stuff/gemstone images/Agates/Fire Agate,s-l1600.jpg,jpeg,1080,1080,3.6,3.6,SMALL-PRINT
My Laptop/Files for Google share/book stuff/gemstone images/Agates/Fossil agate (turritella),fossil agate book copy.jpg,jpeg,288,288,1.0,1.0,SCREEN-ONLY
My Laptop/Files for Google share/book stuff/gemstone images/Agates/Fossil agate (turritella),fossil agate copy.jpg,jpeg,227,174,0.8,0.6,SCREEN-ONLY
My Laptop/Files for Google share/book stuff/gemstone images/Agates/Fossil agate (turritella),fossil agate.jpg,jpeg,1310,1006,4.4,3.4,SMALL-PRINT
My Laptop/Files for Google share/book stuff/gemstone images/Agates/Fossil agate (turritella),fossil agate.psd,x-photoshop,,,,,UNKNOWN
My Laptop/Files for Google share/book stuff/gemstone images/Agates/Fossil agate (turritella),s-l1600.jpg,jpeg,1310,1006,4.4,3.4,SMALL-PRINT
My Laptop/Files for Google share/book stuff/gemstone images/Agates/Montana moss agate,mma2.jpg,jpeg,1600,1065,5.3,3.5,CARD-READY
My Laptop/Files for Google share/book stuff/gemstone images/Agates/Montana moss agate,mma2.psd,x-photoshop,,,,,UNKNOWN
My Laptop/Files for Google share/book stuff/gemstone images/Agates/Montana moss agate,montana moss agate book copy 2.jpg,jpeg,288,288,1.0,1.0,SCREEN-ONLY
My Laptop/Files for Google share/book stuff/gemstone images/Agates/Montana moss agate,montana moss agate book copy.psd,x-photoshop,,,,,UNKNOWN
My Laptop/Files for Google share/book stuff/gemstone images/Agates/Montana moss agate,montana moss agate.jpg,jpeg,262,174,0.9,0.6,SCREEN-ONLY
My Laptop/Files for Google share/book stuff/gemstone images/Agates/Montana moss agate,s-l1600.jpg,jpeg,778,1600,2.6,5.3,SMALL-PRINT
My Laptop/Files for Google share/book stuff/gemstone images/Agates/Moss Agate,Moss Agate copy for book.jpg,jpeg,288,288,1.0,1.0,SCREEN-ONLY
My Laptop/Files for Google share/book stuff/gemstone images/Agates/Moss Agate,Moss Agate.jpg,jpeg,238,162,0.8,0.5,SCREEN-ONLY
My Laptop/Files for Google share/book stuff/gemstone images/Agates/Moss Agate,Moss Agate.psd,x-photoshop,,,,,UNKNOWN
My Laptop/Files for Google share/book stuff/gemstone images/Agates/Tree Agate,Tree Agate copy for book.jpg,jpeg,288,288,1.0,1.0,SCREEN-ONLY
My Laptop/Files for Google share/book stuff/gemstone images/Agates/Tree Agate,Tree Agate.jpg,jpeg,288,288,1.0,1.0,SCREEN-ONLY
My Laptop/Files for Google share/book stuff/gemstone images/Agates/flower agate,flower agate book.jpg,jpeg,288,288,1.0,1.0,SCREEN-ONLY
My Laptop/Files for Google share/book stuff/gemstone images/Agates/flower agate,flower agate.jpg,jpeg,174,174,0.6,0.6,SCREEN-ONLY
My Laptop/Files for Google share/book stuff/gemstone images/Agates/flower agate,s-l1600.jpg,jpeg,1600,1600,5.3,5.3,CARD-READY
My Laptop/Files for Google share/book stuff/gemstone images/Agates/plumed agate,plumed agate copy for book.jpg,jpeg,288,288,1.0,1.0,SCREEN-ONLY
My Laptop/Files for Google share/book stuff/gemstone images/Agates/plumed agate,plumed agate.jpg,jpeg,288,288,1.0,1.0,SCREEN-ONLY
My Laptop/Files for Google share/book stuff/gemstone images/Agates/plumed agate,s-l1600.jpg,jpeg,1200,1600,4.0,5.3,CARD-READY
My Laptop/Files for Google share/book stuff/gemstone images/Agates/plumed agate,s-l1600.psd,x-photoshop,,,,,UNKNOWN
My Laptop/Files for Google share/book stuff/gemstone images/Alexandrite,Alexandrite copy for book.jpg,jpeg,288,288,1.0,1.0,SCREEN-ONLY
My Laptop/Files for Google share/book stuff/gemstone images/Alexandrite,Alexandrite.jpg,jpeg,288,288,1.0,1.0,SCREEN-ONLY
My Laptop/Files for Google share/book stuff/gemstone images/Amazonite,Amazonite copy for book.jpg,jpeg,1200,1200,4.0,4.0,SMALL-PRINT
My Laptop/Files for Google share/book stuff/gemstone images/Amazonite,Amazonite.jpg,jpeg,1200,1200,4.0,4.0,SMALL-PRINT
My Laptop/Files for Google share/book stuff/gemstone images/Amber,Amber copy for book.jpg,jpeg,1200,1200,4.0,4.0,SMALL-PRINT
My Laptop/Files for Google share/book stuff/gemstone images/Amber,Amber.jpg,jpeg,1200,1200,4.0,4.0,SMALL-PRINT
My Laptop/Files for Google share/book stuff/gemstone images/Amethyst,Amethyst copy for book.jpg,jpeg,288,288,1.0,1.0,SCREEN-ONLY
My Laptop/Files for Google share/book stuff/gemstone images/Amethyst,Amethyst.jpg,jpeg,288,288,1.0,1.0,SCREEN-ONLY
My Laptop/Files for Google share/book stuff/gemstone images/Amethyst,stone button.jpg,jpeg,325,279,1.1,0.9,SCREEN-ONLY
My Laptop/Files for Google share/book stuff/gemstone images/Ametrine,Ametrine copy book.jpg,jpeg,1200,1200,4.0,4.0,SMALL-PRINT
My Laptop/Files for Google share/book stuff/gemstone images/Ametrine,Ametrine.jpg,jpeg,1200,1200,4.0,4.0,SMALL-PRINT
My Laptop/Files for Google share/book stuff/gemstone images/Ammolite,ammolite copy for book.jpg,jpeg,288,288,1.0,1.0,SCREEN-ONLY
My Laptop/Files for Google share/book stuff/gemstone images/Ammolite,ammolite.jpg,jpeg,288,288,1.0,1.0,SCREEN-ONLY
My Laptop/Files for Google share/book stuff/gemstone images/Ammolite,s-l1600.jpg,jpeg,1600,1600,5.3,5.3,CARD-READY
My Laptop/Files for Google share/book stuff/gemstone images/Ammolite,s-l1600.psd,x-photoshop,,,,,UNKNOWN
My Laptop/Files for Google share/book stuff/gemstone images/Ammonite,Ammonite copy for book.jpg,jpeg,1200,1200,4.0,4.0,SMALL-PRINT
My Laptop/Files for Google share/book stuff/gemstone images/Ammonite,Ammonite.jpg,jpeg,1200,1200,4.0,4.0,SMALL-PRINT
My Laptop/Files for Google share/book stuff/gemstone images/Andalusite,andalusite copy for book.jpg,jpeg,288,288,1.0,1.0,SCREEN-ONLY
My Laptop/Files for Google share/book stuff/gemstone images/Andalusite,andalusite.jpg,jpeg,288,288,1.0,1.0,SCREEN-ONLY
My Laptop/Files for Google share/book stuff/gemstone images/Andalusite,s-l1600.jpg,jpeg,1600,1600,5.3,5.3,CARD-READY
My Laptop/Files for Google share/book stuff/gemstone images/Andalusite,s-l1600.psd,x-photoshop,,,,,UNKNOWN
My Laptop/Files for Google share/book stuff/gemstone images/Angelite,Angelite book copy.jpg,jpeg,1200,1200,4.0,4.0,SMALL-PRINT
My Laptop/Files for Google share/book stuff/gemstone images/Angelite,Angelite.jpg,jpeg,1200,1200,4.0,4.0,SMALL-PRINT
My Laptop/Files for Google share/book stuff/gemstone images/Apatite,Apatite copy for book.jpg,jpeg,1200,1200,4.0,4.0,SMALL-PRINT
My Laptop/Files for Google share/book stuff/gemstone images/Apatite,Apatite.jpg,jpeg,1200,1200,4.0,4.0,SMALL-PRINT
My Laptop/Files for Google share/book stuff/gemstone images/Aqua Aura,Aqua Aura copy for book.jpg,jpeg,1200,1200,4.0,4.0,SMALL-PRINT
My Laptop/Files for Google share/book stuff/gemstone images/Aqua Aura,Aqua Aura.jpg,jpeg,240,320,0.8,1.1,SCREEN-ONLY
My Laptop/Files for Google share/book stuff/gemstone images/Aquamarine,Aquamarine.jpg,jpeg,128,223,0.4,0.7,SCREEN-ONLY
My Laptop/Files for Google share/book stuff/gemstone images/Aquamarine,aquamarine copy for book.jpg,jpeg,287,287,1.0,1.0,SCREEN-ONLY
My Laptop/Files for Google share/book stuff/gemstone images/Aquaprase,Aquaprase copy for book.jpg,jpeg,288,288,1.0,1.0,SCREEN-ONLY
My Laptop/Files for Google share/book stuff/gemstone images/Aquaprase,Aquaprase.jpg,jpeg,131,104,0.4,0.3,SCREEN-ONLY
My Laptop/Files for Google share/book stuff/gemstone images/Aquaprase,s-l1600.png,png,1544,1487,5.1,5.0,CARD-READY
My Laptop/Files for Google share/book stuff/gemstone images/Aragonite,Aragonite copy for book.jpg,jpeg,1200,1200,4.0,4.0,SMALL-PRINT
My Laptop/Files for Google share/book stuff/gemstone images/Aragonite,Aragonite.jpg,jpeg,166,157,0.6,0.5,SCREEN-ONLY
My Laptop/Files for Google share/book stuff/gemstone images/Aventurines/Green Aventurine,Green Aventurine copy for book.jpg,jpeg,1200,1203,4.0,4.0,SMALL-PRINT
My Laptop/Files for Google share/book stuff/gemstone images/Aventurines/Green Aventurine,Green Aventurine.jpg,jpeg,229,194,0.8,0.6,SCREEN-ONLY
My Laptop/Files for Google share/book stuff/gemstone images/Aventurines/Red Aventurine,Red Aventurine copy for book.jpg,jpeg,1200,1200,4.0,4.0,SMALL-PRINT
My Laptop/Files for Google share/book stuff/gemstone images/Aventurines/Red Aventurine,Red Aventurine.jpg,jpeg,217,195,0.7,0.7,SCREEN-ONLY
My Laptop/Files for Google share/book stuff/gemstone images/Azurite,Azurite copy for book.jpg,jpeg,1200,1200,4.0,4.0,SMALL-PRINT
My Laptop/Files for Google share/book stuff/gemstone images/Azurite,Azurite.jpg,jpeg,220,255,0.7,0.8,SCREEN-ONLY
My Laptop/Files for Google share/book stuff/gemstone images/Bronzite,Bronzite.jpg,jpeg,228,171,0.8,0.6,SCREEN-ONLY
My Laptop/Files for Google share/book stuff/gemstone images/Bronzite,bronzite cab copy for book.jpg,jpeg,288,288,1.0,1.0,SCREEN-ONLY
My Laptop/Files for Google share/book stuff/gemstone images/Bronzite,bronzite cab.webp,webp,288,288,1.0,1.0,SCREEN-ONLY
My Laptop/Files for Google share/book stuff/gemstone images/Calcite,Untitled-1.jpg,jpeg,70,104,0.2,0.3,SCREEN-ONLY
My Laptop/Files for Google share/book stuff/gemstone images/Calcite,calcite.jpg,jpeg,231,210,0.8,0.7,SCREEN-ONLY
My Laptop/Files for Google share/book stuff/gemstone images/Calcite,calcitenew.jpg,jpeg,231,210,0.8,0.7,SCREEN-ONLY
My Laptop/Files for Google share/book stuff/gemstone images/Carnelian,Carnelian copy for book.jpg,jpeg,1200,1200,4.0,4.0,SMALL-PRINT
My Laptop/Files for Google share/book stuff/gemstone images/Carnelian,Carnelian.jpg,jpeg,337,318,1.1,1.1,SCREEN-ONLY
My Laptop/Files for Google share/book stuff/gemstone images/Carnelian,s-l500.jpg,jpeg,375,500,1.2,1.7,SCREEN-ONLY
My Laptop/Files for Google share/book stuff/gemstone images/Cat's Eye,Cat's Eye.jpg,jpeg,223,197,0.7,0.7,SCREEN-ONLY
My Laptop/Files for Google share/book stuff/gemstone images/Chalcedonies/Blue Chalcedony,Blue Chalcedony copy for book.jpg,jpeg,1200,1200,4.0,4.0,SMALL-PRINT
My Laptop/Files for Google share/book stuff/gemstone images/Chalcedonies/Blue Chalcedony,Blue Chalcedony.jpg,jpeg,263,246,0.9,0.8,SCREEN-ONLY
My Laptop/Files for Google share/book stuff/gemstone images/Chalcedonies/Dendritic Chalcedony,Dendritic Chalcedony copy for book.jpg,jpeg,1200,1200,4.0,4.0,SMALL-PRINT
My Laptop/Files for Google share/book stuff/gemstone images/Chalcedonies/Dendritic Chalcedony,Dendritic Chalcedony.jpg,jpeg,195,249,0.7,0.8,SCREEN-ONLY
My Laptop/Files for Google share/book stuff/gemstone images/Charoite,Charoite copy for book.jpg,jpeg,288,288,1.0,1.0,SCREEN-ONLY
My Laptop/Files for Google share/book stuff/gemstone images/Charoite,Charoite.jpg,jpeg,231,171,0.8,0.6,SCREEN-ONLY
My Laptop/Files for Google share/book stuff/gemstone images/Chiastolite,Chiastolite.jpg,jpeg,211,215,0.7,0.7,SCREEN-ONLY
My Laptop/Files for Google share/book stuff/gemstone images/Chiastolite,chiastolite 2.jpg,jpeg,211,215,0.7,0.7,SCREEN-ONLY
My Laptop/Files for Google share/book stuff/gemstone images/Chrome Diopside,Chrome Diopside.jpg,jpeg,224,157,0.7,0.5,SCREEN-ONLY
My Laptop/Files for Google share/book stuff/gemstone images/Chrysanthemum stone,Chrysanthemum stone.jpg,jpeg,98,104,0.3,0.3,SCREEN-ONLY
My Laptop/Files for Google share/book stuff/gemstone images/Chrysanthemum stone,s-l500.jpg,jpeg,500,500,1.7,1.7,SMALL-PRINT
My Laptop/Files for Google share/book stuff/gemstone images/Chrysocolla,Chrysocolla.jpg,jpeg,298,198,1.0,0.7,SCREEN-ONLY
My Laptop/Files for Google share/book stuff/gemstone images/Chrysocolla azurite,chrysocolla azurite.jpg,jpeg,104,104,0.3,0.3,SCREEN-ONLY
My Laptop/Files for Google share/book stuff/gemstone images/Chrysocolla azurite,s-l1600.jpg,jpeg,1600,1600,5.3,5.3,CARD-READY
My Laptop/Files for Google share/book stuff/gemstone images/Chrysoprase,Chrysoprase.jpg,jpeg,327,239,1.1,0.8,SCREEN-ONLY
My Laptop/Files for Google share/book stuff/gemstone images/Citrine,Citrine.jpg,jpeg,202,258,0.7,0.9,SCREEN-ONLY
My Laptop/Files for Google share/book stuff/gemstone images/Corals/Black Coral,Black Coral.jpg,jpeg,,,,,UNKNOWN
My Laptop/Files for Google share/book stuff/gemstone images/Corals/Black Coral,coral2.jpg,jpeg,277,178,0.9,0.6,SCREEN-ONLY
My Laptop/Files for Google share/book stuff/gemstone images/Corals/Branch Coral,Branch Coral.jpg,jpeg,300,225,1.0,0.8,SCREEN-ONLY
My Laptop/Files for Google share/book stuff/gemstone images/Covellite,Covellite.jpg,jpeg,101,104,0.3,0.3,SCREEN-ONLY
My Laptop/Files for Google share/book stuff/gemstone images/Covellite,s-l1600.jpg,jpeg,1600,1600,5.3,5.3,CARD-READY
My Laptop/Files for Google share/book stuff/gemstone images/Cuprite,s-l1600.jpg,jpeg,1600,1236,5.3,4.1,CARD-READY
My Laptop/Files for Google share/book stuff/gemstone images/Diamond,Diamond.jpg,jpeg,247,185,0.8,0.6,SCREEN-ONLY
My Laptop/Files for Google share/book stuff/gemstone images/Dumortierite,Dumortierite.jpg,jpeg,306,230,1.0,0.8,SCREEN-ONLY
My Laptop/Files for Google share/book stuff/gemstone images/Emerald,Emerald.jpg,jpeg,209,234,0.7,0.8,SCREEN-ONLY
My Laptop/Files for Google share/book stuff/gemstone images/Fluorites/Green Fluorite,Green Fluorite.jpg,jpeg,177,311,0.6,1.0,SCREEN-ONLY
My Laptop/Files for Google share/book stuff/gemstone images/Fluorites/Purple Fluorite,Purple Fluorite.jpg,jpeg,153,150,0.5,0.5,SCREEN-ONLY
My Laptop/Files for Google share/book stuff/gemstone images/Fluorites/Rainbow Fluorite,Rainbow Fluorite.jpg,jpeg,104,232,0.3,0.8,SCREEN-ONLY
My Laptop/Files for Google share/book stuff/gemstone images/Garnet,Garnet.jpg,jpeg,259,194,0.9,0.6,SCREEN-ONLY
My Laptop/Files for Google share/book stuff/gemstone images/Garnet/Hessonite,Hessonite.jpg,jpeg,250,189,0.8,0.6,SCREEN-ONLY
My Laptop/Files for Google share/book stuff/gemstone images/Gold,Gold.jpg,jpeg,223,216,0.7,0.7,SCREEN-ONLY
My Laptop/Files for Google share/book stuff/gemstone images/Hawk's Eye,Hawk Eye.jpg,jpeg,274,214,0.9,0.7,SCREEN-ONLY
My Laptop/Files for Google share/book stuff/gemstone images/Hematite,Hematite.jpg,jpeg,272,204,0.9,0.7,SCREEN-ONLY
My Laptop/Files for Google share/book stuff/gemstone images/Herkimer Diamond,Herkimer Diamond.jpg,jpeg,239,187,0.8,0.6,SCREEN-ONLY
My Laptop/Files for Google share/book stuff/gemstone images/Iolite,Iolite.jpg,jpeg,177,106,0.6,0.4,SCREEN-ONLY
My Laptop/Files for Google share/book stuff/gemstone images/Jade,Jade copy.jpg,jpeg,294,223,1.0,0.7,SCREEN-ONLY
My Laptop/Files for Google share/book stuff/gemstone images/Jade,Jade.jpg,jpeg,,,,,UNKNOWN
My Laptop/Files for Google share/book stuff/gemstone images/Jade,canadian jade.webp,webp,1344,768,4.5,2.6,SMALL-PRINT
My Laptop/Files for Google share/book stuff/gemstone images/Jade,gatsby-jewellery-what-is-jade_db47d385-b892-40c1-8195-ab28609ef0bd_2777x.webp,webp,2777,1851,9.3,6.2,CARD-READY
My Laptop/Files for Google share/book stuff/gemstone images/Jade,guatemalan jade copy.jpg,jpeg,90,104,0.3,0.3,SCREEN-ONLY
My Laptop/Files for Google share/book stuff/gemstone images/Jade,guatemalan jade.jpg,jpeg,484,413,1.6,1.4,SCREEN-ONLY
My Laptop/Files for Google share/book stuff/gemstone images/Jade,guatemalan jade.psd,x-photoshop,,,,,UNKNOWN
My Laptop/Files for Google share/book stuff/gemstone images/Jade,white jade.jpg,jpeg,1200,1600,4.0,5.3,CARD-READY
My Laptop/Files for Google share/book stuff/gemstone images/Jadeite,il_1588xN.7443837152_snz0.webp,webp,69,104,0.2,0.3,SCREEN-ONLY
My Laptop/Files for Google share/book stuff/gemstone images/Jadeite,jadeite.jpg,jpeg,69,104,0.2,0.3,SCREEN-ONLY
My Laptop/Files for Google share/book stuff/gemstone images/Jaspers/Bloodstone,Bloodstone.jpg,jpeg,329,267,1.1,0.9,SCREEN-ONLY
My Laptop/Files for Google share/book stuff/gemstone images/Jaspers/Dendritic jasper,s-l1600.jpg,jpeg,1541,1541,5.1,5.1,CARD-READY
My Laptop/Files for Google share/book stuff/gemstone images/Jaspers/Leopardskin Jasper,Leopardskin Jasper.jpg,jpeg,205,294,0.7,1.0,SCREEN-ONLY
My Laptop/Files for Google share/book stuff/gemstone images/Jaspers/Moukaite jasper,Moukaite.jpg,jpeg,216,229,0.7,0.8,SCREEN-ONLY
My Laptop/Files for Google share/book stuff/gemstone images/Jaspers/Picture Jasper,Picture Jasper.jpg,jpeg,201,214,0.7,0.7,SCREEN-ONLY
My Laptop/Files for Google share/book stuff/gemstone images/Jet,Jet.jpg,jpeg,233,287,0.8,1.0,SCREEN-ONLY
My Laptop/Files for Google share/book stuff/gemstone images/Kunzite,Kunzite.jpg,jpeg,270,211,0.9,0.7,SCREEN-ONLY
My Laptop/Files for Google share/book stuff/gemstone images/Kyanite,Kyanite.jpg,jpeg,205,239,0.7,0.8,SCREEN-ONLY
My Laptop/Files for Google share/book stuff/gemstone images/Labradorite,Labradorite.jpg,jpeg,275,183,0.9,0.6,SCREEN-ONLY
My Laptop/Files for Google share/book stuff/gemstone images/Lapis Lazuli,Lapis 2.jpg,jpeg,206,274,0.7,0.9,SCREEN-ONLY
My Laptop/Files for Google share/book stuff/gemstone images/Lapis Lazuli,Lapis Lazuli.jpg,jpeg,,,,,UNKNOWN
My Laptop/Files for Google share/book stuff/gemstone images/Larimar,Larimar.jpg,jpeg,213,230,0.7,0.8,SCREEN-ONLY
My Laptop/Files for Google share/book stuff/gemstone images/Lepidolite,Lepidolite 2.jpg,jpeg,258,218,0.9,0.7,SCREEN-ONLY
My Laptop/Files for Google share/book stuff/gemstone images/Lepidolite,Lepidolite.jpg,jpeg,,,,,UNKNOWN
My Laptop/Files for Google share/book stuff/gemstone images/Malachite,Malachite.jpg,jpeg,201,229,0.7,0.8,SCREEN-ONLY
My Laptop/Files for Google share/book stuff/gemstone images/Moldavite,Moldavite.jpg,jpeg,295,171,1.0,0.6,SCREEN-ONLY
My Laptop/Files for Google share/book stuff/gemstone images/Moonstones/Rainbow Moonstone,Rainbow Moonstone.jpg,jpeg,259,228,0.9,0.8,SCREEN-ONLY
My Laptop/Files for Google share/book stuff/gemstone images/Moonstones/White Moonstone,White Moonstone.jpg,jpeg,314,257,1.0,0.9,SCREEN-ONLY
My Laptop/Files for Google share/book stuff/gemstone images/Morganite,Morganite 2.jpg,jpeg,272,182,0.9,0.6,SCREEN-ONLY
My Laptop/Files for Google share/book stuff/gemstone images/Morganite,Morganite.jpg,jpeg,,,,,UNKNOWN
My Laptop/Files for Google share/book stuff/gemstone images/Muscovite,Muscovite.jpg,jpeg,299,187,1.0,0.6,SCREEN-ONLY
My Laptop/Files for Google share/book stuff/gemstone images/Obsidians/Rainbow Obsidian,Rainbow Obsidian.jpg,jpeg,281,174,0.9,0.6,SCREEN-ONLY
My Laptop/Files for Google share/book stuff/gemstone images/Obsidians/Snowflake Obsidian,Snowflake Obsidian.jpg,jpeg,248,303,0.8,1.0,SCREEN-ONLY
My Laptop/Files for Google share/book stuff/gemstone images/Onyx,Onyx.jpg,jpeg,200,238,0.7,0.8,SCREEN-ONLY
My Laptop/Files for Google share/book stuff/gemstone images/Onyx,green onyx.jpg,jpeg,159,104,0.5,0.3,SCREEN-ONLY
My Laptop/Files for Google share/book stuff/gemstone images/Onyx,s-l1600.png,png,159,104,0.5,0.3,SCREEN-ONLY
My Laptop/Files for Google share/book stuff/gemstone images/Opals/Fire Opal,Fire Opal.jpg,jpeg,212,221,0.7,0.7,SCREEN-ONLY
My Laptop/Files for Google share/book stuff/gemstone images/Opals/Peruvian Blue Opal,Peruvian Blue Opal.jpg,jpeg,,,,,UNKNOWN
My Laptop/Files for Google share/book stuff/gemstone images/Opals/Peruvian Blue Opal,pbo.jpg,jpeg,265,223,0.9,0.7,SCREEN-ONLY
My Laptop/Files for Google share/book stuff/gemstone images/Opals/Water Opal,Water Opal.jpg,jpeg,207,203,0.7,0.7,SCREEN-ONLY
My Laptop/Files for Google share/book stuff/gemstone images/Pearl,Pearl.jpg,jpeg,240,180,0.8,0.6,SCREEN-ONLY
My Laptop/Files for Google share/book stuff/gemstone images/Peridot,Peridot.jpg,jpeg,200,240,0.7,0.8,SCREEN-ONLY
My Laptop/Files for Google share/book stuff/gemstone images/Petrified Wood,Petrified Wood.jpg,jpeg,183,202,0.6,0.7,SCREEN-ONLY
My Laptop/Files for Google share/book stuff/gemstone images/Pietersite,Pietersite.jpg,jpeg,,,,,UNKNOWN
My Laptop/Files for Google share/book stuff/gemstone images/Pietersite,Pietersite2.jpg,jpeg,338,187,1.1,0.6,SCREEN-ONLY
My Laptop/Files for Google share/book stuff/gemstone images/Platinum,Platinum.jpg,jpeg,262,200,0.9,0.7,SCREEN-ONLY
My Laptop/Files for Google share/book stuff/gemstone images/Prehnite,Prehnite.jpg,jpeg,170,225,0.6,0.8,SCREEN-ONLY
My Laptop/Files for Google share/book stuff/gemstone images/Pyrite,Pyrite.jpg,jpeg,277,204,0.9,0.7,SCREEN-ONLY
My Laptop/Files for Google share/book stuff/gemstone images/Quartzes/Clear Quartz,Clear Quartz.jpg,jpeg,187,185,0.6,0.6,SCREEN-ONLY
My Laptop/Files for Google share/book stuff/gemstone images/Quartzes/Rose Quartz,Rose Quartz.jpg,jpeg,231,169,0.8,0.6,SCREEN-ONLY
My Laptop/Files for Google share/book stuff/gemstone images/Quartzes/Rutilated Quartz,Rutilated Quartz.jpg,jpeg,240,180,0.8,0.6,SCREEN-ONLY
My Laptop/Files for Google share/book stuff/gemstone images/Quartzes/Smoky Quartz,Smoky Quartz.jpg,jpeg,200,200,0.7,0.7,SCREEN-ONLY
My Laptop/Files for Google share/book stuff/gemstone images/Quartzes/Tourmalinated Quartz,Tourmalinated Quartz.jpg,jpeg,251,208,0.8,0.7,SCREEN-ONLY
My Laptop/Files for Google share/book stuff/gemstone images/Rhodochrosite,Rhodochrosite.jpg,jpeg,186,210,0.6,0.7,SCREEN-ONLY
My Laptop/Files for Google share/book stuff/gemstone images/Rhodonite,Rhodonite.jpg,jpeg,219,247,0.7,0.8,SCREEN-ONLY
My Laptop/Files for Google share/book stuff/gemstone images/Ruby,Ruby.jpg,jpeg,159,205,0.5,0.7,SCREEN-ONLY
My Laptop/Files for Google share/book stuff/gemstone images/Sapphire,Sapphire.jpg,jpeg,223,188,0.7,0.6,SCREEN-ONLY
My Laptop/Files for Google share/book stuff/gemstone images/Sard,Sard.jpg,jpeg,230,193,0.8,0.6,SCREEN-ONLY
My Laptop/Files for Google share/book stuff/gemstone images/Sardonyx,Sardonyx.jpg,jpeg,228,179,0.8,0.6,SCREEN-ONLY
My Laptop/Files for Google share/book stuff/gemstone images/Serpentine,Serpentine.jpg,jpeg,200,200,0.7,0.7,SCREEN-ONLY
My Laptop/Files for Google share/book stuff/gemstone images/Silver,Silver.jpg,jpeg,226,171,0.8,0.6,SCREEN-ONLY
My Laptop/Files for Google share/book stuff/gemstone images/Sodalite,Sodalite.jpg,jpeg,230,174,0.8,0.6,SCREEN-ONLY
My Laptop/Files for Google share/book stuff/gemstone images/Spessartite,Spessartite.jpg,jpeg,208,178,0.7,0.6,SCREEN-ONLY
My Laptop/Files for Google share/book stuff/gemstone images/Spinel,Spinel.jpg,jpeg,259,204,0.9,0.7,SCREEN-ONLY
My Laptop/Files for Google share/book stuff/gemstone images/Sugilite,Sugilite.jpg,jpeg,193,187,0.6,0.6,SCREEN-ONLY
My Laptop/Files for Google share/book stuff/gemstone images/Sunstone,Sunstone.jpg,jpeg,230,142,0.8,0.5,SCREEN-ONLY
My Laptop/Files for Google share/book stuff/gemstone images/Tanzanite,Tanzanite.jpg,jpeg,196,278,0.7,0.9,SCREEN-ONLY
My Laptop/Files for Google share/book stuff/gemstone images/Tektite,Tektite.jpg,jpeg,186,195,0.6,0.7,SCREEN-ONLY
My Laptop/Files for Google share/book stuff/gemstone images/Tiger Iron,Tiger Iron.jpg,jpeg,233,186,0.8,0.6,SCREEN-ONLY
My Laptop/Files for Google share/book stuff/gemstone images/Tiger's Eyes/Brown Tiger's Eye,Brown Tigers Eye.jpg,jpeg,199,228,0.7,0.8,SCREEN-ONLY
My Laptop/Files for Google share/book stuff/gemstone images/Tiger's Eyes/Red Tiger's Eye,Red Tigers Eye.jpg,jpeg,,,,,UNKNOWN
My Laptop/Files for Google share/book stuff/gemstone images/Tiger's Eyes/Red Tiger's Eye,rte2.jpg,jpeg,228,206,0.8,0.7,SCREEN-ONLY
My Laptop/Files for Google share/book stuff/gemstone images/Topazes/Blue Topaz,Blue Topaz.jpg,jpeg,173,182,0.6,0.6,SCREEN-ONLY
My Laptop/Files for Google share/book stuff/gemstone images/Topazes/Imperial Topaz,Imperial Topaz.jpg,jpeg,207,193,0.7,0.6,SCREEN-ONLY
My Laptop/Files for Google share/book stuff/gemstone images/Tourmalines/Green Tourmaline,Green Tourmaline.jpg,jpeg,207,149,0.7,0.5,SCREEN-ONLY
My Laptop/Files for Google share/book stuff/gemstone images/Tourmalines/Multi-Colored Tourmaline,Multi Colored Tourmaline.jpg,jpeg,181,163,0.6,0.5,SCREEN-ONLY
My Laptop/Files for Google share/book stuff/gemstone images/Tourmalines/Watermelon Tourmaline,Watermelon Tourmaline.jpg,jpeg,146,203,0.5,0.7,SCREEN-ONLY
My Laptop/Files for Google share/book stuff/gemstone images/Turquoise,Turquoise.jpg,jpeg,168,179,0.6,0.6,SCREEN-ONLY
My Laptop/Files for Google share/book stuff/gemstone images/Unakite,Unakite.jpg,jpeg,175,211,0.6,0.7,SCREEN-ONLY
My Laptop/Files for Google share/book stuff/gemstone images/Zoisite,Zoisite.jpg,jpeg,159,269,0.5,0.9,SCREEN-ONLY
My Laptop/Files for Google share/book stuff/gemstone images/arfvedsonite,arfredsonite.psd,x-photoshop,,,,,UNKNOWN
My Laptop/Files for Google share/book stuff/gemstone images/arfvedsonite,arfvedsonite32659a copy.jpg,jpeg,459,346,1.5,1.2,SCREEN-ONLY
My Laptop/Files for Google share/book stuff/gemstone images/arfvedsonite,arfvedsonite32659a.jpg,jpeg,800,602,2.7,2.0,SMALL-PRINT
My Laptop/Files for Google share/book stuff/gemstone images/arfvedsonite,arfvedsonite32659a.psd,x-photoshop,,,,,UNKNOWN
My Laptop/Files for Google share/book stuff/gemstone images/astrophyllite,astrophyllite copy for book.jpg,jpeg,288,288,1.0,1.0,SCREEN-ONLY
My Laptop/Files for Google share/book stuff/gemstone images/astrophyllite,astrophyllite.jpg,jpeg,146,104,0.5,0.3,SCREEN-ONLY
My Laptop/Files for Google share/book stuff/gemstone images/astrophyllite,il_1588xN.7655891630_aeae.webp,webp,146,104,0.5,0.3,SCREEN-ONLY
My Laptop/Files for Google share/book stuff/gemstone images/atlantisite,Untitled-1.psd,x-photoshop,,,,,UNKNOWN
My Laptop/Files for Google share/book stuff/gemstone images/atlantisite,astrophyllite.jpg,jpeg,146,104,0.5,0.3,SCREEN-ONLY
My Laptop/Files for Google share/book stuff/gemstone images/atlantisite,atlantisite copy for book.jpg,jpeg,288,288,1.0,1.0,SCREEN-ONLY
My Laptop/Files for Google share/book stuff/gemstone images/atlantisite,atlantisite.jpg,jpeg,288,288,1.0,1.0,SCREEN-ONLY
My Laptop/Files for Google share/book stuff/gemstone images/atlantisite,s-l400.jpg,jpeg,321,400,1.1,1.3,SCREEN-ONLY
My Laptop/Files for Google share/book stuff/gemstone images/atlantisite,s-l400.psd,x-photoshop,,,,,UNKNOWN
My Laptop/Files for Google share/book stuff/stones2,Stonehenge bluestone.jpg,jpeg,351,281,1.2,0.9,SCREEN-ONLY
My Laptop/Files for Google share/book stuff/stones2,Sugilite.jpg,jpeg,243,240,0.8,0.8,SCREEN-ONLY
My Laptop/Files for Google share/book stuff/stones2,Sugilite.psd,x-photoshop,,,,,UNKNOWN
My Laptop/Files for Google share/book stuff/stones2,Sunstone.jpg,jpeg,375,269,1.2,0.9,SCREEN-ONLY
My Laptop/Files for Google share/book stuff/stones2,Sunstone.psd,x-photoshop,,,,,UNKNOWN
My Laptop/Files for Google share/book stuff/stones2,tektite.jpg,jpeg,345,321,1.1,1.1,SCREEN-ONLY
My Laptop/Files for Google share/book stuff/stones2,tektite.psd,x-photoshop,,,,,UNKNOWN
My Laptop/Files for Google share/book stuff/stones2,"tiger eye, brown.jpg",jpeg,366,338,1.2,1.1,SCREEN-ONLY
My Laptop/Files for Google share/book stuff/stones2,"tiger eye, brown.psd",x-photoshop,,,,,UNKNOWN
My Laptop/Files for Google share/book stuff/stones2,"tiger eye, red.jpg",jpeg,300,339,1.0,1.1,SCREEN-ONLY
My Laptop/Files for Google share/book stuff/stones2,"tiger eye, red.psd",x-photoshop,,,,,UNKNOWN
My Laptop/Files for Google share/book stuff/stones2,tiger iron.jpg,jpeg,360,270,1.2,0.9,SCREEN-ONLY
My Laptop/Files for Google share/book stuff/stones2,tiger iron.psd,x-photoshop,,,,,UNKNOWN
My Laptop/Files for Google share/book stuff/stones2,topaz blue.jpg,jpeg,263,400,0.9,1.3,SCREEN-ONLY
My Laptop/Files for Google share/book stuff/stones2,topaz blue.psd,x-photoshop,,,,,UNKNOWN
My Laptop/Files for Google share/book stuff/stones2,tourmaline green.jpg,jpeg,393,273,1.3,0.9,SCREEN-ONLY
My Laptop/Files for Google share/book stuff/stones2,tourmaline green.psd,x-photoshop,,,,,UNKNOWN
My Laptop/Files for Google share/book stuff/stones2,"tourmaline, watermelon.jpg",jpeg,274,237,0.9,0.8,SCREEN-ONLY
My Laptop/Files for Google share/book stuff/stones2,"tourmaline, watermelon.psd",x-photoshop,,,,,UNKNOWN
My Laptop/Files for Google share/book stuff/stones2,turquoise.jpg,jpeg,426,351,1.4,1.2,SCREEN-ONLY
My Laptop/Files for Google share/book stuff/stones2,turquoise.psd,x-photoshop,,,,,UNKNOWN
My Laptop/Files for Google share/book stuff/stones2,unakite.jpg,jpeg,403,329,1.3,1.1,SCREEN-ONLY
My Laptop/Files for Google share/book stuff/stones2,unakite.psd,x-photoshop,,,,,UNKNOWN
My Laptop/Files for Google share/book stuff/stones2,zoisite.jpg,jpeg,356,380,1.2,1.3,SCREEN-ONLY
My Laptop/Files for Google share/book stuff/stones2,zoisite.psd,x-photoshop,,,,,UNKNOWN
My Laptop/Files for Google share/book stuff/stones2/2,Amazonite2.jpg,jpeg,228,266,0.8,0.9,SCREEN-ONLY
My Laptop/Files for Google share/book stuff/stones2/2,Amazonite2.psd,x-photoshop,,,,,UNKNOWN
My Laptop/Files for Google share/book stuff/stones2/2,Amethyst.jpg,jpeg,449,303,1.5,1.0,SCREEN-ONLY
My Laptop/Files for Google share/book stuff/stones2/2,Amethyst.psd,x-photoshop,,,,,UNKNOWN
My Laptop/Files for Google share/book stuff/stones2/2,Amethyst2.jpg,jpeg,306,351,1.0,1.2,SCREEN-ONLY
My Laptop/Files for Google share/book stuff/stones2/2,Amethyst2.psd,x-photoshop,,,,,UNKNOWN
My Laptop/Files for Google share/book stuff/stones2/2,Ametrine.jpg,jpeg,441,279,1.5,0.9,SCREEN-ONLY
My Laptop/Files for Google share/book stuff/stones2/2,Ametrine.psd,x-photoshop,,,,,UNKNOWN
My Laptop/Files for Google share/book stuff/stones2/2,Ammonite.jpg,jpeg,435,290,1.4,1.0,SCREEN-ONLY
My Laptop/Files for Google share/book stuff/stones2/2,Ammonite.psd,x-photoshop,,,,,UNKNOWN
My Laptop/Files for Google share/book stuff/stones2/2,Andalusite.jpg,jpeg,236,228,0.8,0.8,SCREEN-ONLY
My Laptop/Files for Google share/book stuff/stones2/2,Andalusite.psd,x-photoshop,,,,,UNKNOWN
My Laptop/Files for Google share/book stuff/stones2/2,Angelite.jpg,jpeg,338,259,1.1,0.9,SCREEN-ONLY
My Laptop/Files for Google share/book stuff/stones2/2,Angelite.psd,x-photoshop,,,,,UNKNOWN
My Laptop/Files for Google share/book stuff/stones2/2,Apatite.jpg,jpeg,236,267,0.8,0.9,SCREEN-ONLY
My Laptop/Files for Google share/book stuff/stones2/2,Apatite.psd,x-photoshop,,,,,UNKNOWN
My Laptop/Files for Google share/book stuff/stones2/2,Aqua Aura.jpg,jpeg,287,294,1.0,1.0,SCREEN-ONLY
My Laptop/Files for Google share/book stuff/stones2/2,Aqua Aura.psd,x-photoshop,,,,,UNKNOWN
My Laptop/Files for Google share/book stuff/stones2/2,Aquamarine.jpg,jpeg,347,258,1.2,0.9,SCREEN-ONLY
My Laptop/Files for Google share/book stuff/stones2/2,Aquamarine.psd,x-photoshop,,,,,UNKNOWN
My Laptop/Files for Google share/book stuff/stones2/2,Aragonite.jpg,jpeg,251,195,0.8,0.7,SCREEN-ONLY
My Laptop/Files for Google share/book stuff/stones2/2,Aragonite.psd,x-photoshop,,,,,UNKNOWN
My Laptop/Files for Google share/book stuff/stones2/2,"Aventurine, green.jpg",jpeg,411,309,1.4,1.0,SCREEN-ONLY
My Laptop/Files for Google share/book stuff/stones2/2,"Aventurine, green.psd",x-photoshop,,,,,UNKNOWN
My Laptop/Files for Google share/book stuff/stones2/2,"Aventurine, red.jpg",jpeg,394,298,1.3,1.0,SCREEN-ONLY
My Laptop/Files for Google share/book stuff/stones2/2,"Aventurine, red.psd",x-photoshop,,,,,UNKNOWN
My Laptop/Files for Google share/book stuff/stones2/2,Azurite.jpg,jpeg,213,171,0.7,0.6,SCREEN-ONLY
My Laptop/Files for Google share/book stuff/stones2/2,Azurite.psd,x-photoshop,,,,,UNKNOWN
My Laptop/Files for Google share/book stuff/stones2/2,Bloodstone.jpg,jpeg,365,273,1.2,0.9,SCREEN-ONLY
My Laptop/Files for Google share/book stuff/stones2/2,Bloodstone.psd,x-photoshop,,,,,UNKNOWN
My Laptop/Files for Google share/book stuff/stones2/2,Brecciated jasper.jpg,jpeg,303,374,1.0,1.2,SCREEN-ONLY
My Laptop/Files for Google share/book stuff/stones2/2,Brecciated jasper.psd,x-photoshop,,,,,UNKNOWN
My Laptop/Files for Google share/book stuff/stones2/2,Bronzite.jpg,jpeg,363,274,1.2,0.9,SCREEN-ONLY
My Laptop/Files for Google share/book stuff/stones2/2,Bronzite.psd,x-photoshop,,,,,UNKNOWN
My Laptop/Files for Google share/book stuff/stones2/2,Calcite.jpg,jpeg,411,263,1.4,0.9,SCREEN-ONLY
My Laptop/Files for Google share/book stuff/stones2/2,Calcite.psd,x-photoshop,,,,,UNKNOWN
My Laptop/Files for Google share/book stuff/stones2/2,Carnelian.jpg,jpeg,379,245,1.3,0.8,SCREEN-ONLY
My Laptop/Files for Google share/book stuff/stones2/2,Carnelian.psd,x-photoshop,,,,,UNKNOWN
My Laptop/Files for Google share/book stuff/stones2/2,"Chalcedony, blue.jpg",jpeg,290,290,1.0,1.0,SCREEN-ONLY
My Laptop/Files for Google share/book stuff/stones2/2,"Chalcedony, blue.psd",x-photoshop,,,,,UNKNOWN
My Laptop/Files for Google share/book stuff/stones2/2,"Chalcedony, dendritic.jpg",jpeg,328,248,1.1,0.8,SCREEN-ONLY
My Laptop/Files for Google share/book stuff/stones2/2,"Chalcedony, dendritic.psd",x-photoshop,,,,,UNKNOWN
My Laptop/Files for Google share/book stuff/stones2/2,Charoite.jpg,jpeg,299,252,1.0,0.8,SCREEN-ONLY
My Laptop/Files for Google share/book stuff/stones2/2,Charoite.psd,x-photoshop,,,,,UNKNOWN
My Laptop/Files for Google share/book stuff/stones2/2,Chrome Diopside.jpg,jpeg,335,298,1.1,1.0,SCREEN-ONLY
My Laptop/Files for Google share/book stuff/stones2/2,Chrome Diopside.psd,x-photoshop,,,,,UNKNOWN
My Laptop/Files for Google share/book stuff/stones2/2,Chrysocolla.jpg,jpeg,337,226,1.1,0.8,SCREEN-ONLY
My Laptop/Files for Google share/book stuff/stones2/2,Chrysocolla.psd,x-photoshop,,,,,UNKNOWN
My Laptop/Files for Google share/book stuff/stones2/2,Chrysoprase.jpg,jpeg,386,290,1.3,1.0,SCREEN-ONLY
My Laptop/Files for Google share/book stuff/stones2/2,Chrysoprase.psd,x-photoshop,,,,,UNKNOWN
My Laptop/Files for Google share/book stuff/stones2/2,Citrine.jpg,jpeg,313,281,1.0,0.9,SCREEN-ONLY
My Laptop/Files for Google share/book stuff/stones2/2,Citrine.psd,x-photoshop,,,,,UNKNOWN
My Laptop/Files for Google share/book stuff/stones2/2,Copper.jpg,jpeg,335,276,1.1,0.9,SCREEN-ONLY
My Laptop/Files for Google share/book stuff/stones2/2,Copper.psd,x-photoshop,,,,,UNKNOWN
My Laptop/Files for Google share/book stuff/stones2/2,Diamond.jpg,jpeg,279,304,0.9,1.0,SCREEN-ONLY
My Laptop/Files for Google share/book stuff/stones2/2,Diamond.psd,x-photoshop,,,,,UNKNOWN
My Laptop/Files for Google share/book stuff/stones2/2,Dumortierite.jpg,jpeg,254,300,0.8,1.0,SCREEN-ONLY
My Laptop/Files for Google share/book stuff/stones2/2,Dumortierite.psd,x-photoshop,,,,,UNKNOWN
My Laptop/Files for Google share/book stuff/stones2/2,Emerald.jpg,jpeg,311,387,1.0,1.3,SCREEN-ONLY
My Laptop/Files for Google share/book stuff/stones2/2,Emerald.psd,x-photoshop,,,,,UNKNOWN
My Laptop/Files for Google share/book stuff/stones2/2,Emerald2.jpg,jpeg,318,360,1.1,1.2,SCREEN-ONLY
My Laptop/Files for Google share/book stuff/stones2/2,Emerald2.psd,x-photoshop,,,,,UNKNOWN
My Laptop/Files for Google share/book stuff/stones2/2,"Fluorite, purple.jpg",jpeg,430,306,1.4,1.0,SCREEN-ONLY
My Laptop/Files for Google share/book stuff/stones2/2,"Fluorite, purple.psd",x-photoshop,,,,,UNKNOWN
My Laptop/Files for Google share/book stuff/stones2/2,Gold2.jpg,jpeg,242,290,0.8,1.0,SCREEN-ONLY
My Laptop/Files for Google share/book stuff/stones2/2,Gold2.psd,x-photoshop,,,,,UNKNOWN
My Laptop/Files for Google share/book stuff/stones2/2,Hawk's eye.jpg,jpeg,300,288,1.0,1.0,SCREEN-ONLY
My Laptop/Files for Google share/book stuff/stones2/2,Hawk's eye.psd,x-photoshop,,,,,UNKNOWN
My Laptop/Files for Google share/book stuff/stones2/2,Hematite.jpg,jpeg,358,303,1.2,1.0,SCREEN-ONLY
My Laptop/Files for Google share/book stuff/stones2/2,Hematite.psd,x-photoshop,,,,,UNKNOWN
My Laptop/Files for Google share/book stuff/stones2/2,Herkimer diamond.jpg,jpeg,309,292,1.0,1.0,SCREEN-ONLY
My Laptop/Files for Google share/book stuff/stones2/2,Herkimer diamond.psd,x-photoshop,,,,,UNKNOWN
My Laptop/Files for Google share/book stuff/stones2/2,Irish marble icon.jpg,jpeg,400,296,1.3,1.0,SCREEN-ONLY
My Laptop/Files for Google share/book stuff/stones2/2,Irish marble icon.psd,x-photoshop,,,,,UNKNOWN
My Laptop/Files for Google share/book stuff/stones2/2,"Jasper, leopardskin.jpg",jpeg,346,323,1.2,1.1,SCREEN-ONLY
My Laptop/Files for Google share/book stuff/stones2/2,"Jasper, leopardskin.psd",x-photoshop,,,,,UNKNOWN
My Laptop/Files for Google share/book stuff/stones2/2,"Jasper, ocean.jpg",jpeg,373,276,1.2,0.9,SCREEN-ONLY
My Laptop/Files for Google share/book stuff/stones2/2,"Jasper, ocean.psd",x-photoshop,,,,,UNKNOWN
My Laptop/Files for Google share/book stuff/stones2/2,"Jasper, picture.jpg",jpeg,448,312,1.5,1.0,SCREEN-ONLY
My Laptop/Files for Google share/book stuff/stones2/2,"Jasper, picture.psd",x-photoshop,,,,,UNKNOWN
My Laptop/Files for Google share/book stuff/stones2/2,Kunzite.jpg,jpeg,433,291,1.4,1.0,SCREEN-ONLY
My Laptop/Files for Google share/book stuff/stones2/2,Kunzite.psd,x-photoshop,,,,,UNKNOWN
My Laptop/Files for Google share/book stuff/stones2/2,Kyanite.jpg,jpeg,372,306,1.2,1.0,SCREEN-ONLY
My Laptop/Files for Google share/book stuff/stones2/2,Kyanite.psd,x-photoshop,,,,,UNKNOWN
My Laptop/Files for Google share/book stuff/stones2/2,Labradorite.jpg,jpeg,391,297,1.3,1.0,SCREEN-ONLY
My Laptop/Files for Google share/book stuff/stones2/2,Labradorite.psd,x-photoshop,,,,,UNKNOWN
My Laptop/Files for Google share/book stuff/stones2/2,Lapis Lazuli.jpg,jpeg,427,328,1.4,1.1,SCREEN-ONLY
My Laptop/Files for Google share/book stuff/stones2/2,Lapis Lazuli.psd,x-photoshop,,,,,UNKNOWN
My Laptop/Files for Google share/book stuff/stones2/2,Larimar.jpg,jpeg,415,309,1.4,1.0,SCREEN-ONLY
My Laptop/Files for Google share/book stuff/stones2/2,Larimar.psd,x-photoshop,,,,,UNKNOWN
My Laptop/Files for Google share/book stuff/stones2/2,Lepidolite.jpg,jpeg,268,456,0.9,1.5,SCREEN-ONLY
My Laptop/Files for Google share/book stuff/stones2/2,Lepidolite.psd,x-photoshop,,,,,UNKNOWN
My Laptop/Files for Google share/book stuff/stones2/2,Malachite.jpg,jpeg,400,400,1.3,1.3,SCREEN-ONLY
My Laptop/Files for Google share/book stuff/stones2/2,Malachite.psd,x-photoshop,,,,,UNKNOWN
My Laptop/Files for Google share/book stuff/stones2/2,Moldavite.jpg,jpeg,374,280,1.2,0.9,SCREEN-ONLY
My Laptop/Files for Google share/book stuff/stones2/2,Moldavite.psd,x-photoshop,,,,,UNKNOWN
My Laptop/Files for Google share/book stuff/stones2/2,"Moonstone, rainbow.jpg",jpeg,396,325,1.3,1.1,SCREEN-ONLY
My Laptop/Files for Google share/book stuff/stones2/2,"Moonstone, rainbow.psd",x-photoshop,,,,,UNKNOWN
My Laptop/Files for Google share/book stuff/stones2/2,"Moonstone, white.jpg",jpeg,225,225,0.8,0.8,SCREEN-ONLY
My Laptop/Files for Google share/book stuff/stones2/2,"Moonstone, white.psd",x-photoshop,,,,,UNKNOWN
My Laptop/Files for Google share/book stuff/stones2/2,Morganite.jpg,jpeg,324,302,1.1,1.0,SCREEN-ONLY
My Laptop/Files for Google share/book stuff/stones2/2,Morganite.psd,x-photoshop,,,,,UNKNOWN
My Laptop/Files for Google share/book stuff/stones2/2,Moukaite.jpg,jpeg,371,248,1.2,0.8,SCREEN-ONLY
My Laptop/Files for Google share/book stuff/stones2/2,Moukaite.psd,x-photoshop,,,,,UNKNOWN
My Laptop/Files for Google share/book stuff/stones2/2,Multi tourmaline.jpg,jpeg,312,399,1.0,1.3,SCREEN-ONLY
My Laptop/Files for Google share/book stuff/stones2/2,Multi tourmaline.psd,x-photoshop,,,,,UNKNOWN
My Laptop/Files for Google share/book stuff/stones2/2,Muscovite.jpg,jpeg,399,264,1.3,0.9,SCREEN-ONLY
My Laptop/Files for Google share/book stuff/stones2/2,Muscovite.psd,x-photoshop,,,,,UNKNOWN
My Laptop/Files for Google share/book stuff/stones2/2,"Obsidian, gold sheen.jpg",jpeg,299,257,1.0,0.9,SCREEN-ONLY
My Laptop/Files for Google share/book stuff/stones2/2,"Obsidian, gold sheen.psd",x-photoshop,,,,,UNKNOWN
My Laptop/Files for Google share/book stuff/stones2/2,"Onyx, black.jpg",jpeg,422,317,1.4,1.1,SCREEN-ONLY
My Laptop/Files for Google share/book stuff/stones2/2,"Onyx, black.psd",x-photoshop,,,,,UNKNOWN
My Laptop/Files for Google share/book stuff/stones2/2,"Onyx, green.jpg",jpeg,396,310,1.3,1.0,SCREEN-ONLY
My Laptop/Files for Google share/book stuff/stones2/2,"Onyx, green.psd",x-photoshop,,,,,UNKNOWN
My Laptop/Files for Google share/book stuff/stones2/2,"Opal, fire.jpg",jpeg,387,384,1.3,1.3,SCREEN-ONLY
My Laptop/Files for Google share/book stuff/stones2/2,"Opal, fire.psd",x-photoshop,,,,,UNKNOWN
My Laptop/Files for Google share/book stuff/stones2/2,"Opal, peruvian blue.jpg",jpeg,416,332,1.4,1.1,SCREEN-ONLY
My Laptop/Files for Google share/book stuff/stones2/2,"Opal, peruvian blue.psd",x-photoshop,,,,,UNKNOWN
My Laptop/Files for Google share/book stuff/stones2/2,Pearl.jpg,jpeg,448,293,1.5,1.0,SCREEN-ONLY
My Laptop/Files for Google share/book stuff/stones2/2,Pearl.psd,x-photoshop,,,,,UNKNOWN
My Laptop/Files for Google share/book stuff/stones2/2,Peridot.jpg,jpeg,340,422,1.1,1.4,SCREEN-ONLY
My Laptop/Files for Google share/book stuff/stones2/2,Peridot.psd,x-photoshop,,,,,UNKNOWN
My Laptop/Files for Google share/book stuff/stones2/2,Petrified wood.jpg,jpeg,500,296,1.7,1.0,SCREEN-ONLY
My Laptop/Files for Google share/book stuff/stones2/2,Petrified wood.psd,x-photoshop,,,,,UNKNOWN
My Laptop/Files for Google share/book stuff/stones2/2,Pietersite.jpg,jpeg,500,305,1.7,1.0,SCREEN-ONLY
My Laptop/Files for Google share/book stuff/stones2/2,Pietersite.psd,x-photoshop,,,,,UNKNOWN
My Laptop/Files for Google share/book stuff/stones2/2,Prehnite.jpg,jpeg,250,316,0.8,1.1,SCREEN-ONLY
My Laptop/Files for Google share/book stuff/stones2/2,Prehnite.psd,x-photoshop,,,,,UNKNOWN
My Laptop/Files for Google share/book stuff/stones2/2,Pyrite.jpg,jpeg,320,337,1.1,1.1,SCREEN-ONLY
My Laptop/Files for Google share/book stuff/stones2/2,Pyrite.psd,x-photoshop,,,,,UNKNOWN
My Laptop/Files for Google share/book stuff/stones2/2,"Quartz, clear.jpg",jpeg,457,305,1.5,1.0,SCREEN-ONLY
My Laptop/Files for Google share/book stuff/stones2/2,"Quartz, clear.psd",x-photoshop,,,,,UNKNOWN
My Laptop/Files for Google share/book stuff/stones2/2,"Quartz, lepidocrocite.jpg",jpeg,570,570,1.9,1.9,SMALL-PRINT
My Laptop/Files for Google share/book stuff/stones2/2,Rainbow Obsidian.jpg,jpeg,217,179,0.7,0.6,SCREEN-ONLY
My Laptop/Files for Google share/book stuff/stones2/2,Rainbow Obsidian.psd,x-photoshop,,,,,UNKNOWN
My Laptop/Files for Google share/book stuff/stones2/2,Rhodonite2.jpg,jpeg,410,322,1.4,1.1,SCREEN-ONLY
My Laptop/Files for Google share/book stuff/stones2/2,Rhodonite2.psd,x-photoshop,,,,,UNKNOWN
My Laptop/Files for Google share/book stuff/stones2/2,Ruby.jpg,jpeg,408,376,1.4,1.3,SCREEN-ONLY
My Laptop/Files for Google share/book stuff/stones2/2,Ruby.psd,x-photoshop,,,,,UNKNOWN
My Laptop/Files for Google share/book stuff/stones2/2,Sapphire.jpg,jpeg,393,385,1.3,1.3,SCREEN-ONLY
My Laptop/Files for Google share/book stuff/stones2/2,Sapphire.psd,x-photoshop,,,,,UNKNOWN
My Laptop/Files for Google share/book stuff/stones2/2,Sard.jpg,jpeg,387,288,1.3,1.0,SCREEN-ONLY
My Laptop/Files for Google share/book stuff/stones2/2,Sard.psd,x-photoshop,,,,,UNKNOWN
My Laptop/Files for Google share/book stuff/stones2/2,Sardonyx.jpg,jpeg,445,306,1.5,1.0,SCREEN-ONLY
My Laptop/Files for Google share/book stuff/stones2/2,Sardonyx.psd,x-photoshop,,,,,UNKNOWN
My Laptop/Files for Google share/book stuff/stones2/2,Selenite.jpg,jpeg,311,280,1.0,0.9,SCREEN-ONLY
My Laptop/Files for Google share/book stuff/stones2/2,Selenite.psd,x-photoshop,,,,,UNKNOWN
My Laptop/Files for Google share/book stuff/stones2/2,Serpentine.jpg,jpeg,298,300,1.0,1.0,SCREEN-ONLY
My Laptop/Files for Google share/book stuff/stones2/2,Serpentine.psd,x-photoshop,,,,,UNKNOWN
My Laptop/Files for Google share/book stuff/stones2/2,Silver.jpg,jpeg,323,405,1.1,1.4,SCREEN-ONLY
My Laptop/Files for Google share/book stuff/stones2/2,Silver.psd,x-photoshop,,,,,UNKNOWN
My Laptop/Files for Google share/book stuff/stones2/2,Snowflake obsidian.jpg,jpeg,325,327,1.1,1.1,SCREEN-ONLY
My Laptop/Files for Google share/book stuff/stones2/2,Snowflake obsidian.psd,x-photoshop,,,,,UNKNOWN
My Laptop/Files for Google share/book stuff/stones2/2,Sodalite.jpg,jpeg,411,391,1.4,1.3,SCREEN-ONLY
My Laptop/Files for Google share/book stuff/stones2/2,Sodalite.psd,x-photoshop,,,,,UNKNOWN
My Laptop/Files for Google share/book stuff/stones2/2,Spessartite.jpg,jpeg,395,347,1.3,1.2,SCREEN-ONLY
My Laptop/Files for Google share/book stuff/stones2/2,Spessartite.psd,x-photoshop,,,,,UNKNOWN
My Laptop/Files for Google share/book stuff/stones2/2,Spinel.jpg,jpeg,392,296,1.3,1.0,SCREEN-ONLY
My Laptop/Files for Google share/book stuff/stones2/2,Spinel.psd,x-photoshop,,,,,UNKNOWN
My Laptop/Files for Google share/book stuff/stones2/2,Stonehenge bluestone.psd,x-photoshop,,,,,UNKNOWN
My Laptop/Files for Google share/book stuff/stones2/2,Tanzanite.jpg,jpeg,185,303,0.6,1.0,SCREEN-ONLY
My Laptop/Files for Google share/book stuff/stones2/2,Tanzanite.psd,x-photoshop,,,,,UNKNOWN
My Laptop/Files for Google share/book stuff/stones2/2,Untitled-1.psd,x-photoshop,,,,,UNKNOWN
My Laptop/Files for Google share/book stuff/stones2/2,"agate, moss.jpg",jpeg,400,321,1.3,1.1,SCREEN-ONLY
My Laptop/Files for Google share/book stuff/stones2/2,"agate, tree.jpg",jpeg,298,300,1.0,1.0,SCREEN-ONLY
My Laptop/Files for Google share/book stuff/stones2/2,alex.jpg,jpeg,333,333,1.1,1.1,SCREEN-ONLY
My Laptop/Files for Google share/book stuff/stones2/2,alex.psd,x-photoshop,,,,,UNKNOWN
My Laptop/Files for Google share/book stuff/stones2/2,amber.jpg,jpeg,434,319,1.4,1.1,SCREEN-ONLY
My Laptop/Files for Google share/book stuff/stones2/2,amber.psd,x-photoshop,,,,,UNKNOWN
My Laptop/Files for Google share/book stuff/stones2/2,ba2.jpg,jpeg,299,220,1.0,0.7,SCREEN-ONLY
My Laptop/Files for Google share/book stuff/stones2/2,ba2.psd,x-photoshop,,,,,UNKNOWN
My Laptop/Files for Google share/book stuff/stones2/2,ba3.jpg,jpeg,390,220,1.3,0.7,SCREEN-ONLY
My Laptop/Files for Google share/book stuff/stones2/2,ba3.psd,x-photoshop,,,,,UNKNOWN
My Laptop/Files for Google share/book stuff/stones2/2,cat's eye.jpg,jpeg,206,229,0.7,0.8,SCREEN-ONLY
My Laptop/Files for Google share/book stuff/stones2/2,cat's eye.psd,x-photoshop,,,,,UNKNOWN
My Laptop/Files for Google share/book stuff/stones2/2,copper2.jpg,jpeg,297,298,1.0,1.0,SCREEN-ONLY
My Laptop/Files for Google share/book stuff/stones2/2,copper2.psd,x-photoshop,,,,,UNKNOWN
My Laptop/Files for Google share/book stuff/stones2/2,firea.jpg,jpeg,353,350,1.2,1.2,SCREEN-ONLY
My Laptop/Files for Google share/book stuff/stones2/2,firea.psd,x-photoshop,,,,,UNKNOWN
My Laptop/Files for Google share/book stuff/stones2/2,"fluorite, green.jpg",jpeg,366,294,1.2,1.0,SCREEN-ONLY
My Laptop/Files for Google share/book stuff/stones2/2,"fluorite, green.psd",x-photoshop,,,,,UNKNOWN
My Laptop/Files for Google share/book stuff/stones2/2,"fluorite, rainbow.jpg",jpeg,225,225,0.8,0.8,SCREEN-ONLY
My Laptop/Files for Google share/book stuff/stones2/2,"fluorite, rainbow.psd",x-photoshop,,,,,UNKNOWN
My Laptop/Files for Google share/book stuff/stones2/2,hessonite.jpg,jpeg,400,256,1.3,0.9,SCREEN-ONLY
My Laptop/Files for Google share/book stuff/stones2/2,hessonite.psd,x-photoshop,,,,,UNKNOWN
My Laptop/Files for Google share/book stuff/stones2/2,iolite.jpg,jpeg,401,276,1.3,0.9,SCREEN-ONLY
My Laptop/Files for Google share/book stuff/stones2/2,iolite.psd,x-photoshop,,,,,UNKNOWN
My Laptop/Files for Google share/book stuff/stones2/2,jade.jpg,jpeg,378,280,1.3,0.9,SCREEN-ONLY
My Laptop/Files for Google share/book stuff/stones2/2,jade.psd,x-photoshop,,,,,UNKNOWN
My Laptop/Files for Google share/book stuff/stones2/2,moss.psd,x-photoshop,,,,,UNKNOWN
My Laptop/Files for Google share/book stuff/stones2/2,"opal, water.jpg",jpeg,318,359,1.1,1.2,SCREEN-ONLY
My Laptop/Files for Google share/book stuff/stones2/2,"opal, water.psd",x-photoshop,,,,,UNKNOWN
My Laptop/Files for Google share/book stuff/stones2/2,quartz rose.jpg,jpeg,421,330,1.4,1.1,SCREEN-ONLY
My Laptop/Files for Google share/book stuff/stones2/2,quartz rose.psd,x-photoshop,,,,,UNKNOWN
My Laptop/Files for Google share/book stuff/stones2/2,"quartz, rutilated.jpg",jpeg,200,262,0.7,0.9,SCREEN-ONLY
My Laptop/Files for Google share/book stuff/stones2/2,"quartz, rutilated.psd",x-photoshop,,,,,UNKNOWN
My Laptop/Files for Google share/book stuff/stones2/2,"quartz, tourmalinated.jpg",jpeg,448,336,1.5,1.1,SCREEN-ONLY
My Laptop/Files for Google share/book stuff/stones2/2,"quartz, tourmalinated.psd",x-photoshop,,,,,UNKNOWN
My Laptop/Files for Google share/book stuff/stones2/2,rhodochrosite.jpg,jpeg,313,324,1.0,1.1,SCREEN-ONLY
My Laptop/Files for Google share/book stuff/stones2/2,rhodochrosite.psd,x-photoshop,,,,,UNKNOWN
My Laptop/Files for Google share/book stuff/stones2/2,rhodonite.jpg,jpeg,468,309,1.6,1.0,SCREEN-ONLY
My Laptop/Files for Google share/book stuff/stones2/2,rhodonite.psd,x-photoshop,,,,,UNKNOWN
My Laptop/Files for Google share/book stuff/stones2/2,smoky quartz.jpg,jpeg,255,294,0.8,1.0,SCREEN-ONLY
My Laptop/Files for Google share/book stuff/stones2/2,smoky quartz.psd,x-photoshop,,,,,UNKNOWN
My Laptop/Files for Google share/book stuff/stones2/2,topaz.jpg,jpeg,320,379,1.1,1.3,SCREEN-ONLY
My Laptop/Files for Google share/book stuff/stones2/2,topaz.psd,x-photoshop,,,,,UNKNOWN
My Laptop/Files for Google share/book stuff/stones2/2,treea..psd,x-photoshop,,,,,UNKNOWN
My Laptop/Files for Google share/photography backdrops/-tier 3 vc&a  is prototype-,Screenshot 2026-07-06 at 20-53-28 Fascinating Egypt High Jewelry Collection copy.jpg,jpeg,2880,1515,9.6,5.0,CARD-READY
My Laptop/Files for Google share/photography backdrops/-tier 3 vc&a  is prototype-,Screenshot 2026-07-06 at 20-53-50 Fascinating Egypt High Jewelry Collection copy.jpg,jpeg,1777,1582,5.9,5.3,CARD-READY
My Laptop/Files for Google share/photography backdrops/-tier 3 vc&a  is prototype-,Screenshot 2026-07-06 at 20-54-29 Snowflake - Van Cleef & Arpels copy.jpg,jpeg,2880,1800,9.6,6.0,CARD-READY
My Laptop/Files for Google share/photography backdrops/Tier 1 -tiffany is prototypre-,2026_SPRING_BB_LP_BUTTERFLY_7x5 copy.jpg,jpeg,1280,915,4.3,3.0,SMALL-PRINT
My Laptop/Files for Google share/photography backdrops/Tier 1 -tiffany is prototypre-,Screenshot 2026-07-06 at 18-29-39 About Jean Schlumberger Tiffany & Co. US.jpg,jpeg,988,387,3.3,1.3,SCREEN-ONLY
My Laptop/Files for Google share/photography backdrops/Tier 2 -chaumet is prototype-,Screenshot 2026-07-06 at 19-01-13 History of the Maison Chaumet copy.jpg,jpeg,753,457,2.5,1.5,SCREEN-ONLY
My Laptop/Files for Google share/photography backdrops/Tier 2 -chaumet is prototype-,Screenshot 2026-07-06 at 19-01-13 History of the Maison Chaumet copy.png,png,753,457,2.5,1.5,SCREEN-ONLY
My Laptop/Files for Google share/photography backdrops/Tier 2 -chaumet is prototype-,Screenshot 2026-07-06 at 19-01-26 History of the Maison Chaumet copy.jpg,jpeg,775,777,2.6,2.6,SMALL-PRINT
My Laptop/Files for Google share/photography backdrops/Tier 2 -chaumet is prototype-,Screenshot 2026-07-06 at 19-01-47 History of the Maison Chaumet copy.jpg,jpeg,777,777,2.6,2.6,SMALL-PRINT
My Laptop/Files for Google share/photography backdrops/Tier 2 -chaumet is prototype-,Screenshot 2026-07-06 at 19-01-54 History of the Maison Chaumet copy.jpg,jpeg,775,777,2.6,2.6,SMALL-PRINT
My Laptop/Files for Google share/photography backdrops/Tier 2 -chaumet is prototype-,Screenshot 2026-07-06 at 19-15-24 Chapter 1 A Journey Through Nature High Jewellery Thematic 2026 Maison Chaumet copy.jpg,jpeg,387,585,1.3,1.9,SCREEN-ONLY
My Laptop/Files for Google share/photography backdrops/Tier 2 -chaumet is prototype-,Screenshot 2026-07-06 at 19-15-49 Chapter 1 A Journey Through Nature High Jewellery Thematic 2026 Maison Chaumet copy.jpg,jpeg,603,527,2.0,1.8,SMALL-PRINT
My Laptop/Files for Google share/photography backdrops/Tier 2 -chaumet is prototype-,Screenshot 2026-07-06 at 19-16-46 Chapter 1 A Journey Through Nature High Jewellery Thematic 2026 Maison Chaumet copy.jpg,jpeg,822,822,2.7,2.7,SMALL-PRINT
My Laptop/Files for Google share/site images/Old Inventory/cabs,Amber.jpg,jpeg,402,475,1.3,1.6,SCREEN-ONLY
My Laptop/Files for Google share/site images/Old Inventory/cabs,Garnet front.jpg,jpeg,332,454,1.1,1.5,SCREEN-ONLY
My Laptop/Files for Google share/site images/Old Inventory/cabs,Iolite front.jpg,jpeg,776,517,2.6,1.7,SMALL-PRINT
My Laptop/Files for Google share/site images/Old Inventory/cabs,Iolite side view.jpg,jpeg,440,280,1.5,0.9,SCREEN-ONLY
My Laptop/Files for Google share/site images/Old Inventory/cabs,Kilkenny marble front.jpg,jpeg,338,470,1.1,1.6,SCREEN-ONLY
My Laptop/Files for Google share/site images/Old Inventory/cabs,Kilkenny marble side view.jpg,jpeg,586,279,2.0,0.9,SCREEN-ONLY
My Laptop/Files for Google share/site images/Old Inventory/cabs,Large jasper.jpg,jpeg,1086,724,3.6,2.4,SMALL-PRINT
My Laptop/Files for Google share/site images/Old Inventory/cabs,Large rainbow moonstone front.jpg,jpeg,1035,724,3.5,2.4,SMALL-PRINT
My Laptop/Files for Google share/site images/Old Inventory/cabs,Large rainbow moonstone side view.jpg,jpeg,1086,724,3.6,2.4,SMALL-PRINT
My Laptop/Files for Google share/site images/Old Inventory/cabs,Medium orange labradorite.jpg,jpeg,1086,724,3.6,2.4,SMALL-PRINT
My Laptop/Files for Google share/site images/Old Inventory/cabs,Montana moss agate front.jpg,jpeg,576,518,1.9,1.7,SMALL-PRINT
My Laptop/Files for Google share/site images/Old Inventory/cabs,Preseli bluestone side.jpg,jpeg,664,367,2.2,1.2,SCREEN-ONLY
My Laptop/Files for Google share/site images/Old Inventory/cabs,jasper round medium.jpg,jpeg,1086,724,3.6,2.4,SMALL-PRINT
My Laptop/Files for Google share/site images/Old Inventory/cabs,labradorite green yellow close up.jpg,jpeg,980,724,3.3,2.4,SMALL-PRINT
My Laptop/Files for Google share/site images/Old Inventory/cabs,large rainbow obsidian.jpg,jpeg,948,724,3.2,2.4,SMALL-PRINT
My Laptop/Files for Google share/site images/Old Inventory/cabs,small orange labradorite cab.jpg,jpeg,1031,642,3.4,2.1,SMALL-PRINT
My Laptop/Files for Google share/site images/Old Inventory/cabs,star garnet cabochon.jpg,jpeg,1026,640,3.4,2.1,SMALL-PRINT
My Laptop/Files for Google share/site images/Old Inventory/earrings,"Garnet, gold.jpg",jpeg,2004,1880,6.7,6.3,CARD-READY
My Laptop/Files for Google share/site images/Old Inventory/earrings,"Garnet, spinel gold.jpg",jpeg,1868,1880,6.2,6.3,CARD-READY
My Laptop/Files for Google share/site images/Old Inventory/earrings,"Gold, pearl.jpg",jpeg,1904,1880,6.3,6.3,CARD-READY
My Laptop/Files for Google share/site images/Old Inventory/earrings,IMG_6066.JPG,jpeg,2816,1880,9.4,6.3,CARD-READY
My Laptop/Files for Google share/site images/Old Inventory/earrings,IMG_6082.JPG,jpeg,2816,1880,9.4,6.3,CARD-READY
My Laptop/Files for Google share/site images/Old Inventory/earrings,IMG_6108.JPG,jpeg,2816,1880,9.4,6.3,CARD-READY
My Laptop/Files for Google share/site images/Old Inventory/earrings,IMG_6150.JPG,jpeg,2816,1880,9.4,6.3,CARD-READY
My Laptop/Files for Google share/site images/Old Inventory/earrings,IMG_6153.JPG,jpeg,2816,1880,9.4,6.3,CARD-READY
My Laptop/Files for Google share/site images/Old Inventory/earrings,"Kyanite, tourmaline, gold.jpg",jpeg,1884,1880,6.3,6.3,CARD-READY
My Laptop/Files for Google share/site images/Old Inventory/earrings,"Pearls, chain, rose gold.jpg",jpeg,1816,1880,6.1,6.3,CARD-READY
My Laptop/Files for Google share/site images/Old Inventory/earrings,Silver peridot.jpg,jpeg,360,435,1.2,1.4,SCREEN-ONLY
My Laptop/Files for Google share/site images/Old Inventory/earrings,"Silver, pearl.jpg",jpeg,1868,1880,6.2,6.3,CARD-READY
My Laptop/Files for Google share/site images/Old Inventory/earrings,"Tourmaline, gold chain close up.jpg",jpeg,2360,1880,7.9,6.3,CARD-READY
My Laptop/Files for Google share/site images/Old Inventory/earrings,"Tourmaline, gold chain.jpg",jpeg,2520,1880,8.4,6.3,CARD-READY
My Laptop/Files for Google share/site images/Old Inventory/earrings,Viking.jpg,jpeg,317,378,1.1,1.3,SCREEN-ONLY
My Laptop/Files for Google share/site images/Old Inventory/earrings,"Watermelon tourmaline, gold.jpg",jpeg,2212,1880,7.4,6.3,CARD-READY
My Laptop/Files for Google share/site images/Old Inventory/earrings,"earrings, tourmaline.jpg",jpeg,309,423,1.0,1.4,SCREEN-ONLY
My Laptop/Files for Google share/site images/Old Inventory/earrings,"silver, amber.jpg",jpeg,1944,1880,6.5,6.3,CARD-READY
My Laptop/Files for Google share/site images/Old Inventory/earrings,watermelon chain.jpg,jpeg,2320,1880,7.7,6.3,CARD-READY
My Laptop/Files for Google share/site images/Old Inventory/leatherwork/leatherwork/12,12bbbg.JPG,jpeg,2624,1772,8.7,5.9,CARD-READY
My Laptop/Files for Google share/site images/Old Inventory/leatherwork/leatherwork/12,"black, 12, tourmaline.JPG",jpeg,2384,1484,7.9,4.9,CARD-READY
My Laptop/Files for Google share/site images/Old Inventory/leatherwork/leatherwork/12,br12.JPG,jpeg,2252,1676,7.5,5.6,CARD-READY
My Laptop/Files for Google share/site images/Old Inventory/leatherwork/leatherwork/12,copper.JPG,jpeg,2816,1880,9.4,6.3,CARD-READY
My Laptop/Files for Google share/site images/Old Inventory/leatherwork/leatherwork/12,grey12.JPG,jpeg,2336,1436,7.8,4.8,CARD-READY
My Laptop/Files for Google share/site images/Old Inventory/leatherwork/leatherwork/12,"thin, thick bbb n.JPG",jpeg,2816,1628,9.4,5.4,CARD-READY
My Laptop/Files for Google share/site images/Old Inventory/leatherwork/leatherwork/12,tree.JPG,jpeg,2336,1388,7.8,4.6,CARD-READY
My Laptop/Files for Google share/site images/Old Inventory/leatherwork/leatherwork/16,"green, black, 16.JPG",jpeg,2744,1724,9.1,5.7,CARD-READY
My Laptop/Files for Google share/site images/Old Inventory/leatherwork/leatherwork/16,n. bg.JPG,jpeg,2816,1616,9.4,5.4,CARD-READY
My Laptop/Files for Google share/site images/Old Inventory/leatherwork/leatherwork/24,bbb 24 b.JPG,jpeg,2696,1520,9.0,5.1,CARD-READY
My Laptop/Files for Google share/site images/Old Inventory/leatherwork/leatherwork/24,bbb 24.JPG,jpeg,2492,1496,8.3,5.0,CARD-READY
My Laptop/Files for Google share/site images/Old Inventory/leatherwork/leatherwork/24,"brown, grey, blue, 24.JPG",jpeg,2648,1616,8.8,5.4,CARD-READY
My Laptop/Files for Google share/site images/Old Inventory/leatherwork/leatherwork/24,gb.JPG,jpeg,2756,1616,9.2,5.4,CARD-READY
My Laptop/Files for Google share/site images/Old Inventory/leatherwork/leatherwork/24,"grey, black, green, 24.JPG",jpeg,2192,1532,7.3,5.1,CARD-READY
My Laptop/Files for Google share/site images/Old Inventory/leatherwork/leatherwork/8,Green.JPG,jpeg,2816,1880,9.4,6.3,CARD-READY
My Laptop/Files for Google share/site images/Old Inventory/leatherwork/leatherwork/8,"bb thick, thin.JPG",jpeg,2816,1520,9.4,5.1,CARD-READY
My Laptop/Files for Google share/site images/Old Inventory/leatherwork/leatherwork/8,bb.JPG,jpeg,2564,1220,8.5,4.1,CARD-READY
My Laptop/Files for Google share/site images/Old Inventory/leatherwork/leatherwork/8,black 8 altering.JPG,jpeg,2552,1580,8.5,5.3,CARD-READY
My Laptop/Files for Google share/site images/Old Inventory/leatherwork/leatherwork/8,black 8w.JPG,jpeg,2348,1664,7.8,5.5,CARD-READY
My Laptop/Files for Google share/site images/Old Inventory/leatherwork/leatherwork/8,black bracelet.JPG,jpeg,2516,1388,8.4,4.6,CARD-READY
My Laptop/Files for Google share/site images/Old Inventory/leatherwork/leatherwork/8,brown alt grey.JPG,jpeg,2456,1292,8.2,4.3,CARD-READY
My Laptop/Files for Google share/site images/Old Inventory/leatherwork/leatherwork/8,brown.JPG,jpeg,2816,1580,9.4,5.3,CARD-READY
My Laptop/Files for Google share/site images/Old Inventory/leatherwork/leatherwork/8,"g,b tt.JPG",jpeg,2612,1568,8.7,5.2,CARD-READY
My Laptop/Files for Google share/site images/Old Inventory/leatherwork/leatherwork/8,gb8.JPG,jpeg,2468,1388,8.2,4.6,CARD-READY
My Laptop/Files for Google share/site images/Old Inventory/leatherwork/leatherwork/8,green 8 dw.JPG,jpeg,2816,1412,9.4,4.7,CARD-READY
My Laptop/Files for Google share/site images/Old Inventory/leatherwork/leatherwork/8,"green, black b.JPG",jpeg,2612,1196,8.7,4.0,CARD-READY
My Laptop/Files for Google share/site images/Old Inventory/leatherwork/leatherwork/8,greenb.JPG,jpeg,2732,1364,9.1,4.5,CARD-READY
My Laptop/Files for Google share/site images/Old Inventory/leatherwork/leatherwork/8,grey black b.JPG,jpeg,2624,1208,8.7,4.0,CARD-READY
My Laptop/Files for Google share/site images/Old Inventory/leatherwork/leatherwork/8,grey bracelet.JPG,jpeg,2552,1436,8.5,4.8,CARD-READY
My Laptop/Files for Google share/site images/Old Inventory/leatherwork/leatherwork/8,grey.JPG,jpeg,2816,1880,9.4,6.3,CARD-READY
My Laptop/Files for Google share/site images/Old Inventory/leatherwork/leatherwork/8,light brown 8.JPG,jpeg,2396,1436,8.0,4.8,CARD-READY
My Laptop/Files for Google share/site images/Old Inventory/leatherwork/leatherwork/love,bglk.JPG,jpeg,2468,1436,8.2,4.8,CARD-READY
My Laptop/Files for Google share/site images/Old Inventory/leatherwork/leatherwork/love,green loveknot.JPG,jpeg,2720,1556,9.1,5.2,CARD-READY
My Laptop/Files for Google share/site images/Old Inventory/leatherwork/leatherwork/love,"love b,g.JPG",jpeg,2660,1736,8.9,5.8,CARD-READY
My Laptop/Files for Google share/site images/Old Inventory/leatherwork/leatherwork/love,"love,b.JPG",jpeg,2720,1460,9.1,4.9,CARD-READY
My Laptop/Files for Google share/site images/Old Inventory/leatherwork/leatherwork/multi,brown alt grey.JPG,jpeg,2456,1292,8.2,4.3,CARD-READY
My Laptop/Files for Google share/site images/Old Inventory/leatherwork/leatherwork/multi,"green, black b.JPG",jpeg,2612,1196,8.7,4.0,CARD-READY
My Laptop/Files for Google share/site images/Old Inventory/leatherwork/leatherwork/multi,grey black b.JPG,jpeg,2624,1208,8.7,4.0,CARD-READY
My Laptop/Files for Google share/site images/Old Inventory/necklaces,Arsenic and lace closeup.jpg,jpeg,3888,2592,13.0,8.6,POSTER-READY
My Laptop/Files for Google share/site images/Old Inventory/necklaces,"Chrysocolla, silver, amber.jpg",jpeg,728,485,2.4,1.6,SCREEN-ONLY
My Laptop/Files for Google share/site images/Old Inventory/necklaces,"Chrysocolla, tourmaline, silver, malachite.jpg",jpeg,657,445,2.2,1.5,SCREEN-ONLY
My Laptop/Files for Google share/site images/Old Inventory/necklaces,"Coral, silver, pearl.jpg",jpeg,803,555,2.7,1.9,SMALL-PRINT
My Laptop/Files for Google share/site images/Old Inventory/necklaces,Fluorite drops.jpg,jpeg,795,513,2.6,1.7,SMALL-PRINT
My Laptop/Files for Google share/site images/Old Inventory/necklaces,"Garnet, chain.jpg",jpeg,899,565,3.0,1.9,SMALL-PRINT
My Laptop/Files for Google share/site images/Old Inventory/necklaces,"Garnet, citrine and iolite in gold.jpg",jpeg,771,498,2.6,1.7,SCREEN-ONLY
My Laptop/Files for Google share/site images/Old Inventory/necklaces,"Garnet, silver closeup.jpg",jpeg,3888,2592,13.0,8.6,POSTER-READY
My Laptop/Files for Google share/site images/Old Inventory/necklaces,"Gold, amethyst, kyanite closeup.jpg",jpeg,3888,2592,13.0,8.6,POSTER-READY
My Laptop/Files for Google share/site images/Old Inventory/necklaces,"Gold, scapolite, and spinel.jpg",jpeg,782,495,2.6,1.6,SCREEN-ONLY
My Laptop/Files for Google share/site images/Old Inventory/necklaces,"Gold, tourmaline, apatite closeup.jpg",jpeg,3648,2432,12.2,8.1,POSTER-READY
My Laptop/Files for Google share/site images/Old Inventory/necklaces,IMG_7149.JPG,jpeg,3888,2592,13.0,8.6,POSTER-READY
My Laptop/Files for Google share/site images/Old Inventory/necklaces,"Jade, kyanite, chalcedony, silver.jpg",jpeg,722,466,2.4,1.6,SCREEN-ONLY
My Laptop/Files for Google share/site images/Old Inventory/necklaces,"Kyanite, apatite, rose gold.jpg",jpeg,800,555,2.7,1.9,SMALL-PRINT
My Laptop/Files for Google share/site images/Old Inventory/necklaces,"Labradorite, spinel, agate.jpg",jpeg,797,527,2.7,1.8,SMALL-PRINT
My Laptop/Files for Google share/site images/Old Inventory/necklaces,Lady of the Lake.jpg,jpeg,762,566,2.5,1.9,SMALL-PRINT
My Laptop/Files for Google share/site images/Old Inventory/necklaces,"Malachite, agate, silver.jpg",jpeg,705,429,2.4,1.4,SCREEN-ONLY
My Laptop/Files for Google share/site images/Old Inventory/necklaces,"Moonstone, chain.jpg",jpeg,849,566,2.8,1.9,SMALL-PRINT
My Laptop/Files for Google share/site images/Old Inventory/necklaces,"Moonstone, iolite closeup.jpg",jpeg,3664,2256,12.2,7.5,CARD-READY
My Laptop/Files for Google share/site images/Old Inventory/necklaces,Morrigan's Blessing.jpg,jpeg,2496,2064,8.3,6.9,CARD-READY
My Laptop/Files for Google share/site images/Old Inventory/necklaces,"Moss agate, smoky quartz, silver.jpg",jpeg,824,562,2.7,1.9,SMALL-PRINT
My Laptop/Files for Google share/site images/Old Inventory/necklaces,"Onyx, boulder opal, silver.jpg",jpeg,753,559,2.5,1.9,SMALL-PRINT
My Laptop/Files for Google share/site images/Old Inventory/necklaces,"Pearl, turquoise, silver, moonstone.jpg",jpeg,643,421,2.1,1.4,SCREEN-ONLY
My Laptop/Files for Google share/site images/Old Inventory/necklaces,Quartz points.jpg,jpeg,710,535,2.4,1.8,SMALL-PRINT
My Laptop/Files for Google share/site images/Old Inventory/necklaces,"Silver, variscite, tourmaline, agate.jpg",jpeg,769,595,2.6,2.0,SMALL-PRINT
My Laptop/Files for Google share/site images/Old Inventory/necklaces,"Tourmaline, apatite, gold.jpg",jpeg,591,399,2.0,1.3,SCREEN-ONLY
My Laptop/Files for Google share/site images/Old Inventory/necklaces,Triple moon.jpg,jpeg,711,454,2.4,1.5,SCREEN-ONLY
My Laptop/Files for Google share/site images/Old Inventory/necklaces,"Vermeil, opal, hessonite.jpg",jpeg,781,505,2.6,1.7,SMALL-PRINT
My Laptop/Files for Google share/site images/Old Inventory/necklaces,Watermelon Tourmaline closeup.jpg,jpeg,3888,2592,13.0,8.6,POSTER-READY
My Laptop/Files for Google share/site images/Old Inventory/necklaces,gothic beauty.jpg,jpeg,899,565,3.0,1.9,SMALL-PRINT
My Laptop/Files for Google share/site images/Old Inventory/necklaces,london blue.png,png,540,360,1.8,1.2,SCREEN-ONLY
My Laptop/Files for Google share/site images/Old Inventory/necklaces,opals.jpg,jpeg,960,634,3.2,2.1,SMALL-PRINT
My Laptop/Files for Google share/site images/Old Inventory/necklaces,points2.jpg,jpeg,795,513,2.6,1.7,SMALL-PRINT
My Laptop/Files for Google share/site images/Old Inventory/necklaces,tears of freya.jpg,jpeg,939,626,3.1,2.1,SMALL-PRINT
My Laptop/Files for Google share/site images/Old Inventory/necklaces,triple moon 1.jpg,jpeg,758,509,2.5,1.7,SMALL-PRINT
My Laptop/Files for Google share/site images/Old Inventory/necklaces,winter woods.jpg,jpeg,698,482,2.3,1.6,SCREEN-ONLY
Shared inn files/Geode Inn (Copy),Geode Inn — Emblem (Albedo).png,jpeg,1024,1024,3.4,3.4,SMALL-PRINT
Shared inn files/Geode Inn (Copy),Geode Inn — Emblem (Nigredo).png,jpeg,1024,1024,3.4,3.4,SMALL-PRINT
Shared inn files/Geode Inn (Copy),Geode Inn — Emblem (Philosopher_Stone).png,jpeg,1024,1024,3.4,3.4,SMALL-PRINT
Shared inn files/Geode Inn (Copy),Geode Inn — Emblem (Rubedo).png,jpeg,1024,1024,3.4,3.4,SMALL-PRINT
Shared inn files/Geode Inn (Copy),Geode Inn — Emblem Albedo (Stage 2).png,jpeg,1024,1024,3.4,3.4,SMALL-PRINT
Shared inn files/Geode Inn (Copy),Geode Inn — Emblem Citrinitas (Stage 3).png,jpeg,1024,1024,3.4,3.4,SMALL-PRINT
Shared inn files/Geode Inn (Copy),Geode Inn — Emblem Nigredo (Stage 1).png,jpeg,1024,1024,3.4,3.4,SMALL-PRINT
Shared inn files/Geode Inn (Copy),Geode Inn — Emblem Philosopher's Stone (Stage 5).png,jpeg,1024,1024,3.4,3.4,SMALL-PRINT
Shared inn files/Geode Inn (Copy),Geode Inn — Emblem Rubedo (Stage 4).png,jpeg,1024,1024,3.4,3.4,SMALL-PRINT
Shared inn files/Geode Inn (Copy),Geode Inn — Logo Concept (V1).png,jpeg,1024,1024,3.4,3.4,SMALL-PRINT
Shared inn files/Geode Inn (Copy),Geode Inn — Logo Concept (V2).png,jpeg,1024,1024,3.4,3.4,SMALL-PRINT
Shared inn files/Geode Inn (Copy),Geode Inn — Logo Concept (V4).png,jpeg,1024,1024,3.4,3.4,SMALL-PRINT
Shared inn files/Geode Inn (Copy),Geode Inn — Logo Concept V1 (Full Geode).png,jpeg,1024,1024,3.4,3.4,SMALL-PRINT
Shared inn files/Geode Inn (Copy),Geode Inn — Logo Concept V2 (Clean Gear-Tree).png,jpeg,1024,1024,3.4,3.4,SMALL-PRINT
Shared inn files/Geode Inn (Copy),Geode Inn — Official Logo (Hybrid).png,jpeg,1024,1024,3.4,3.4,SMALL-PRINT
Shared inn files/Geode Inn (Copy),Geode Inn — River the Sentinel (Concept Art).png,jpeg,1024,1024,3.4,3.4,SMALL-PRINT
Shared inn files/Geode Inn (Copy),Geode Inn — Viking Ship Mead Hall (Concept Art).png,jpeg,1024,1024,3.4,3.4,SMALL-PRINT
Shared inn files/Geode Inn (Copy)/04 — Zone Designs/Game emulator files/Bios/Ppsspp,7z.png,png,80,80,0.3,0.3,SCREEN-ONLY
Shared inn files/Geode Inn (Copy)/04 — Zone Designs/Game emulator files/Bios/Ppsspp,rargray.png,png,80,80,0.3,0.3,SCREEN-ONLY
Shared inn files/Geode Inn (Copy)/04 — Zone Designs/Game emulator files/Bios/Ppsspp,unknown.png,png,144,80,0.5,0.3,SCREEN-ONLY
Shared inn files/Geode Inn (Copy)/04 — Zone Designs/Game emulator files/Bios/Ppsspp,zip.png,png,80,80,0.3,0.3,SCREEN-ONLY
Shared inn files/Geode Inn (Copy)/04 — Zone Designs/Game emulator files/Drastic,DraStic.png,png,111,111,0.4,0.4,SCREEN-ONLY
Shared inn files/Geode Inn (Copy)/New file data,Geode Inn — Logo Concept (V2).png,jpeg,1024,1024,3.4,3.4,SMALL-PRINT
Shared inn files/Geode Inn (Copy)/New file data,Geode Inn — Logo Concept (V3).png,jpeg,1024,1024,3.4,3.4,SMALL-PRINT
Shared inn files/Geode Inn (Copy)/New file data,Geode Inn — Logo Concept V3 (Escher).png,jpeg,1024,1024,3.4,3.4,SMALL-PRINT
Shared inn files/Geode Inn (Copy)/New file data,Geode Inn — Logo Concept V3 (Escher).png,jpeg,1024,1024,3.4,3.4,SMALL-PRINT
Shared inn files/Geode Inn (Copy)/New file data,Geode Inn — Official Logo (Hybrid).png,jpeg,1024,1024,3.4,3.4,SMALL-PRINT
Shared inn files/Geode Inn (Copy)/New file data,drawing_hands_geode_logo.png,jpeg,1024,1024,3.4,3.4,SMALL-PRINT
Shared inn files/Geode Inn Gallery (Copy)/01 World Map Zones,andean_highlands.jpg,jpeg,1280,720,4.3,2.4,SMALL-PRINT
Shared inn files/Geode Inn Gallery (Copy)/01 World Map Zones,celtic_highlands.jpg,jpeg,1280,720,4.3,2.4,SMALL-PRINT
Shared inn files/Geode Inn Gallery (Copy)/01 World Map Zones,crossing_threshold.jpg,jpeg,1920,1080,6.4,3.6,CARD-READY
Shared inn files/Geode Inn Gallery (Copy)/01 World Map Zones,crystal_gardens.jpg,jpeg,1920,1080,6.4,3.6,CARD-READY
Shared inn files/Geode Inn Gallery (Copy)/01 World Map Zones,egyptian_desert.jpg,jpeg,1280,720,4.3,2.4,SMALL-PRINT
Shared inn files/Geode Inn Gallery (Copy)/01 World Map Zones,japanese_mountain_temple.jpg,jpeg,1280,720,4.3,2.4,SMALL-PRINT
Shared inn files/Geode Inn Gallery (Copy)/01 World Map Zones,norse_coast.jpg,jpeg,1920,1080,6.4,3.6,CARD-READY
Shared inn files/Geode Inn Gallery (Copy)/01 World Map Zones,parchment_world.jpg,jpeg,1280,720,4.3,2.4,SMALL-PRINT
Shared inn files/Geode Inn Gallery (Copy)/01 World Map Zones,stone_circle_chamber.jpg,jpeg,1280,720,4.3,2.4,SMALL-PRINT
Shared inn files/Geode Inn Gallery (Copy)/01 World Map Zones,stonehenge.jpg,jpeg,1280,720,4.3,2.4,SMALL-PRINT
Shared inn files/Geode Inn Gallery (Copy)/01 World Map Zones,summerlands.jpg,jpeg,1920,1080,6.4,3.6,CARD-READY
Shared inn files/Geode Inn Gallery (Copy)/01 World Map Zones,the_between.jpg,jpeg,1280,720,4.3,2.4,SMALL-PRINT
Shared inn files/Geode Inn Gallery (Copy)/01 World Map Zones,the_hollow.jpg,jpeg,1920,1080,6.4,3.6,CARD-READY
Shared inn files/Geode Inn Gallery (Copy)/01 World Map Zones,transylvanian_forest.jpg,jpeg,1280,720,4.3,2.4,SMALL-PRINT
Shared inn files/Geode Inn Gallery (Copy)/02 Inn Interior,mf_artisan_market.jpg,jpeg,1280,720,4.3,2.4,SMALL-PRINT
Shared inn files/Geode Inn Gallery (Copy)/02 Inn Interior,mf_central_hearth.jpg,jpeg,1920,1080,6.4,3.6,CARD-READY
Shared inn files/Geode Inn Gallery (Copy)/02 Inn Interior,mf_modern_legends.jpg,jpeg,1280,720,4.3,2.4,SMALL-PRINT
Shared inn files/Geode Inn Gallery (Copy)/02 Inn Interior,mf_modern_religions.jpg,jpeg,1280,720,4.3,2.4,SMALL-PRINT
Shared inn files/Geode Inn Gallery (Copy)/02 Inn Interior,st_alchemical_landing.jpg,jpeg,1280,720,4.3,2.4,SMALL-PRINT
Shared inn files/Geode Inn Gallery (Copy)/02 Inn Interior,st_alembic_window.jpg,jpeg,1920,1080,6.4,3.6,CARD-READY
Shared inn files/Geode Inn Gallery (Copy)/02 Inn Interior,st_transformation.jpg,jpeg,1920,1080,6.4,3.6,CARD-READY
Shared inn files/Geode Inn Gallery (Copy)/02 Inn Interior,up_allfathers_throne.jpg,jpeg,1280,720,4.3,2.4,SMALL-PRINT
Shared inn files/Geode Inn Gallery (Copy)/02 Inn Interior,up_ascension_canopy.jpg,jpeg,1280,720,4.3,2.4,SMALL-PRINT
Shared inn files/Geode Inn Gallery (Copy)/02 Inn Interior,up_cosmology_mural.jpg,jpeg,1280,720,4.3,2.4,SMALL-PRINT
Shared inn files/Geode Inn Gallery (Copy)/02 Inn Interior,up_planet_chamber.jpg,jpeg,1280,720,4.3,2.4,SMALL-PRINT
Shared inn files/Geode Inn Gallery (Copy)/03 Zone Frames,contact_sheet.jpg,jpeg,1660,1420,5.5,4.7,CARD-READY
Shared inn files/Geode Inn Gallery (Copy)/03 Zone Frames,frame_01.jpg,jpeg,2206,946,7.4,3.2,CARD-READY
Shared inn files/Geode Inn Gallery (Copy)/03 Zone Frames,frame_02.jpg,jpeg,2206,946,7.4,3.2,CARD-READY
Shared inn files/Geode Inn Gallery (Copy)/03 Zone Frames,frame_03.jpg,jpeg,2206,946,7.4,3.2,CARD-READY
Shared inn files/Geode Inn Gallery (Copy)/03 Zone Frames,frame_04.jpg,jpeg,2206,946,7.4,3.2,CARD-READY
Shared inn files/Geode Inn Gallery (Copy)/03 Zone Frames,frame_05.jpg,jpeg,2206,946,7.4,3.2,CARD-READY
Shared inn files/Geode Inn Gallery (Copy)/03 Zone Frames,frame_06.jpg,jpeg,2206,946,7.4,3.2,CARD-READY
Shared inn files/Geode Inn Gallery (Copy)/03 Zone Frames,frame_07.jpg,jpeg,2206,946,7.4,3.2,CARD-READY
Shared inn files/Geode Inn Gallery (Copy)/03 Zone Frames,frame_08.jpg,jpeg,2206,946,7.4,3.2,CARD-READY
Shared inn files/Geode Inn Gallery (Copy)/03 Zone Frames,zone_fae_crystal_gardens.jpg,jpeg,1920,1080,6.4,3.6,CARD-READY
Shared inn files/Geode Inn Gallery (Copy)/03 Zone Frames,zone_fae_hollow.jpg,jpeg,1920,1080,6.4,3.6,CARD-READY
Shared inn files/Geode Inn Gallery (Copy)/03 Zone Frames,zone_fae_stone_circle.jpg,jpeg,1280,720,4.3,2.4,SMALL-PRINT
Shared inn files/Geode Inn Gallery (Copy)/03 Zone Frames,zone_fae_summerlands.jpg,jpeg,1920,1080,6.4,3.6,CARD-READY
Shared inn files/Geode Inn Gallery (Copy)/03 Zone Frames,zone_fae_the_between.jpg,jpeg,1280,720,4.3,2.4,SMALL-PRINT
Shared inn files/Geode Inn Gallery (Copy)/03 Zone Frames,zone_fae_threshold.jpg,jpeg,1920,1080,6.4,3.6,CARD-READY
Shared inn files/Geode Inn Gallery (Copy)/03 Zone Frames,zone_mf_artisan_market.jpg,jpeg,1280,720,4.3,2.4,SMALL-PRINT
Shared inn files/Geode Inn Gallery (Copy)/03 Zone Frames,zone_mf_central_hearth.jpg,jpeg,1920,1080,6.4,3.6,CARD-READY
Shared inn files/Geode Inn Gallery (Copy)/03 Zone Frames,zone_mf_modern_legends.jpg,jpeg,1280,720,4.3,2.4,SMALL-PRINT
Shared inn files/Geode Inn Gallery (Copy)/03 Zone Frames,zone_mf_modern_religions.jpg,jpeg,1280,720,4.3,2.4,SMALL-PRINT
Shared inn files/Geode Inn Gallery (Copy)/03 Zone Frames,zone_origin_story.jpg,jpeg,640,360,2.1,1.2,SCREEN-ONLY
Shared inn files/Geode Inn Gallery (Copy)/03 Zone Frames,zone_st_alchemical_landing.jpg,jpeg,1280,720,4.3,2.4,SMALL-PRINT
Shared inn files/Geode Inn Gallery (Copy)/03 Zone Frames,zone_st_alembic_window.jpg,jpeg,1920,1080,6.4,3.6,CARD-READY
Shared inn files/Geode Inn Gallery (Copy)/03 Zone Frames,zone_st_transformation.jpg,jpeg,1920,1080,6.4,3.6,CARD-READY
Shared inn files/Geode Inn Gallery (Copy)/03 Zone Frames,zone_up_allfathers_throne.jpg,jpeg,1280,720,4.3,2.4,SMALL-PRINT
Shared inn files/Geode Inn Gallery (Copy)/03 Zone Frames,zone_up_ascension_canopy.jpg,jpeg,1280,720,4.3,2.4,SMALL-PRINT
Shared inn files/Geode Inn Gallery (Copy)/03 Zone Frames,zone_up_cosmology_mural.jpg,jpeg,1280,720,4.3,2.4,SMALL-PRINT
Shared inn files/Geode Inn Gallery (Copy)/03 Zone Frames,zone_up_planet_chamber.jpg,jpeg,1280,720,4.3,2.4,SMALL-PRINT
Shared inn files/Geode Inn Gallery (Copy)/03 Zone Frames,zone_wm_andean_highlands.jpg,jpeg,1280,720,4.3,2.4,SMALL-PRINT
Shared inn files/Geode Inn Gallery (Copy)/03 Zone Frames,zone_wm_celtic_highlands.jpg,jpeg,1280,720,4.3,2.4,SMALL-PRINT
Shared inn files/Geode Inn Gallery (Copy)/03 Zone Frames,zone_wm_egyptian_desert.jpg,jpeg,1280,720,4.3,2.4,SMALL-PRINT
Shared inn files/Geode Inn Gallery (Copy)/03 Zone Frames,zone_wm_japanese_temple.jpg,jpeg,1280,720,4.3,2.4,SMALL-PRINT
Shared inn files/Geode Inn Gallery (Copy)/03 Zone Frames,zone_wm_norse_coast.jpg,jpeg,1920,1080,6.4,3.6,CARD-READY
Shared inn files/Geode Inn Gallery (Copy)/03 Zone Frames,zone_wm_parchment_world.jpg,jpeg,1280,720,4.3,2.4,SMALL-PRINT
Shared inn files/Geode Inn Gallery (Copy)/03 Zone Frames,zone_wm_stonehenge.jpg,jpeg,1280,720,4.3,2.4,SMALL-PRINT
Shared inn files/Geode Inn Gallery (Copy)/03 Zone Frames,zone_wm_transylvanian_forest.jpg,jpeg,1280,720,4.3,2.4,SMALL-PRINT
Shared inn files/Geode Inn Gallery (Copy)/04 Catacomb Frames,catacombs_1-1_mid.jpg,jpeg,2206,946,7.4,3.2,CARD-READY
Shared inn files/Geode Inn Gallery (Copy)/04 Catacomb Frames,catacombs_1-1_review.jpg,jpeg,2206,946,7.4,3.2,CARD-READY
Shared inn files/Geode Inn Gallery (Copy)/04 Catacomb Frames,catacombs_1-2_mid.jpg,jpeg,2206,946,7.4,3.2,CARD-READY
Shared inn files/Geode Inn Gallery (Copy)/04 Catacomb Frames,catacombs_2-1_mid.jpg,jpeg,1280,720,4.3,2.4,SMALL-PRINT
Shared inn files/Geode Inn Gallery (Copy)/04 Catacomb Frames,catacombs_2-1_review.jpg,jpeg,1280,720,4.3,2.4,SMALL-PRINT
Shared inn files/Geode Inn Gallery (Copy)/04 Catacomb Frames,catacombs_2-2_mid.jpg,jpeg,1280,720,4.3,2.4,SMALL-PRINT
Shared inn files/Geode Inn Gallery (Copy)/04 Catacomb Frames,catacombs_3-1_mid.jpg,jpeg,1280,720,4.3,2.4,SMALL-PRINT
Shared inn files/Geode Inn Gallery (Copy)/04 Catacomb Frames,catacombs_3-1_review.jpg,jpeg,1280,720,4.3,2.4,SMALL-PRINT
Shared inn files/Geode Inn Gallery (Copy)/04 Catacomb Frames,catacombs_3-2_mid.jpg,jpeg,1280,720,4.3,2.4,SMALL-PRINT
Shared inn files/Geode Inn Gallery (Copy)/04 Catacomb Frames,catacombs_4-1_mid.jpg,jpeg,1280,720,4.3,2.4,SMALL-PRINT
Shared inn files/Geode Inn Gallery (Copy)/04 Catacomb Frames,catacombs_4-1_review.jpg,jpeg,1280,720,4.3,2.4,SMALL-PRINT
Shared inn files/Geode Inn Gallery (Copy)/04 Catacomb Frames,catacombs_4-2_mid.jpg,jpeg,1280,720,4.3,2.4,SMALL-PRINT
Shared inn files/Geode Inn Gallery (Copy)/04 Catacomb Frames,catacombs_5-1_mid.jpg,jpeg,1280,720,4.3,2.4,SMALL-PRINT
Shared inn files/Geode Inn Gallery (Copy)/04 Catacomb Frames,catacombs_5-1_review.jpg,jpeg,1280,720,4.3,2.4,SMALL-PRINT
Shared inn files/Geode Inn Gallery (Copy)/04 Catacomb Frames,catacombs_5-2_mid.jpg,jpeg,1280,720,4.3,2.4,SMALL-PRINT
Shared inn files/Geode Inn Gallery (Copy)/04 Catacomb Frames,catacombs_6-1_mid.jpg,jpeg,1280,720,4.3,2.4,SMALL-PRINT
Shared inn files/Geode Inn Gallery (Copy)/04 Catacomb Frames,catacombs_6-1_review.jpg,jpeg,1280,720,4.3,2.4,SMALL-PRINT
Shared inn files/Geode Inn Gallery (Copy)/04 Catacomb Frames,catacombs_6-2_mid.jpg,jpeg,1280,720,4.3,2.4,SMALL-PRINT
Shared inn files/Geode Inn Gallery (Copy)/04 Catacomb Frames,catacombs_7-1_mid.jpg,jpeg,1280,720,4.3,2.4,SMALL-PRINT
Shared inn files/Geode Inn Gallery (Copy)/04 Catacomb Frames,catacombs_7-1_review.jpg,jpeg,1280,720,4.3,2.4,SMALL-PRINT
Shared inn files/Geode Inn Gallery (Copy)/04 Catacomb Frames,catacombs_8-1_mid.jpg,jpeg,1280,720,4.3,2.4,SMALL-PRINT
Shared inn files/Geode Inn Gallery (Copy)/04 Catacomb Frames,catacombs_8-1_review.jpg,jpeg,1280,720,4.3,2.4,SMALL-PRINT
Shared inn files/Geode Inn Gallery (Copy)/04 Catacomb Frames,catacombs_8-2_mid.jpg,jpeg,1280,720,4.3,2.4,SMALL-PRINT
Shared inn files/Geode Inn Gallery (Copy)/04 Catacomb Frames,frame_01.jpg,jpeg,2206,946,7.4,3.2,CARD-READY
Shared inn files/Geode Inn Gallery (Copy)/04 Catacomb Frames,frame_02.jpg,jpeg,2206,946,7.4,3.2,CARD-READY
Shared inn files/Geode Inn Gallery (Copy)/04 Catacomb Frames,frame_03.jpg,jpeg,2206,946,7.4,3.2,CARD-READY
Shared inn files/Geode Inn Gallery (Copy)/04 Catacomb Frames,frame_04.jpg,jpeg,2206,946,7.4,3.2,CARD-READY
Shared inn files/Geode Inn Gallery (Copy)/04 Catacomb Frames,frame_05.jpg,jpeg,2206,946,7.4,3.2,CARD-READY
Shared inn files/Geode Inn Gallery (Copy)/05 Fae Kingdom,fae_crystal_gardens_mid.jpg,jpeg,1920,1080,6.4,3.6,CARD-READY
Shared inn files/Geode Inn Gallery (Copy)/05 Fae Kingdom,fae_hollow_mid.jpg,jpeg,1920,1080,6.4,3.6,CARD-READY
Shared inn files/Geode Inn Gallery (Copy)/05 Fae Kingdom,fae_stone_circle_mid.jpg,jpeg,1280,720,4.3,2.4,SMALL-PRINT
Shared inn files/Geode Inn Gallery (Copy)/05 Fae Kingdom,fae_summerlands_mid.jpg,jpeg,1920,1080,6.4,3.6,CARD-READY
Shared inn files/Geode Inn Gallery (Copy)/05 Fae Kingdom,fae_the_between_mid.jpg,jpeg,1280,720,4.3,2.4,SMALL-PRINT
Shared inn files/Geode Inn Gallery (Copy)/05 Fae Kingdom,fae_threshold_mid.jpg,jpeg,1920,1080,6.4,3.6,CARD-READY
Shared inn files/Geode Inn Gallery (Copy)/06 Main Floor,mf_artisan_market_mid.jpg,jpeg,1280,720,4.3,2.4,SMALL-PRINT
Shared inn files/Geode Inn Gallery (Copy)/06 Main Floor,mf_central_hearth_mid.jpg,jpeg,1920,1080,6.4,3.6,CARD-READY
Shared inn files/Geode Inn Gallery (Copy)/06 Main Floor,mf_modern_legends_mid.jpg,jpeg,1280,720,4.3,2.4,SMALL-PRINT
Shared inn files/Geode Inn Gallery (Copy)/06 Main Floor,mf_modern_religions_mid.jpg,jpeg,1280,720,4.3,2.4,SMALL-PRINT
Shared inn files/Geode Inn Gallery (Copy)/07 Staircase,st_alchemical_landing_mid.jpg,jpeg,1280,720,4.3,2.4,SMALL-PRINT
Shared inn files/Geode Inn Gallery (Copy)/07 Staircase,st_alembic_window_mid.jpg,jpeg,1920,1080,6.4,3.6,CARD-READY
Shared inn files/Geode Inn Gallery (Copy)/07 Staircase,st_transformation_mid.jpg,jpeg,1920,1080,6.4,3.6,CARD-READY
Shared inn files/Geode Inn Gallery (Copy)/08 Cosmology Upstairs,up_allfathers_throne_mid.jpg,jpeg,1280,720,4.3,2.4,SMALL-PRINT
Shared inn files/Geode Inn Gallery (Copy)/08 Cosmology Upstairs,up_ascension_canopy_mid.jpg,jpeg,1280,720,4.3,2.4,SMALL-PRINT
Shared inn files/Geode Inn Gallery (Copy)/08 Cosmology Upstairs,up_cosmology_mural_mid.jpg,jpeg,1280,720,4.3,2.4,SMALL-PRINT
Shared inn files/Geode Inn Gallery (Copy)/08 Cosmology Upstairs,up_planet_chamber_mid.jpg,jpeg,1280,720,4.3,2.4,SMALL-PRINT
Shared inn files/Geode Inn Gallery (Copy)/09 World Map,wm_andean_highlands_mid.jpg,jpeg,1280,720,4.3,2.4,SMALL-PRINT
Shared inn files/Geode Inn Gallery (Copy)/09 World Map,wm_celtic_highlands_mid.jpg,jpeg,1280,720,4.3,2.4,SMALL-PRINT
Shared inn files/Geode Inn Gallery (Copy)/09 World Map,wm_egyptian_desert_mid.jpg,jpeg,1280,720,4.3,2.4,SMALL-PRINT
Shared inn files/Geode Inn Gallery (Copy)/09 World Map,wm_japanese_temple_mid.jpg,jpeg,1280,720,4.3,2.4,SMALL-PRINT
Shared inn files/Geode Inn Gallery (Copy)/09 World Map,wm_norse_coast_mid.jpg,jpeg,1920,1080,6.4,3.6,CARD-READY
Shared inn files/Geode Inn Gallery (Copy)/09 World Map,wm_parchment_world_mid.jpg,jpeg,1280,720,4.3,2.4,SMALL-PRINT
Shared inn files/Geode Inn Gallery (Copy)/09 World Map,wm_stonehenge_mid.jpg,jpeg,1280,720,4.3,2.4,SMALL-PRINT
Shared inn files/Geode Inn Gallery (Copy)/09 World Map,wm_transylvanian_forest_mid.jpg,jpeg,1280,720,4.3,2.4,SMALL-PRINT
Shared inn files/Geode Inn Gallery (Copy)/10 Origin Story,origin_story_mid.jpg,jpeg,640,360,2.1,1.2,SCREEN-ONLY
Shared inn files/Geode Inn Gallery (Copy)/11 Character Concepts,10_ammit_the_devourer.png,jpeg,1024,1024,3.4,3.4,SMALL-PRINT
Shared inn files/Geode Inn Gallery (Copy)/11 Character Concepts,11_anubis_the_guide.png,jpeg,1024,1024,3.4,3.4,SMALL-PRINT
Shared inn files/Geode Inn Gallery (Copy)/11 Character Concepts,12_el_muki.png,jpeg,1024,1024,3.4,3.4,SMALL-PRINT
Shared inn files/Geode Inn Gallery (Copy)/11 Character Concepts,13_medusa.png,jpeg,1024,1024,3.4,3.4,SMALL-PRINT
Shared inn files/Geode Inn Gallery (Copy)/11 Character Concepts,14_quetzalcoatl.png,jpeg,1024,1024,3.4,3.4,SMALL-PRINT
Shared inn files/Geode Inn Gallery (Copy)/11 Character Concepts,15_djinn.png,jpeg,1024,1024,3.4,3.4,SMALL-PRINT
Shared inn files/Geode Inn Gallery (Copy)/11 Character Concepts,16_kitsune.png,jpeg,1024,1024,3.4,3.4,SMALL-PRINT
Shared inn files/Geode Inn Gallery (Copy)/11 Character Concepts,17_naga.png,jpeg,1024,1024,3.4,3.4,SMALL-PRINT
Shared inn files/Geode Inn Gallery (Copy)/11 Character Concepts,18_moai_spirit.png,jpeg,1024,1024,3.4,3.4,SMALL-PRINT
Shared inn files/Geode Inn Gallery (Copy)/11 Character Concepts,19_chullachaqui.png,jpeg,1024,1024,3.4,3.4,SMALL-PRINT
Shared inn files/Geode Inn Gallery (Copy)/11 Character Concepts,1_seelie_fae_summer_court.png,jpeg,1024,1024,3.4,3.4,SMALL-PRINT
Shared inn files/Geode Inn Gallery (Copy)/11 Character Concepts,20_mermaid_npc.png,jpeg,1024,1024,3.4,3.4,SMALL-PRINT
Shared inn files/Geode Inn Gallery (Copy)/11 Character Concepts,21_orc_guard.png,jpeg,1024,1024,3.4,3.4,SMALL-PRINT
Shared inn files/Geode Inn Gallery (Copy)/11 Character Concepts,22_bastet.png,jpeg,1024,1024,3.4,3.4,SMALL-PRINT
Shared inn files/Geode Inn Gallery (Copy)/11 Character Concepts,23_the_owl_full_presence.png,jpeg,1024,1024,3.4,3.4,SMALL-PRINT
Shared inn files/Geode Inn Gallery (Copy)/11 Character Concepts,24_the_wanderer_odin__approachable_form.png,jpeg,1024,1024,3.4,3.4,SMALL-PRINT
Shared inn files/Geode Inn Gallery (Copy)/11 Character Concepts,25_the_allfather_odin__authoritative_form.png,jpeg,1024,1024,3.4,3.4,SMALL-PRINT
Shared inn files/Geode Inn Gallery (Copy)/11 Character Concepts,26_the_architect_of_stairs_unseelie_court__the_maze_maker.png,jpeg,1024,1024,3.4,3.4,SMALL-PRINT
Shared inn files/Geode Inn Gallery (Copy)/11 Character Concepts,26_the_scholar_cthulhu__ambulatory_patron.png,jpeg,1024,1024,3.4,3.4,SMALL-PRINT
Shared inn files/Geode Inn Gallery (Copy)/11 Character Concepts,27_the_cabbit_cosmology_level__the_pirates_vessel.png,jpeg,1024,1024,3.4,3.4,SMALL-PRINT
Shared inn files/Geode Inn Gallery (Copy)/11 Character Concepts,2_unseelie_fae_winter_court.png,jpeg,1024,1024,3.4,3.4,SMALL-PRINT
Shared inn files/Geode Inn Gallery (Copy)/11 Character Concepts,3_the_morrigan.png,jpeg,1024,1024,3.4,3.4,SMALL-PRINT
Shared inn files/Geode Inn Gallery (Copy)/11 Character Concepts,4_goblin_merchant.png,jpeg,1024,1024,3.4,3.4,SMALL-PRINT
Shared inn files/Geode Inn Gallery (Copy)/11 Character Concepts,5_troll_gatekeeper.png,jpeg,1024,1024,3.4,3.4,SMALL-PRINT
Shared inn files/Geode Inn Gallery (Copy)/11 Character Concepts,6_dwarf_blacksmith_thorin-inspired.png,jpeg,1024,1024,3.4,3.4,SMALL-PRINT
Shared inn files/Geode Inn Gallery (Copy)/11 Character Concepts,7_ent_guardian.png,jpeg,1024,1024,3.4,3.4,SMALL-PRINT
Shared inn files/Geode Inn Gallery (Copy)/11 Character Concepts,8_griffin_boss.png,jpeg,1024,1024,3.4,3.4,SMALL-PRINT
Shared inn files/Geode Inn Gallery (Copy)/11 Character Concepts,9_anansi_the_trickster.png,jpeg,1024,1024,3.4,3.4,SMALL-PRINT
Shared inn files/Geode Inn Gallery (Copy)/11 Character Concepts,Beverley — Original Portrait (Alt).png,jpeg,1024,1024,3.4,3.4,SMALL-PRINT
Shared inn files/Geode Inn Gallery (Copy)/11 Character Concepts,Firekeeper — Early Portrait (Alt).png,jpeg,1024,1024,3.4,3.4,SMALL-PRINT
Shared inn files/Geode Inn Gallery (Copy)/11 Character Concepts,Jakob — Batch 2 Version (Alt).png,jpeg,1024,1024,3.4,3.4,SMALL-PRINT
Shared inn files/Geode Inn Gallery (Copy)/11 Character Concepts,Jay + Wolf — Batch 2 Version (Alt).png,jpeg,1024,1024,3.4,3.4,SMALL-PRINT
Shared inn files/Geode Inn Gallery (Copy)/11 Character Concepts,Jay — First Tavern Concept (Alt).png,jpeg,1024,1024,3.4,3.4,SMALL-PRINT
Shared inn files/Geode Inn Gallery (Copy)/11 Character Concepts,Jeweler — Early Dani Concept (Alt).png,jpeg,1024,1024,3.4,3.4,SMALL-PRINT
Shared inn files/Geode Inn Gallery (Copy)/11 Character Concepts,Librarian — Original Accidental Creation (Alt).png,jpeg,1024,1024,3.4,3.4,SMALL-PRINT
Shared inn files/Geode Inn Gallery (Copy)/11 Character Concepts,sentinel_concept.png,jpeg,1024,1024,3.4,3.4,SMALL-PRINT
Shared inn files/Geode Inn Gallery (Copy)/11 Character Concepts,w10_selkie.png,jpeg,1024,1024,3.4,3.4,SMALL-PRINT
Shared inn files/Geode Inn Gallery (Copy)/11 Character Concepts,w11_afanc.png,jpeg,1024,1024,3.4,3.4,SMALL-PRINT
Shared inn files/Geode Inn Gallery (Copy)/11 Character Concepts,w12_mokele-mbembe.png,jpeg,1024,1024,3.4,3.4,SMALL-PRINT
Shared inn files/Geode Inn Gallery (Copy)/11 Character Concepts,w13_ninki_nanka.png,jpeg,1024,1024,3.4,3.4,SMALL-PRINT
Shared inn files/Geode Inn Gallery (Copy)/11 Character Concepts,w14_inkanyamba.png,jpeg,1024,1024,3.4,3.4,SMALL-PRINT
Shared inn files/Geode Inn Gallery (Copy)/11 Character Concepts,w15_arwe_the_serpent.png,jpeg,1024,1024,3.4,3.4,SMALL-PRINT
Shared inn files/Geode Inn Gallery (Copy)/11 Character Concepts,w16_the_ningen.png,jpeg,1024,1024,3.4,3.4,SMALL-PRINT
Shared inn files/Geode Inn Gallery (Copy)/11 Character Concepts,w17_rusalka.png,jpeg,1024,1024,3.4,3.4,SMALL-PRINT
Shared inn files/Geode Inn Gallery (Copy)/11 Character Concepts,w18_the_lorelei.png,jpeg,1024,1024,3.4,3.4,SMALL-PRINT
Shared inn files/Geode Inn Gallery (Copy)/11 Character Concepts,w19_draugen.png,jpeg,1024,1024,3.4,3.4,SMALL-PRINT
Shared inn files/Geode Inn Gallery (Copy)/11 Character Concepts,w1_nessie_loch_ness_monster.png,jpeg,1024,1024,3.4,3.4,SMALL-PRINT
Shared inn files/Geode Inn Gallery (Copy)/11 Character Concepts,w20_the_tarasque.png,jpeg,1024,1024,3.4,3.4,SMALL-PRINT
Shared inn files/Geode Inn Gallery (Copy)/11 Character Concepts,w21_the_lindwurm_of_klagenfurt.png,jpeg,1024,1024,3.4,3.4,SMALL-PRINT
Shared inn files/Geode Inn Gallery (Copy)/11 Character Concepts,w22_the_wawel_dragon_smok_wawelski.png,jpeg,1024,1024,3.4,3.4,SMALL-PRINT
Shared inn files/Geode Inn Gallery (Copy)/11 Character Concepts,w23_tiddalik_the_frog.png,jpeg,1024,1024,3.4,3.4,SMALL-PRINT
Shared inn files/Geode Inn Gallery (Copy)/11 Character Concepts,w24_the_rainbow_serpent.png,jpeg,1024,1024,3.4,3.4,SMALL-PRINT
Shared inn files/Geode Inn Gallery (Copy)/11 Character Concepts,w25_tompondrano.png,jpeg,1024,1024,3.4,3.4,SMALL-PRINT
Shared inn files/Geode Inn Gallery (Copy)/11 Character Concepts,w26_the_rannamaari.png,jpeg,1024,1024,3.4,3.4,SMALL-PRINT
Shared inn files/Geode Inn Gallery (Copy)/11 Character Concepts,w27_the_altamaha-ha.png,jpeg,1024,1024,3.4,3.4,SMALL-PRINT
Shared inn files/Geode Inn Gallery (Copy)/11 Character Concepts,w28_aido-hwedo.png,jpeg,1024,1024,3.4,3.4,SMALL-PRINT
Shared inn files/Geode Inn Gallery (Copy)/11 Character Concepts,w29_lusca.png,jpeg,1024,1024,3.4,3.4,SMALL-PRINT
Shared inn files/Geode Inn Gallery (Copy)/11 Character Concepts,w2_kelpie.png,jpeg,1024,1024,3.4,3.4,SMALL-PRINT
Shared inn files/Geode Inn Gallery (Copy)/11 Character Concepts,w30_the_miengu.png,jpeg,1024,1024,3.4,3.4,SMALL-PRINT
Shared inn files/Geode Inn Gallery (Copy)/11 Character Concepts,w31_mount_emeis_white_snake_bai_suzhen.png,jpeg,1024,1024,3.4,3.4,SMALL-PRINT
Shared inn files/Geode Inn Gallery (Copy)/11 Character Concepts,w32_ayia_napa_sea_serpent.png,jpeg,1024,1024,3.4,3.4,SMALL-PRINT
Shared inn files/Geode Inn Gallery (Copy)/11 Character Concepts,w3_the_bunyip.png,jpeg,1024,1024,3.4,3.4,SMALL-PRINT
Shared inn files/Geode Inn Gallery (Copy)/11 Character Concepts,w4_bakunawa.png,jpeg,1024,1024,3.4,3.4,SMALL-PRINT
Shared inn files/Geode Inn Gallery (Copy)/11 Character Concepts,w5_taniwha.png,jpeg,1024,1024,3.4,3.4,SMALL-PRINT
Shared inn files/Geode Inn Gallery (Copy)/11 Character Concepts,w6_adaro.png,jpeg,1024,1024,3.4,3.4,SMALL-PRINT
Shared inn files/Geode Inn Gallery (Copy)/11 Character Concepts,w7_grootslang.png,jpeg,1024,1024,3.4,3.4,SMALL-PRINT
Shared inn files/Geode Inn Gallery (Copy)/11 Character Concepts,w8_iara.png,jpeg,1024,1024,3.4,3.4,SMALL-PRINT
Shared inn files/Geode Inn Gallery (Copy)/11 Character Concepts,w9_blue_men_of_the_minch.png,jpeg,1024,1024,3.4,3.4,SMALL-PRINT
Shared inn files/Geode Inn Gallery (Copy)/12 Generated Art,crew_cool_v2.png,jpeg,1024,1024,3.4,3.4,SMALL-PRINT
Shared inn files/Geode Inn Gallery (Copy)/12 Generated Art,crew_goku.png,jpeg,1024,1024,3.4,3.4,SMALL-PRINT
Shared inn files/Geode Inn Gallery (Copy)/12 Generated Art,crew_mamoru.png,jpeg,1024,1024,3.4,3.4,SMALL-PRINT
Shared inn files/Geode Inn Gallery (Copy)/12 Generated Art,crew_motoko.png,jpeg,1024,1024,3.4,3.4,SMALL-PRINT
Shared inn files/Geode Inn Gallery (Copy)/12 Generated Art,crew_philosopher_v2.png,jpeg,1024,1024,3.4,3.4,SMALL-PRINT
Shared inn files/Geode Inn Gallery (Copy)/12 Generated Art,crew_protector_v2.png,jpeg,1024,1024,3.4,3.4,SMALL-PRINT
Shared inn files/Geode Inn Gallery (Copy)/12 Generated Art,crew_pure_hearted_v2.png,jpeg,1024,1024,3.4,3.4,SMALL-PRINT
Shared inn files/Geode Inn Gallery (Copy)/12 Generated Art,crew_reluctant_v2.png,jpeg,1024,1024,3.4,3.4,SMALL-PRINT
Shared inn files/Geode Inn Gallery (Copy)/12 Generated Art,crew_ryoko.png,jpeg,1024,1024,3.4,3.4,SMALL-PRINT
Shared inn files/Geode Inn Gallery (Copy)/12 Generated Art,crew_shinji.png,jpeg,1024,1024,3.4,3.4,SMALL-PRINT
Shared inn files/Geode Inn Gallery (Copy)/12 Generated Art,crew_spike.png,jpeg,1024,1024,3.4,3.4,SMALL-PRINT
Shared inn files/Geode Inn Gallery (Copy)/12 Generated Art,freyja_vanir.png,jpeg,1024,1024,3.4,3.4,SMALL-PRINT
Shared inn files/Geode Inn Gallery (Copy)/12 Generated Art,freyr_vanir.png,jpeg,1024,1024,3.4,3.4,SMALL-PRINT
Shared inn files/Geode Inn Gallery (Copy)/12 Generated Art,geode_inn_gargoyle_designs_0d00f2bbb_generated_image.png,jpeg,1024,1024,3.4,3.4,SMALL-PRINT
Shared inn files/Geode Inn Gallery (Copy)/12 Generated Art,geode_inn_gargoyle_designs_161795398_generated_image.png,jpeg,1024,1024,3.4,3.4,SMALL-PRINT
Shared inn files/Geode Inn Gallery (Copy)/12 Generated Art,geode_inn_gargoyle_designs_3c1eb91a8_generated_image.png,jpeg,1024,1024,3.4,3.4,SMALL-PRINT
Shared inn files/Geode Inn Gallery (Copy)/12 Generated Art,geode_inn_gargoyle_designs_7625ef524_generated_image.png,jpeg,1024,1024,3.4,3.4,SMALL-PRINT
Shared inn files/Geode Inn Gallery (Copy)/12 Generated Art,geode_inn_gargoyle_designs_ec4caea20_generated_image.png,jpeg,1024,1024,3.4,3.4,SMALL-PRINT
Shared inn files/Geode Inn Gallery (Copy)/12 Generated Art,geode_inn_gargoyle_designs_ee2c6c713_generated_image.png,jpeg,1024,1024,3.4,3.4,SMALL-PRINT
Shared inn files/Geode Inn Gallery (Copy)/12 Generated Art,scarlett_standing_profile.png,jpeg,1024,1024,3.4,3.4,SMALL-PRINT
Shared inn files/Geode Inn Gallery (Copy)/12 Generated Art,the_shifting_man.png,jpeg,1024,1024,3.4,3.4,SMALL-PRINT
Shared inn files/Geode Inn Gallery (Copy)/12 Generated Art,weeaboo_partner_navigator.png,jpeg,1024,1024,3.4,3.4,SMALL-PRINT
Shared inn files/Geode Inn Gallery (Copy)/13 Zone Frame Sequences,frame_01.jpg,jpeg,1920,1080,6.4,3.6,CARD-READY
Shared inn files/Geode Inn Gallery (Copy)/13 Zone Frame Sequences,frame_02.jpg,jpeg,1920,1080,6.4,3.6,CARD-READY
Shared inn files/Geode Inn Gallery (Copy)/13 Zone Frame Sequences,frame_03.jpg,jpeg,1920,1080,6.4,3.6,CARD-READY
Shared inn files/Geode Inn Gallery (Copy)/13 Zone Frame Sequences,frame_04.jpg,jpeg,1920,1080,6.4,3.6,CARD-READY
Shared inn files/Geode Inn Gallery (Copy)/13 Zone Frame Sequences,frame_05.jpg,jpeg,1920,1080,6.4,3.6,CARD-READY
Shared inn files/Geode Inn Gallery (Copy)/14 Expanded Characters,artisan_thief_selkie.png,jpeg,1024,1024,3.4,3.4,SMALL-PRINT
Shared inn files/Geode Inn Gallery (Copy)/14 Expanded Characters,asterion.png,jpeg,1024,1024,3.4,3.4,SMALL-PRINT
Shared inn files/Geode Inn Gallery (Copy)/14 Expanded Characters,aughra.png,jpeg,1024,1024,3.4,3.4,SMALL-PRINT
Shared inn files/Geode Inn Gallery (Copy)/14 Expanded Characters,bard_blowhard.png,jpeg,1024,1024,3.4,3.4,SMALL-PRINT
Shared inn files/Geode Inn Gallery (Copy)/14 Expanded Characters,beorn.png,jpeg,1024,1024,3.4,3.4,SMALL-PRINT
Shared inn files/Geode Inn Gallery (Copy)/14 Expanded Characters,charles_chameleon_druid.png,jpeg,1024,1024,3.4,3.4,SMALL-PRINT
Shared inn files/Geode Inn Gallery (Copy)/14 Expanded Characters,charon.png,jpeg,1024,1024,3.4,3.4,SMALL-PRINT
Shared inn files/Geode Inn Gallery (Copy)/14 Expanded Characters,dragon_mascot.png,jpeg,1024,1024,3.4,3.4,SMALL-PRINT
Shared inn files/Geode Inn Gallery (Copy)/14 Expanded Characters,einstein.png,jpeg,1024,1024,3.4,3.4,SMALL-PRINT
Shared inn files/Geode Inn Gallery (Copy)/14 Expanded Characters,erik_earl_ragnar.png,jpeg,1024,1024,3.4,3.4,SMALL-PRINT
Shared inn files/Geode Inn Gallery (Copy)/14 Expanded Characters,five_smiths.png,jpeg,1024,1024,3.4,3.4,SMALL-PRINT
Shared inn files/Geode Inn Gallery (Copy)/14 Expanded Characters,gesso_ceiling_gnome.png,jpeg,1024,1024,3.4,3.4,SMALL-PRINT
Shared inn files/Geode Inn Gallery (Copy)/14 Expanded Characters,greek_philosophers_trio.png,jpeg,1024,1024,3.4,3.4,SMALL-PRINT
Shared inn files/Geode Inn Gallery (Copy)/14 Expanded Characters,hades.png,jpeg,1024,1024,3.4,3.4,SMALL-PRINT
Shared inn files/Geode Inn Gallery (Copy)/14 Expanded Characters,hel.png,jpeg,1024,1024,3.4,3.4,SMALL-PRINT
Shared inn files/Geode Inn Gallery (Copy)/14 Expanded Characters,huginn_muninn.png,jpeg,1024,1024,3.4,3.4,SMALL-PRINT
Shared inn files/Geode Inn Gallery (Copy)/14 Expanded Characters,jareth_unseelie_king.png,jpeg,1024,1024,3.4,3.4,SMALL-PRINT
Shared inn files/Geode Inn Gallery (Copy)/14 Expanded Characters,kali.png,jpeg,1024,1024,3.4,3.4,SMALL-PRINT
Shared inn files/Geode Inn Gallery (Copy)/14 Expanded Characters,king_arthur_elder.png,jpeg,1024,1024,3.4,3.4,SMALL-PRINT
Shared inn files/Geode Inn Gallery (Copy)/14 Expanded Characters,leonardo_da_vinci.png,jpeg,1024,1024,3.4,3.4,SMALL-PRINT
Shared inn files/Geode Inn Gallery (Copy)/14 Expanded Characters,loki.png,jpeg,1024,1024,3.4,3.4,SMALL-PRINT
Shared inn files/Geode Inn Gallery (Copy)/14 Expanded Characters,madame_mim.png,jpeg,1024,1024,3.4,3.4,SMALL-PRINT
Shared inn files/Geode Inn Gallery (Copy)/14 Expanded Characters,merlin_archimedes.png,jpeg,1024,1024,3.4,3.4,SMALL-PRINT
Shared inn files/Geode Inn Gallery (Copy)/14 Expanded Characters,nyx.png,jpeg,1024,1024,3.4,3.4,SMALL-PRINT
Shared inn files/Geode Inn Gallery (Copy)/14 Expanded Characters,persephone.png,jpeg,1024,1024,3.4,3.4,SMALL-PRINT
Shared inn files/Geode Inn Gallery (Copy)/14 Expanded Characters,queen_of_roots.png,jpeg,1024,1024,3.4,3.4,SMALL-PRINT
Shared inn files/Geode Inn Gallery (Copy)/14 Expanded Characters,queen_of_webs.png,jpeg,1024,1024,3.4,3.4,SMALL-PRINT
Shared inn files/Geode Inn Gallery (Copy)/14 Expanded Characters,queen_of_words.png,jpeg,1024,1024,3.4,3.4,SMALL-PRINT
Shared inn files/Geode Inn Gallery (Copy)/14 Expanded Characters,seelie_king.png,jpeg,1024,1024,3.4,3.4,SMALL-PRINT
Shared inn files/Geode Inn Gallery (Copy)/14 Expanded Characters,seelie_queen.png,jpeg,1024,1024,3.4,3.4,SMALL-PRINT
Shared inn files/Geode Inn Gallery (Copy)/14 Expanded Characters,six_gargoyles.png,jpeg,1024,1024,3.4,3.4,SMALL-PRINT
Shared inn files/Geode Inn Gallery (Copy)/14 Expanded Characters,story_born_ents.png,jpeg,1024,1024,3.4,3.4,SMALL-PRINT
Shared inn files/Geode Inn Gallery (Copy)/14 Expanded Characters,the_astronomer.png,jpeg,1024,1024,3.4,3.4,SMALL-PRINT
Shared inn files/Geode Inn Gallery (Copy)/14 Expanded Characters,the_bard.png,jpeg,1024,1024,3.4,3.4,SMALL-PRINT
Shared inn files/Geode Inn Gallery (Copy)/14 Expanded Characters,the_brownies.png,jpeg,1024,1024,3.4,3.4,SMALL-PRINT
Shared inn files/Geode Inn Gallery (Copy)/14 Expanded Characters,the_cabbit.png,jpeg,1024,1024,3.4,3.4,SMALL-PRINT
Shared inn files/Geode Inn Gallery (Copy)/14 Expanded Characters,the_captain_arcana.png,jpeg,1024,1024,3.4,3.4,SMALL-PRINT
Shared inn files/Geode Inn Gallery (Copy)/14 Expanded Characters,the_cartographer.png,png,1024,1024,3.4,3.4,SMALL-PRINT
Shared inn files/Geode Inn Gallery (Copy)/14 Expanded Characters,the_catalyst.png,jpeg,1024,1024,3.4,3.4,SMALL-PRINT
Shared inn files/Geode Inn Gallery (Copy)/14 Expanded Characters,the_constant.png,jpeg,1024,1024,3.4,3.4,SMALL-PRINT
Shared inn files/Geode Inn Gallery (Copy)/14 Expanded Characters,the_cook.png,jpeg,1024,1024,3.4,3.4,SMALL-PRINT
Shared inn files/Geode Inn Gallery (Copy)/14 Expanded Characters,the_crone.png,jpeg,1024,1024,3.4,3.4,SMALL-PRINT
Shared inn files/Geode Inn Gallery (Copy)/14 Expanded Characters,the_duck.png,jpeg,1024,1024,3.4,3.4,SMALL-PRINT
Shared inn files/Geode Inn Gallery (Copy)/14 Expanded Characters,the_examiner.png,jpeg,1024,1024,3.4,3.4,SMALL-PRINT
Shared inn files/Geode Inn Gallery (Copy)/14 Expanded Characters,the_gardener_radagast.png,jpeg,1024,1024,3.4,3.4,SMALL-PRINT
Shared inn files/Geode Inn Gallery (Copy)/14 Expanded Characters,the_guest_death.png,jpeg,1024,1024,3.4,3.4,SMALL-PRINT
Shared inn files/Geode Inn Gallery (Copy)/14 Expanded Characters,the_host.png,jpeg,1024,1024,3.4,3.4,SMALL-PRINT
Shared inn files/Geode Inn Gallery (Copy)/14 Expanded Characters,the_morrigan.png,jpeg,1024,1024,3.4,3.4,SMALL-PRINT
Shared inn files/Geode Inn Gallery (Copy)/14 Expanded Characters,the_one_who_is_awake.png,jpeg,1024,1024,3.4,3.4,SMALL-PRINT
Shared inn files/Geode Inn Gallery (Copy)/14 Expanded Characters,the_one_who_tends.png,jpeg,1024,1024,3.4,3.4,SMALL-PRINT
Shared inn files/Geode Inn Gallery (Copy)/14 Expanded Characters,the_pirate.png,jpeg,1024,1024,3.4,3.4,SMALL-PRINT
Shared inn files/Geode Inn Gallery (Copy)/14 Expanded Characters,the_retort.png,jpeg,1024,1024,3.4,3.4,SMALL-PRINT
Shared inn files/Geode Inn Gallery (Copy)/14 Expanded Characters,the_sentinel_river.png,jpeg,1024,1024,3.4,3.4,SMALL-PRINT
Shared inn files/Geode Inn Gallery (Copy)/14 Expanded Characters,the_siren.png,jpeg,1024,1024,3.4,3.4,SMALL-PRINT
Shared inn files/Geode Inn Gallery (Copy)/14 Expanded Characters,the_thrum.png,jpeg,1024,1024,3.4,3.4,SMALL-PRINT
Shared inn files/Geode Inn Gallery (Copy)/14 Expanded Characters,the_vessel_gecko.png,jpeg,1024,1024,3.4,3.4,SMALL-PRINT
Shared inn files/Geode Inn Gallery (Copy)/14 Expanded Characters,tinkering_weeaboo.png,jpeg,1024,1024,3.4,3.4,SMALL-PRINT
Shared inn files/Geode Inn Gallery (Copy)/14 Expanded Characters,uhtred.png,jpeg,1024,1024,3.4,3.4,SMALL-PRINT
Shared inn files/Geode Inn Gallery (Copy)/14 Expanded Characters,wednesday_addams.png,jpeg,1024,1024,3.4,3.4,SMALL-PRINT
Shared inn files/Geode Inn Gallery (Copy)/14 Expanded Characters,zorya_polunochnaya.png,jpeg,1024,1024,3.4,3.4,SMALL-PRINT
Shared inn files/Geode Inn Gallery (Copy)/15 Items and Artifacts,ariadnes_thread.png,jpeg,1024,1024,3.4,3.4,SMALL-PRINT
Shared inn files/Geode Inn Gallery (Copy)/15 Items and Artifacts,bull_lyre_of_ur.png,jpeg,1024,1024,3.4,3.4,SMALL-PRINT
Shared inn files/Geode Inn Gallery (Copy)/15 Items and Artifacts,cosmic_egg.png,jpeg,1024,1024,3.4,3.4,SMALL-PRINT
Shared inn files/Geode Inn Gallery (Copy)/15 Items and Artifacts,deaths_music_box.png,jpeg,1024,1024,3.4,3.4,SMALL-PRINT
Shared inn files/Geode Inn Gallery (Copy)/15 Items and Artifacts,geode_cave.png,jpeg,1024,1024,3.4,3.4,SMALL-PRINT
Shared inn files/Geode Inn Gallery (Copy)/15 Items and Artifacts,magrittes_pipe.png,jpeg,1024,1024,3.4,3.4,SMALL-PRINT
Shared inn files/Geode Inn Gallery (Copy)/15 Items and Artifacts,medusa_lithophone.png,jpeg,1024,1024,3.4,3.4,SMALL-PRINT
Shared inn files/Geode Inn Gallery (Copy)/15 Items and Artifacts,starlight_crystal.png,jpeg,1024,1024,3.4,3.4,SMALL-PRINT
Shared inn files/Geode Inn Gallery (Copy)/15 Items and Artifacts,teslas_silver_disc.png,jpeg,1024,1024,3.4,3.4,SMALL-PRINT
Shared inn files/Geode Inn Gallery (Copy)/15 Items and Artifacts,the_beacon.png,jpeg,1024,1024,3.4,3.4,SMALL-PRINT
Shared inn files/Geode Inn Gallery (Copy)/15 Items and Artifacts,the_golden_contract.png,jpeg,1024,1024,3.4,3.4,SMALL-PRINT
Shared inn files/Geode Inn Gallery (Copy)/15 Items and Artifacts,the_score_stone.png,jpeg,1024,1024,3.4,3.4,SMALL-PRINT
Shared inn files/Geode Inn Gallery (Copy)/15 Items and Artifacts,the_star_glyph.png,jpeg,1024,1024,3.4,3.4,SMALL-PRINT
Soulstice Jewelry Reliquary/SJ - Book / Words/book stuff/gemstone images,ts.gif,gif,234,299,0.8,1.0,SCREEN-ONLY
Soulstice Jewelry Reliquary/SJ - Book / Words/book stuff/gemstone images/Abalone,Abalone natural.jpg,jpeg,220,176,0.7,0.6,SCREEN-ONLY
Soulstice Jewelry Reliquary/SJ - Book / Words/book stuff/gemstone images/Abalone,Abalone.psd,x-photoshop,,,,,UNKNOWN
Soulstice Jewelry Reliquary/SJ - Book / Words/book stuff/gemstone images/Abalone,abalone bead.jpg,jpeg,310,351,1.0,1.2,SCREEN-ONLY
Soulstice Jewelry Reliquary/SJ - Book / Words/book stuff/gemstone images/Abalone,abalone beads.psd,x-photoshop,,,,,UNKNOWN
Soulstice Jewelry Reliquary/SJ - Book / Words/book stuff/gemstone images/Agates/Banded Agate,Banded Agate.jpg,jpeg,,,,,UNKNOWN
Soulstice Jewelry Reliquary/SJ - Book / Words/book stuff/gemstone images/Agates/Banded Agate,banded 2.jpg,jpeg,172,119,0.6,0.4,SCREEN-ONLY
Soulstice Jewelry Reliquary/SJ - Book / Words/book stuff/gemstone images/Agates/Banded Agate,banded agate 3.jpg,jpeg,841,661,2.8,2.2,SMALL-PRINT
Soulstice Jewelry Reliquary/SJ - Book / Words/book stuff/gemstone images/Agates/Banded Agate,s-l1600.jpg,jpeg,841,661,2.8,2.2,SMALL-PRINT
Soulstice Jewelry Reliquary/SJ - Book / Words/book stuff/gemstone images/Agates/Crazy lace agate,crazy lace agate.jpg,jpeg,211,174,0.7,0.6,SCREEN-ONLY
Soulstice Jewelry Reliquary/SJ - Book / Words/book stuff/gemstone images/Agates/Crazy lace agate,s-l1600.jpg,jpeg,1579,1300,5.3,4.3,CARD-READY
Soulstice Jewelry Reliquary/SJ - Book / Words/book stuff/gemstone images/Agates/Dendritic Agate,dendritic agate cabochon.jpg,jpeg,1600,1567,5.3,5.2,CARD-READY
Soulstice Jewelry Reliquary/SJ - Book / Words/book stuff/gemstone images/Agates/Dendritic Agate,dendritic agate.jpg,jpeg,174,174,0.6,0.6,SCREEN-ONLY
Soulstice Jewelry Reliquary/SJ - Book / Words/book stuff/gemstone images/Agates/Dendritic Agate,s-l1600.jpg,jpeg,1600,1600,5.3,5.3,CARD-READY
Soulstice Jewelry Reliquary/SJ - Book / Words/book stuff/gemstone images/Agates/Fire Agate,Fire Agate.jpg,jpeg,229,230,0.8,0.8,SCREEN-ONLY
Soulstice Jewelry Reliquary/SJ - Book / Words/book stuff/gemstone images/Agates/Fire Agate,fire agate raw.jpg,jpeg,174,174,0.6,0.6,SCREEN-ONLY
Soulstice Jewelry Reliquary/SJ - Book / Words/book stuff/gemstone images/Agates/Fire Agate,s-l1600.jpg,jpeg,1080,1080,3.6,3.6,SMALL-PRINT
Soulstice Jewelry Reliquary/SJ - Book / Words/book stuff/gemstone images/Agates/Fossil agate (turritella),fossil agate copy.jpg,jpeg,227,174,0.8,0.6,SCREEN-ONLY
Soulstice Jewelry Reliquary/SJ - Book / Words/book stuff/gemstone images/Agates/Fossil agate (turritella),fossil agate.jpg,jpeg,1310,1006,4.4,3.4,SMALL-PRINT
Soulstice Jewelry Reliquary/SJ - Book / Words/book stuff/gemstone images/Agates/Fossil agate (turritella),fossil agate.psd,x-photoshop,,,,,UNKNOWN
Soulstice Jewelry Reliquary/SJ - Book / Words/book stuff/gemstone images/Agates/Fossil agate (turritella),s-l1600.jpg,jpeg,1310,1006,4.4,3.4,SMALL-PRINT
Soulstice Jewelry Reliquary/SJ - Book / Words/book stuff/gemstone images/Agates/Montana moss agate,mma2.jpg,jpeg,1600,1065,5.3,3.5,CARD-READY
Soulstice Jewelry Reliquary/SJ - Book / Words/book stuff/gemstone images/Agates/Montana moss agate,mma2.psd,x-photoshop,,,,,UNKNOWN
Soulstice Jewelry Reliquary/SJ - Book / Words/book stuff/gemstone images/Agates/Montana moss agate,montana moss agate.jpg,jpeg,262,174,0.9,0.6,SCREEN-ONLY
Soulstice Jewelry Reliquary/SJ - Book / Words/book stuff/gemstone images/Agates/Montana moss agate,s-l1600.jpg,jpeg,778,1600,2.6,5.3,SMALL-PRINT
Soulstice Jewelry Reliquary/SJ - Book / Words/book stuff/gemstone images/Agates/Moss Agate,Moss Agate.jpg,jpeg,238,162,0.8,0.5,SCREEN-ONLY
Soulstice Jewelry Reliquary/SJ - Book / Words/book stuff/gemstone images/Agates/Tree Agate,Tree Agate.jpg,jpeg,260,250,0.9,0.8,SCREEN-ONLY
Soulstice Jewelry Reliquary/SJ - Book / Words/book stuff/gemstone images/Agates/flower agate,flower agate.jpg,jpeg,174,174,0.6,0.6,SCREEN-ONLY
Soulstice Jewelry Reliquary/SJ - Book / Words/book stuff/gemstone images/Agates/flower agate,s-l1600.jpg,jpeg,1600,1600,5.3,5.3,CARD-READY
Soulstice Jewelry Reliquary/SJ - Book / Words/book stuff/gemstone images/Agates/plumed agate,plumed agate.jpg,jpeg,261,174,0.9,0.6,SCREEN-ONLY
Soulstice Jewelry Reliquary/SJ - Book / Words/book stuff/gemstone images/Agates/plumed agate,s-l1600.jpg,jpeg,1200,1600,4.0,5.3,CARD-READY
Soulstice Jewelry Reliquary/SJ - Book / Words/book stuff/gemstone images/Agates/plumed agate,s-l1600.psd,x-photoshop,,,,,UNKNOWN
Soulstice Jewelry Reliquary/SJ - Book / Words/book stuff/gemstone images/Alexandrite,Alexandrite.jpg,jpeg,191,142,0.6,0.5,SCREEN-ONLY
Soulstice Jewelry Reliquary/SJ - Book / Words/book stuff/gemstone images/Amazonite,Amazonite.jpg,jpeg,256,192,0.9,0.6,SCREEN-ONLY
Soulstice Jewelry Reliquary/SJ - Book / Words/book stuff/gemstone images/Amber,Amber.jpg,jpeg,247,187,0.8,0.6,SCREEN-ONLY
Soulstice Jewelry Reliquary/SJ - Book / Words/book stuff/gemstone images/Amethyst,Amethyst.jpg,jpeg,227,139,0.8,0.5,SCREEN-ONLY
Soulstice Jewelry Reliquary/SJ - Book / Words/book stuff/gemstone images/Amethyst,stone button.jpg,jpeg,325,279,1.1,0.9,SCREEN-ONLY
Soulstice Jewelry Reliquary/SJ - Book / Words/book stuff/gemstone images/Ametrine,Ametrine.jpg,jpeg,204,399,0.7,1.3,SCREEN-ONLY
Soulstice Jewelry Reliquary/SJ - Book / Words/book stuff/gemstone images/Ammolite,ammolite.jpg,jpeg,176,176,0.6,0.6,SCREEN-ONLY
Soulstice Jewelry Reliquary/SJ - Book / Words/book stuff/gemstone images/Ammolite,s-l1600.jpg,jpeg,1600,1600,5.3,5.3,CARD-READY
Soulstice Jewelry Reliquary/SJ - Book / Words/book stuff/gemstone images/Ammolite,s-l1600.psd,x-photoshop,,,,,UNKNOWN
Soulstice Jewelry Reliquary/SJ - Book / Words/book stuff/gemstone images/Ammonite,Ammonite.jpg,jpeg,246,205,0.8,0.7,SCREEN-ONLY
Soulstice Jewelry Reliquary/SJ - Book / Words/book stuff/gemstone images/Andalusite,andalusite.jpg,jpeg,162,104,0.5,0.3,SCREEN-ONLY
Soulstice Jewelry Reliquary/SJ - Book / Words/book stuff/gemstone images/Andalusite,s-l1600.jpg,jpeg,1600,1600,5.3,5.3,CARD-READY
Soulstice Jewelry Reliquary/SJ - Book / Words/book stuff/gemstone images/Andalusite,s-l1600.psd,x-photoshop,,,,,UNKNOWN
Soulstice Jewelry Reliquary/SJ - Book / Words/book stuff/gemstone images/Angelite,Angelite.jpg,jpeg,200,187,0.7,0.6,SCREEN-ONLY
Soulstice Jewelry Reliquary/SJ - Book / Words/book stuff/gemstone images/Apatite,Apatite.jpg,jpeg,225,194,0.8,0.6,SCREEN-ONLY
Soulstice Jewelry Reliquary/SJ - Book / Words/book stuff/gemstone images/Aqua Aura,Aqua Aura.jpg,jpeg,240,320,0.8,1.1,SCREEN-ONLY
Soulstice Jewelry Reliquary/SJ - Book / Words/book stuff/gemstone images/Aquamarine,Aquamarine.jpg,jpeg,128,223,0.4,0.7,SCREEN-ONLY
Soulstice Jewelry Reliquary/SJ - Book / Words/book stuff/gemstone images/Aquaprase,Aquaprase.jpg,jpeg,131,104,0.4,0.3,SCREEN-ONLY
Soulstice Jewelry Reliquary/SJ - Book / Words/book stuff/gemstone images/Aquaprase,s-l1600.png,png,1544,1487,5.1,5.0,CARD-READY
Soulstice Jewelry Reliquary/SJ - Book / Words/book stuff/gemstone images/Aragonite,Aragonite.jpg,jpeg,166,157,0.6,0.5,SCREEN-ONLY
Soulstice Jewelry Reliquary/SJ - Book / Words/book stuff/gemstone images/Aventurines/Green Aventurine,Green Aventurine.jpg,jpeg,229,194,0.8,0.6,SCREEN-ONLY
Soulstice Jewelry Reliquary/SJ - Book / Words/book stuff/gemstone images/Aventurines/Red Aventurine,Red Aventurine.jpg,jpeg,217,195,0.7,0.7,SCREEN-ONLY
Soulstice Jewelry Reliquary/SJ - Book / Words/book stuff/gemstone images/Azurite,Azurite.jpg,jpeg,220,255,0.7,0.8,SCREEN-ONLY
Soulstice Jewelry Reliquary/SJ - Book / Words/book stuff/gemstone images/Bronzite,Bronzite.jpg,jpeg,228,171,0.8,0.6,SCREEN-ONLY
Soulstice Jewelry Reliquary/SJ - Book / Words/book stuff/gemstone images/Calcite,Untitled-1.jpg,jpeg,70,104,0.2,0.3,SCREEN-ONLY
Soulstice Jewelry Reliquary/SJ - Book / Words/book stuff/gemstone images/Calcite,calcite.jpg,jpeg,231,210,0.8,0.7,SCREEN-ONLY
Soulstice Jewelry Reliquary/SJ - Book / Words/book stuff/gemstone images/Calcite,calcitenew.jpg,jpeg,231,210,0.8,0.7,SCREEN-ONLY
Soulstice Jewelry Reliquary/SJ - Book / Words/book stuff/gemstone images/Carnelian,Carnelian.jpg,jpeg,337,318,1.1,1.1,SCREEN-ONLY
Soulstice Jewelry Reliquary/SJ - Book / Words/book stuff/gemstone images/Carnelian,s-l500.jpg,jpeg,375,500,1.2,1.7,SCREEN-ONLY
Soulstice Jewelry Reliquary/SJ - Book / Words/book stuff/gemstone images/Cat's Eye,Cat's Eye.jpg,jpeg,223,197,0.7,0.7,SCREEN-ONLY
Soulstice Jewelry Reliquary/SJ - Book / Words/book stuff/gemstone images/Chalcedonies/Blue Chalcedony,Blue Chalcedony.jpg,jpeg,263,246,0.9,0.8,SCREEN-ONLY
Soulstice Jewelry Reliquary/SJ - Book / Words/book stuff/gemstone images/Chalcedonies/Dendritic Chalcedony,Dendritic Chalcedony.jpg,jpeg,195,249,0.7,0.8,SCREEN-ONLY
Soulstice Jewelry Reliquary/SJ - Book / Words/book stuff/gemstone images/Charoite,Charoite.jpg,jpeg,231,171,0.8,0.6,SCREEN-ONLY
Soulstice Jewelry Reliquary/SJ - Book / Words/book stuff/gemstone images/Chiastolite,Chiastolite.jpg,jpeg,211,215,0.7,0.7,SCREEN-ONLY
Soulstice Jewelry Reliquary/SJ - Book / Words/book stuff/gemstone images/Chiastolite,chiastolite 2.jpg,jpeg,211,215,0.7,0.7,SCREEN-ONLY
Soulstice Jewelry Reliquary/SJ - Book / Words/book stuff/gemstone images/Chrome Diopside,Chrome Diopside.jpg,jpeg,224,157,0.7,0.5,SCREEN-ONLY
Soulstice Jewelry Reliquary/SJ - Book / Words/book stuff/gemstone images/Chrysanthemum stone,Chrysanthemum stone.jpg,jpeg,98,104,0.3,0.3,SCREEN-ONLY
Soulstice Jewelry Reliquary/SJ - Book / Words/book stuff/gemstone images/Chrysanthemum stone,s-l500.jpg,jpeg,500,500,1.7,1.7,SMALL-PRINT
Soulstice Jewelry Reliquary/SJ - Book / Words/book stuff/gemstone images/Chrysocolla,Chrysocolla.jpg,jpeg,298,198,1.0,0.7,SCREEN-ONLY
Soulstice Jewelry Reliquary/SJ - Book / Words/book stuff/gemstone images/Chrysocolla azurite,chrysocolla azurite.jpg,jpeg,104,104,0.3,0.3,SCREEN-ONLY
Soulstice Jewelry Reliquary/SJ - Book / Words/book stuff/gemstone images/Chrysocolla azurite,s-l1600.jpg,jpeg,1600,1600,5.3,5.3,CARD-READY
Soulstice Jewelry Reliquary/SJ - Book / Words/book stuff/gemstone images/Chrysoprase,Chrysoprase.jpg,jpeg,327,239,1.1,0.8,SCREEN-ONLY
Soulstice Jewelry Reliquary/SJ - Book / Words/book stuff/gemstone images/Citrine,Citrine.jpg,jpeg,202,258,0.7,0.9,SCREEN-ONLY
Soulstice Jewelry Reliquary/SJ - Book / Words/book stuff/gemstone images/Corals/Black Coral,Black Coral.jpg,jpeg,,,,,UNKNOWN
Soulstice Jewelry Reliquary/SJ - Book / Words/book stuff/gemstone images/Corals/Black Coral,coral2.jpg,jpeg,277,178,0.9,0.6,SCREEN-ONLY
Soulstice Jewelry Reliquary/SJ - Book / Words/book stuff/gemstone images/Corals/Branch Coral,Branch Coral.jpg,jpeg,300,225,1.0,0.8,SCREEN-ONLY
Soulstice Jewelry Reliquary/SJ - Book / Words/book stuff/gemstone images/Covellite,Covellite.jpg,jpeg,101,104,0.3,0.3,SCREEN-ONLY
Soulstice Jewelry Reliquary/SJ - Book / Words/book stuff/gemstone images/Covellite,s-l1600.jpg,jpeg,1600,1600,5.3,5.3,CARD-READY
Soulstice Jewelry Reliquary/SJ - Book / Words/book stuff/gemstone images/Cuprite,s-l1600.jpg,jpeg,1600,1236,5.3,4.1,CARD-READY
Soulstice Jewelry Reliquary/SJ - Book / Words/book stuff/gemstone images/Diamond,Diamond.jpg,jpeg,247,185,0.8,0.6,SCREEN-ONLY
Soulstice Jewelry Reliquary/SJ - Book / Words/book stuff/gemstone images/Dumortierite,Dumortierite.jpg,jpeg,306,230,1.0,0.8,SCREEN-ONLY
Soulstice Jewelry Reliquary/SJ - Book / Words/book stuff/gemstone images/Emerald,Emerald.jpg,jpeg,209,234,0.7,0.8,SCREEN-ONLY
Soulstice Jewelry Reliquary/SJ - Book / Words/book stuff/gemstone images/Fluorites/Green Fluorite,Green Fluorite.jpg,jpeg,177,311,0.6,1.0,SCREEN-ONLY
Soulstice Jewelry Reliquary/SJ - Book / Words/book stuff/gemstone images/Fluorites/Purple Fluorite,Purple Fluorite.jpg,jpeg,153,150,0.5,0.5,SCREEN-ONLY
Soulstice Jewelry Reliquary/SJ - Book / Words/book stuff/gemstone images/Fluorites/Rainbow Fluorite,Rainbow Fluorite.jpg,jpeg,104,232,0.3,0.8,SCREEN-ONLY
Soulstice Jewelry Reliquary/SJ - Book / Words/book stuff/gemstone images/Garnets,Garnet.jpg,jpeg,259,194,0.9,0.6,SCREEN-ONLY
Soulstice Jewelry Reliquary/SJ - Book / Words/book stuff/gemstone images/Garnets/Hessonite,Hessonite.jpg,jpeg,250,189,0.8,0.6,SCREEN-ONLY
Soulstice Jewelry Reliquary/SJ - Book / Words/book stuff/gemstone images/Gold,Gold.jpg,jpeg,223,216,0.7,0.7,SCREEN-ONLY
Soulstice Jewelry Reliquary/SJ - Book / Words/book stuff/gemstone images/Hawk's Eye,Hawk Eye.jpg,jpeg,274,214,0.9,0.7,SCREEN-ONLY
Soulstice Jewelry Reliquary/SJ - Book / Words/book stuff/gemstone images/Hematite,Hematite.jpg,jpeg,272,204,0.9,0.7,SCREEN-ONLY
Soulstice Jewelry Reliquary/SJ - Book / Words/book stuff/gemstone images/Herkimer Diamond,Herkimer Diamond.jpg,jpeg,239,187,0.8,0.6,SCREEN-ONLY
Soulstice Jewelry Reliquary/SJ - Book / Words/book stuff/gemstone images/Iolite,Iolite.jpg,jpeg,177,106,0.6,0.4,SCREEN-ONLY
Soulstice Jewelry Reliquary/SJ - Book / Words/book stuff/gemstone images/Jade,Jade copy.jpg,jpeg,294,223,1.0,0.7,SCREEN-ONLY
Soulstice Jewelry Reliquary/SJ - Book / Words/book stuff/gemstone images/Jade,Jade.jpg,jpeg,,,,,UNKNOWN
Soulstice Jewelry Reliquary/SJ - Book / Words/book stuff/gemstone images/Jade,canadian jade.webp,webp,1344,768,4.5,2.6,SMALL-PRINT
Soulstice Jewelry Reliquary/SJ - Book / Words/book stuff/gemstone images/Jade,gatsby-jewellery-what-is-jade_db47d385-b892-40c1-8195-ab28609ef0bd_2777x.webp,webp,2777,1851,9.3,6.2,CARD-READY
Soulstice Jewelry Reliquary/SJ - Book / Words/book stuff/gemstone images/Jade,guatemalan jade copy.jpg,jpeg,90,104,0.3,0.3,SCREEN-ONLY
Soulstice Jewelry Reliquary/SJ - Book / Words/book stuff/gemstone images/Jade,guatemalan jade.jpg,jpeg,484,413,1.6,1.4,SCREEN-ONLY
Soulstice Jewelry Reliquary/SJ - Book / Words/book stuff/gemstone images/Jade,guatemalan jade.psd,x-photoshop,,,,,UNKNOWN
Soulstice Jewelry Reliquary/SJ - Book / Words/book stuff/gemstone images/Jade,white jade.jpg,jpeg,1200,1600,4.0,5.3,CARD-READY
Soulstice Jewelry Reliquary/SJ - Book / Words/book stuff/gemstone images/Jadeite,il_1588xN.7443837152_snz0.webp,webp,69,104,0.2,0.3,SCREEN-ONLY
Soulstice Jewelry Reliquary/SJ - Book / Words/book stuff/gemstone images/Jadeite,jadeite.jpg,jpeg,69,104,0.2,0.3,SCREEN-ONLY
Soulstice Jewelry Reliquary/SJ - Book / Words/book stuff/gemstone images/Jaspers/Bloodstone,Bloodstone.jpg,jpeg,329,267,1.1,0.9,SCREEN-ONLY
Soulstice Jewelry Reliquary/SJ - Book / Words/book stuff/gemstone images/Jaspers/Dendritic jasper,s-l1600.jpg,jpeg,1541,1541,5.1,5.1,CARD-READY
Soulstice Jewelry Reliquary/SJ - Book / Words/book stuff/gemstone images/Jaspers/Leopardskin Jasper,Leopardskin Jasper.jpg,jpeg,205,294,0.7,1.0,SCREEN-ONLY
Soulstice Jewelry Reliquary/SJ - Book / Words/book stuff/gemstone images/Jaspers/Moukaite jasper,Moukaite.jpg,jpeg,216,229,0.7,0.8,SCREEN-ONLY
Soulstice Jewelry Reliquary/SJ - Book / Words/book stuff/gemstone images/Jaspers/Picture Jasper,Picture Jasper.jpg,jpeg,201,214,0.7,0.7,SCREEN-ONLY
Soulstice Jewelry Reliquary/SJ - Book / Words/book stuff/gemstone images/Jet,Jet.jpg,jpeg,233,287,0.8,1.0,SCREEN-ONLY
Soulstice Jewelry Reliquary/SJ - Book / Words/book stuff/gemstone images/Kunzite,Kunzite.jpg,jpeg,270,211,0.9,0.7,SCREEN-ONLY
Soulstice Jewelry Reliquary/SJ - Book / Words/book stuff/gemstone images/Kyanite,Kyanite.jpg,jpeg,205,239,0.7,0.8,SCREEN-ONLY
Soulstice Jewelry Reliquary/SJ - Book / Words/book stuff/gemstone images/Labradorite,Labradorite.jpg,jpeg,275,183,0.9,0.6,SCREEN-ONLY
Soulstice Jewelry Reliquary/SJ - Book / Words/book stuff/gemstone images/Lapis Lazuli,Lapis 2.jpg,jpeg,206,274,0.7,0.9,SCREEN-ONLY
Soulstice Jewelry Reliquary/SJ - Book / Words/book stuff/gemstone images/Lapis Lazuli,Lapis Lazuli.jpg,jpeg,,,,,UNKNOWN
Soulstice Jewelry Reliquary/SJ - Book / Words/book stuff/gemstone images/Larimar,Larimar.jpg,jpeg,213,230,0.7,0.8,SCREEN-ONLY
Soulstice Jewelry Reliquary/SJ - Book / Words/book stuff/gemstone images/Lepidolite,Lepidolite 2.jpg,jpeg,258,218,0.9,0.7,SCREEN-ONLY
Soulstice Jewelry Reliquary/SJ - Book / Words/book stuff/gemstone images/Lepidolite,Lepidolite.jpg,jpeg,,,,,UNKNOWN
Soulstice Jewelry Reliquary/SJ - Book / Words/book stuff/gemstone images/Malachite,Malachite.jpg,jpeg,201,229,0.7,0.8,SCREEN-ONLY
Soulstice Jewelry Reliquary/SJ - Book / Words/book stuff/gemstone images/Moldavite,Moldavite.jpg,jpeg,295,171,1.0,0.6,SCREEN-ONLY
Soulstice Jewelry Reliquary/SJ - Book / Words/book stuff/gemstone images/Moonstones/Rainbow Moonstone,Rainbow Moonstone.jpg,jpeg,259,228,0.9,0.8,SCREEN-ONLY
Soulstice Jewelry Reliquary/SJ - Book / Words/book stuff/gemstone images/Moonstones/White Moonstone,White Moonstone.jpg,jpeg,314,257,1.0,0.9,SCREEN-ONLY
Soulstice Jewelry Reliquary/SJ - Book / Words/book stuff/gemstone images/Morganite,Morganite 2.jpg,jpeg,272,182,0.9,0.6,SCREEN-ONLY
Soulstice Jewelry Reliquary/SJ - Book / Words/book stuff/gemstone images/Morganite,Morganite.jpg,jpeg,,,,,UNKNOWN
Soulstice Jewelry Reliquary/SJ - Book / Words/book stuff/gemstone images/Muscovite,Muscovite.jpg,jpeg,299,187,1.0,0.6,SCREEN-ONLY
Soulstice Jewelry Reliquary/SJ - Book / Words/book stuff/gemstone images/Obsidians/Rainbow Obsidian,Rainbow Obsidian.jpg,jpeg,281,174,0.9,0.6,SCREEN-ONLY
Soulstice Jewelry Reliquary/SJ - Book / Words/book stuff/gemstone images/Obsidians/Snowflake Obsidian,Snowflake Obsidian.jpg,jpeg,248,303,0.8,1.0,SCREEN-ONLY
Soulstice Jewelry Reliquary/SJ - Book / Words/book stuff/gemstone images/Onyx,Onyx.jpg,jpeg,200,238,0.7,0.8,SCREEN-ONLY
Soulstice Jewelry Reliquary/SJ - Book / Words/book stuff/gemstone images/Onyx,green onyx.jpg,jpeg,159,104,0.5,0.3,SCREEN-ONLY
Soulstice Jewelry Reliquary/SJ - Book / Words/book stuff/gemstone images/Onyx,s-l1600.png,png,159,104,0.5,0.3,SCREEN-ONLY
Soulstice Jewelry Reliquary/SJ - Book / Words/book stuff/gemstone images/Opals/Fire Opal,Fire Opal.jpg,jpeg,212,221,0.7,0.7,SCREEN-ONLY
Soulstice Jewelry Reliquary/SJ - Book / Words/book stuff/gemstone images/Opals/Peruvian Blue Opal,Peruvian Blue Opal.jpg,jpeg,,,,,UNKNOWN
Soulstice Jewelry Reliquary/SJ - Book / Words/book stuff/gemstone images/Opals/Peruvian Blue Opal,pbo.jpg,jpeg,265,223,0.9,0.7,SCREEN-ONLY
Soulstice Jewelry Reliquary/SJ - Book / Words/book stuff/gemstone images/Opals/Water Opal,Water Opal.jpg,jpeg,207,203,0.7,0.7,SCREEN-ONLY
Soulstice Jewelry Reliquary/SJ - Book / Words/book stuff/gemstone images/Pearl,Pearl.jpg,jpeg,240,180,0.8,0.6,SCREEN-ONLY
Soulstice Jewelry Reliquary/SJ - Book / Words/book stuff/gemstone images/Peridot,Peridot.jpg,jpeg,200,240,0.7,0.8,SCREEN-ONLY
Soulstice Jewelry Reliquary/SJ - Book / Words/book stuff/gemstone images/Petrified Wood,Petrified Wood.jpg,jpeg,183,202,0.6,0.7,SCREEN-ONLY
Soulstice Jewelry Reliquary/SJ - Book / Words/book stuff/gemstone images/Pietersite,Pietersite.jpg,jpeg,,,,,UNKNOWN
Soulstice Jewelry Reliquary/SJ - Book / Words/book stuff/gemstone images/Pietersite,Pietersite2.jpg,jpeg,338,187,1.1,0.6,SCREEN-ONLY
Soulstice Jewelry Reliquary/SJ - Book / Words/book stuff/gemstone images/Platinum,Platinum.jpg,jpeg,262,200,0.9,0.7,SCREEN-ONLY
Soulstice Jewelry Reliquary/SJ - Book / Words/book stuff/gemstone images/Prehnite,Prehnite.jpg,jpeg,170,225,0.6,0.8,SCREEN-ONLY
Soulstice Jewelry Reliquary/SJ - Book / Words/book stuff/gemstone images/Pyrite,Pyrite.jpg,jpeg,277,204,0.9,0.7,SCREEN-ONLY
Soulstice Jewelry Reliquary/SJ - Book / Words/book stuff/gemstone images/Quartzes/Clear Quartz,Clear Quartz.jpg,jpeg,187,185,0.6,0.6,SCREEN-ONLY
Soulstice Jewelry Reliquary/SJ - Book / Words/book stuff/gemstone images/Quartzes/Rose Quartz,Rose Quartz.jpg,jpeg,231,169,0.8,0.6,SCREEN-ONLY
Soulstice Jewelry Reliquary/SJ - Book / Words/book stuff/gemstone images/Quartzes/Rutilated Quartz,Rutilated Quartz.jpg,jpeg,240,180,0.8,0.6,SCREEN-ONLY
Soulstice Jewelry Reliquary/SJ - Book / Words/book stuff/gemstone images/Quartzes/Smoky Quartz,Smoky Quartz.jpg,jpeg,200,200,0.7,0.7,SCREEN-ONLY
Soulstice Jewelry Reliquary/SJ - Book / Words/book stuff/gemstone images/Quartzes/Tourmalinated Quartz,Tourmalinated Quartz.jpg,jpeg,251,208,0.8,0.7,SCREEN-ONLY
Soulstice Jewelry Reliquary/SJ - Book / Words/book stuff/gemstone images/Rhodochrosite,Rhodochrosite.jpg,jpeg,186,210,0.6,0.7,SCREEN-ONLY
Soulstice Jewelry Reliquary/SJ - Book / Words/book stuff/gemstone images/Rhodonite,Rhodonite.jpg,jpeg,219,247,0.7,0.8,SCREEN-ONLY
Soulstice Jewelry Reliquary/SJ - Book / Words/book stuff/gemstone images/Ruby,Ruby.jpg,jpeg,159,205,0.5,0.7,SCREEN-ONLY
Soulstice Jewelry Reliquary/SJ - Book / Words/book stuff/gemstone images/Sapphire,Sapphire.jpg,jpeg,223,188,0.7,0.6,SCREEN-ONLY
Soulstice Jewelry Reliquary/SJ - Book / Words/book stuff/gemstone images/Sard,Sard.jpg,jpeg,230,193,0.8,0.6,SCREEN-ONLY
Soulstice Jewelry Reliquary/SJ - Book / Words/book stuff/gemstone images/Sardonyx,Sardonyx.jpg,jpeg,228,179,0.8,0.6,SCREEN-ONLY
Soulstice Jewelry Reliquary/SJ - Book / Words/book stuff/gemstone images/Serpentine,Serpentine.jpg,jpeg,200,200,0.7,0.7,SCREEN-ONLY
Soulstice Jewelry Reliquary/SJ - Book / Words/book stuff/gemstone images/Silver,Silver.jpg,jpeg,226,171,0.8,0.6,SCREEN-ONLY
Soulstice Jewelry Reliquary/SJ - Book / Words/book stuff/gemstone images/Sodalite,Sodalite.jpg,jpeg,230,174,0.8,0.6,SCREEN-ONLY
Soulstice Jewelry Reliquary/SJ - Book / Words/book stuff/gemstone images/Spessartite,Spessartite.jpg,jpeg,208,178,0.7,0.6,SCREEN-ONLY
Soulstice Jewelry Reliquary/SJ - Book / Words/book stuff/gemstone images/Spinel,Spinel.jpg,jpeg,259,204,0.9,0.7,SCREEN-ONLY
Soulstice Jewelry Reliquary/SJ - Book / Words/book stuff/gemstone images/Sugilite,Sugilite.jpg,jpeg,193,187,0.6,0.6,SCREEN-ONLY
Soulstice Jewelry Reliquary/SJ - Book / Words/book stuff/gemstone images/Sunstone,Sunstone.jpg,jpeg,230,142,0.8,0.5,SCREEN-ONLY
Soulstice Jewelry Reliquary/SJ - Book / Words/book stuff/gemstone images/Tanzanite,Tanzanite.jpg,jpeg,196,278,0.7,0.9,SCREEN-ONLY
Soulstice Jewelry Reliquary/SJ - Book / Words/book stuff/gemstone images/Tektite,Tektite.jpg,jpeg,186,195,0.6,0.7,SCREEN-ONLY
Soulstice Jewelry Reliquary/SJ - Book / Words/book stuff/gemstone images/Tiger Iron,Tiger Iron.jpg,jpeg,233,186,0.8,0.6,SCREEN-ONLY
Soulstice Jewelry Reliquary/SJ - Book / Words/book stuff/gemstone images/Tiger's Eyes/Brown Tiger's Eye,Brown Tigers Eye.jpg,jpeg,199,228,0.7,0.8,SCREEN-ONLY
Soulstice Jewelry Reliquary/SJ - Book / Words/book stuff/gemstone images/Tiger's Eyes/Red Tiger's Eye,Red Tigers Eye.jpg,jpeg,,,,,UNKNOWN
Soulstice Jewelry Reliquary/SJ - Book / Words/book stuff/gemstone images/Tiger's Eyes/Red Tiger's Eye,rte2.jpg,jpeg,228,206,0.8,0.7,SCREEN-ONLY
Soulstice Jewelry Reliquary/SJ - Book / Words/book stuff/gemstone images/Topazes/Blue Topaz,Blue Topaz.jpg,jpeg,173,182,0.6,0.6,SCREEN-ONLY
Soulstice Jewelry Reliquary/SJ - Book / Words/book stuff/gemstone images/Topazes/Imperial Topaz,Imperial Topaz.jpg,jpeg,207,193,0.7,0.6,SCREEN-ONLY
Soulstice Jewelry Reliquary/SJ - Book / Words/book stuff/gemstone images/Tourmalines/Green Tourmaline,Green Tourmaline.jpg,jpeg,207,149,0.7,0.5,SCREEN-ONLY
Soulstice Jewelry Reliquary/SJ - Book / Words/book stuff/gemstone images/Tourmalines/Multi-Colored Tourmaline,Multi Colored Tourmaline.jpg,jpeg,181,163,0.6,0.5,SCREEN-ONLY
Soulstice Jewelry Reliquary/SJ - Book / Words/book stuff/gemstone images/Tourmalines/Watermelon Tourmaline,Watermelon Tourmaline.jpg,jpeg,146,203,0.5,0.7,SCREEN-ONLY
Soulstice Jewelry Reliquary/SJ - Book / Words/book stuff/gemstone images/Turquoise,Turquoise.jpg,jpeg,168,179,0.6,0.6,SCREEN-ONLY
Soulstice Jewelry Reliquary/SJ - Book / Words/book stuff/gemstone images/Unakite,Unakite.jpg,jpeg,175,211,0.6,0.7,SCREEN-ONLY
Soulstice Jewelry Reliquary/SJ - Book / Words/book stuff/gemstone images/Zoisite,Zoisite.jpg,jpeg,159,269,0.5,0.9,SCREEN-ONLY
Soulstice Jewelry Reliquary/SJ - Book / Words/book stuff/gemstone images/arfvedsonite,arfvedsonite32659a copy.jpg,jpeg,459,346,1.5,1.2,SCREEN-ONLY
Soulstice Jewelry Reliquary/SJ - Book / Words/book stuff/gemstone images/arfvedsonite,arfvedsonite32659a.jpg,jpeg,800,602,2.7,2.0,SMALL-PRINT
Soulstice Jewelry Reliquary/SJ - Book / Words/book stuff/gemstone images/arfvedsonite,arfvedsonite32659a.psd,x-photoshop,,,,,UNKNOWN
Soulstice Jewelry Reliquary/SJ - Book / Words/book stuff/gemstone images/astrophyllite,astrophyllite.jpg,jpeg,146,104,0.5,0.3,SCREEN-ONLY
Soulstice Jewelry Reliquary/SJ - Book / Words/book stuff/gemstone images/astrophyllite,il_1588xN.7655891630_aeae.webp,webp,146,104,0.5,0.3,SCREEN-ONLY
Soulstice Jewelry Reliquary/SJ - Book / Words/book stuff/gemstone images/atlantisite,Untitled-1.psd,x-photoshop,,,,,UNKNOWN
Soulstice Jewelry Reliquary/SJ - Book / Words/book stuff/gemstone images/atlantisite,astrophyllite.jpg,jpeg,146,104,0.5,0.3,SCREEN-ONLY
Soulstice Jewelry Reliquary/SJ - Book / Words/book stuff/gemstone images/atlantisite,atlantisite.jpg,jpeg,92,104,0.3,0.3,SCREEN-ONLY
Soulstice Jewelry Reliquary/SJ - Book / Words/book stuff/gemstone images/atlantisite,s-l400.jpg,jpeg,321,400,1.1,1.3,SCREEN-ONLY
Soulstice Jewelry Reliquary/SJ - Book / Words/book stuff/gemstone images/atlantisite,s-l400.psd,x-photoshop,,,,,UNKNOWN
Soulstice Jewelry Reliquary/SJ - Brand,g86EyqLQQxzbs204O8kV--0--CDRMN.jpg,jpeg,1024,1024,3.4,3.4,SMALL-PRINT
Soulstice Jewelry Reliquary/SJ - Brand/Old Logo,"ChatGPT Image May 1, 2026, 09_15_46 AM.png",png,1024,1024,3.4,3.4,SMALL-PRINT
Soulstice Jewelry Reliquary/SJ - Brand/Old Logo,banner 1.png,png,1536,1024,5.1,3.4,CARD-READY
Soulstice Jewelry Reliquary/SJ - Brand/Old Logo,banner 2.png,png,1536,1024,5.1,3.4,CARD-READY
Soulstice Jewelry Reliquary/SJ - Brand/Old Logo,logo bright copy Background Removed Small.jpeg,jpeg,320,320,1.1,1.1,SCREEN-ONLY
Soulstice Jewelry Reliquary/SJ - Brand/Old Logo,logo bright copy Background Removed.png,png,1024,1024,3.4,3.4,SMALL-PRINT
Soulstice Jewelry Reliquary/SJ - Brand/Old Logo,logo bright.png,png,1024,1024,3.4,3.4,SMALL-PRINT
Soulstice Jewelry Reliquary/SJ - Edited / Reels / Shorts,"ChatGPT Image May 14, 2026, 08_24_39 AM.png",png,1086,1448,3.6,4.8,CARD-READY
Soulstice Jewelry Reliquary/SJ - Edited / Reels / Shorts,"ChatGPT Image May 14, 2026, 08_41_42 AM.png",png,1086,1448,3.6,4.8,CARD-READY
Soulstice Jewelry Reliquary/SJ - Edited / Reels / Shorts,"ChatGPT Image May 20, 2026, 09_54_26 AM.png",png,1254,1254,4.2,4.2,SMALL-PRINT
Soulstice Jewelry Reliquary/SJ - Membership SOULSTICE Circle/AI Images,"ChatGPT Image Apr 22, 2026, 08_20_51 PM.png",png,2172,724,7.2,2.4,SMALL-PRINT
Soulstice Jewelry Reliquary/SJ - Membership SOULSTICE Circle/AI Images,"ChatGPT Image Apr 22, 2026, 08_21_48 PM.png",png,2172,724,7.2,2.4,SMALL-PRINT
Soulstice Jewelry Reliquary/SJ - Membership SOULSTICE Circle/AI Images,"ChatGPT Image Apr 22, 2026, 08_23_48 PM.png",png,2172,724,7.2,2.4,SMALL-PRINT
Soulstice Jewelry Reliquary/SJ - Membership SOULSTICE Circle/AI Images,"ChatGPT Image Apr 22, 2026, 08_27_54 PM.png",png,1983,793,6.6,2.6,SMALL-PRINT
Soulstice Jewelry Reliquary/SJ - Membership SOULSTICE Circle/AI Images,"ChatGPT Image May 13, 2026, 03_43_04 PM.png",png,1254,1254,4.2,4.2,SMALL-PRINT
Soulstice Jewelry Reliquary/SJ - Membership SOULSTICE Circle/AI Images,"ChatGPT Image May 13, 2026, 03_47_18 PM.png",png,1254,1254,4.2,4.2,SMALL-PRINT
Soulstice Jewelry Reliquary/SJ - Membership SOULSTICE Circle/AI Images,"ChatGPT Image May 13, 2026, 03_50_13 PM.png",png,1254,1254,4.2,4.2,SMALL-PRINT
Soulstice Jewelry Reliquary/SJ - Membership SOULSTICE Circle/AI Images,"ChatGPT Image May 13, 2026, 03_52_07 PM.png",png,1254,1254,4.2,4.2,SMALL-PRINT
Soulstice Jewelry Reliquary/SJ - Membership SOULSTICE Circle/AI Images,"ChatGPT Image May 13, 2026, 03_55_19 PM.png",png,1254,1254,4.2,4.2,SMALL-PRINT
Soulstice Jewelry Reliquary/SJ - Membership SOULSTICE Circle/AI Images,"ChatGPT Image May 13, 2026, 03_59_10 PM.png",png,1024,1536,3.4,5.1,CARD-READY
Soulstice Jewelry Reliquary/SJ - Membership SOULSTICE Circle/AI Images,"ChatGPT Image May 13, 2026, 04_02_30 PM.png",png,1024,1536,3.4,5.1,CARD-READY
Soulstice Jewelry Reliquary/SJ - Membership SOULSTICE Circle/AI Images,"ChatGPT Image May 13, 2026, 04_03_32 PM.png",png,1086,1448,3.6,4.8,CARD-READY
Soulstice Jewelry Reliquary/SJ - Membership SOULSTICE Circle/AI Images,"ChatGPT Image May 13, 2026, 04_35_30 PM.png",png,1086,1448,3.6,4.8,CARD-READY
Soulstice Jewelry Reliquary/SJ - Membership SOULSTICE Circle/AI Images,g86EyqLQQxzbs204O8kV--0--CDRMN.jpg,jpeg,1024,1024,3.4,3.4,SMALL-PRINT
Soulstice Jewelry Reliquary/SJ - Membership SOULSTICE Circle/Soulstice Circle Membership Survey (File responses)/  Optional: Share Your Radiance   (File responses),689017524_10111587135973765_2157644069417493428_n - Lacey Supp.jpg,jpeg,1170,1560,3.9,5.2,CARD-READY
Soulstice Jewelry Reliquary/SJ - RAW / OLDER Photos/videos,464459830_8442257042489668_1749478532308459190_n.jpeg,jpeg,540,452,1.8,1.5,SCREEN-ONLY
Soulstice Jewelry Reliquary/SJ - RAW / OLDER Photos/videos,464474617_8442256769156362_3578852551921940765_n.jpeg,jpeg,540,386,1.8,1.3,SCREEN-ONLY
Soulstice Jewelry Reliquary/SJ - RAW / OLDER Photos/videos,509268852_9936688309713193_8599692384868742599_n.jpg,jpeg,899,565,3.0,1.9,SMALL-PRINT
Soulstice Jewelry Reliquary/SJ - RAW / OLDER Photos/videos,509351514_9936689926379698_5034082271972201988_n.jpg,jpeg,758,509,2.5,1.7,SMALL-PRINT
Soulstice Jewelry Reliquary/SJ - RAW / OLDER Photos/videos,509367684_9936686229713401_1344655493890558523_n (1).jpg,jpeg,960,559,3.2,1.9,SMALL-PRINT
Soulstice Jewelry Reliquary/SJ - RAW / OLDER Photos/videos,509367684_9936686229713401_1344655493890558523_n.jpg,jpeg,960,559,3.2,1.9,SMALL-PRINT
Soulstice Jewelry Reliquary/SJ - RAW / OLDER Photos/videos,509418926_9936686306380060_2052378726152651844_n (1).jpg,jpeg,960,516,3.2,1.7,SMALL-PRINT
Soulstice Jewelry Reliquary/SJ - RAW / OLDER Photos/videos,509418926_9936686306380060_2052378726152651844_n.jpg,jpeg,960,516,3.2,1.7,SMALL-PRINT
Soulstice Jewelry Reliquary/SJ - RAW / OLDER Photos/videos,509594142_9936686179713406_744942461649503785_n.jpg,jpeg,960,586,3.2,2.0,SMALL-PRINT
Soulstice Jewelry Reliquary/SJ - RAW / OLDER Photos/videos,509603703_9936689999713024_1725433247685865691_n.jpg,jpeg,939,626,3.1,2.1,SMALL-PRINT
Soulstice Jewelry Reliquary/SJ - RAW / OLDER Photos/videos,509610983_9936689666379724_1161902850295055451_n.jpg,jpeg,769,595,2.6,2.0,SMALL-PRINT
Soulstice Jewelry Reliquary/SJ - RAW / OLDER Photos/videos,509744222_9936689809713043_5116476485646702303_n.jpg,jpeg,795,513,2.6,1.7,SMALL-PRINT
Soulstice Jewelry Reliquary/SJ - RAW / OLDER Photos/videos,510781628_9978305612218129_522341847333739372_n.jpg,jpeg,1251,927,4.2,3.1,SMALL-PRINT
Soulstice Jewelry Reliquary/SJ - RAW / OLDER Photos/videos,512660600_9978305428884814_3927462871267363_n.jpg,jpeg,1179,972,3.9,3.2,SMALL-PRINT
Soulstice Jewelry Reliquary/SJ - RAW / OLDER Photos/videos,514421542_24438091632454866_7521534024262424757_n.jpg,jpeg,1072,1440,3.6,4.8,CARD-READY
Soulstice Jewelry Reliquary/SJ - RAW / OLDER Photos/videos,"ChatGPT Image May 14, 2026, 08_24_39 AM.png",png,1086,1448,3.6,4.8,CARD-READY
Soulstice Jewelry Reliquary/SJ - RAW / OLDER Photos/videos,"ChatGPT Image May 14, 2026, 08_41_42 AM.png",png,1086,1448,3.6,4.8,CARD-READY
Soulstice Jewelry Reliquary/SJ - RAW / OLDER Photos/videos,"Garnet, citrine and iolite in gold.jpg",jpeg,771,498,2.6,1.7,SCREEN-ONLY
Soulstice Jewelry Reliquary/SJ - RAW / OLDER Photos/videos,IMG_5552.HEIC,heif,4032,3024,13.4,10.1,POSTER-READY
Soulstice Jewelry Reliquary/SJ - RAW / OLDER Photos/videos,IMG_5552.jpeg,jpeg,4032,3024,13.4,10.1,POSTER-READY
Soulstice Jewelry Reliquary/SJ - RAW / OLDER Photos/videos,IMG_5553.HEIC,heif,4032,3024,13.4,10.1,POSTER-READY
Soulstice Jewelry Reliquary/SJ - RAW / OLDER Photos/videos,IMG_5553.jpeg,jpeg,4032,3024,13.4,10.1,POSTER-READY
Soulstice Jewelry Reliquary/SJ - RAW / OLDER Photos/videos,IMG_5554.HEIC,heif,4032,3024,13.4,10.1,POSTER-READY
Soulstice Jewelry Reliquary/SJ - RAW / OLDER Photos/videos,IMG_5554.jpeg,jpeg,4032,3024,13.4,10.1,POSTER-READY
Soulstice Jewelry Reliquary/SJ - RAW / OLDER Photos/videos,IMG_5555.HEIC,heif,4032,3024,13.4,10.1,POSTER-READY
Soulstice Jewelry Reliquary/SJ - RAW / OLDER Photos/videos,IMG_5555.jpeg,jpeg,4032,3024,13.4,10.1,POSTER-READY
Soulstice Jewelry Reliquary/SJ - RAW / OLDER Photos/videos,IMG_5556.HEIC,heif,4032,3024,13.4,10.1,POSTER-READY
Soulstice Jewelry Reliquary/SJ - RAW / OLDER Photos/videos,IMG_5556.jpeg,jpeg,4032,3024,13.4,10.1,POSTER-READY
Soulstice Jewelry Reliquary/SJ - RAW / OLDER Photos/videos,IMG_5557.HEIC,heif,4032,3024,13.4,10.1,POSTER-READY
Soulstice Jewelry Reliquary/SJ - RAW / OLDER Photos/videos,IMG_5557.jpeg,jpeg,4032,3024,13.4,10.1,POSTER-READY
Soulstice Jewelry Reliquary/SJ - RAW / OLDER Photos/videos,IMG_5558.HEIC,heif,4032,3024,13.4,10.1,POSTER-READY
Soulstice Jewelry Reliquary/SJ - RAW / OLDER Photos/videos,IMG_5558.jpeg,jpeg,4032,3024,13.4,10.1,POSTER-READY
Soulstice Jewelry Reliquary/SJ - RAW / OLDER Photos/videos,IMG_5559.HEIC,heif,4032,3024,13.4,10.1,POSTER-READY
Soulstice Jewelry Reliquary/SJ - RAW / OLDER Photos/videos,IMG_5559.jpeg,jpeg,4032,3024,13.4,10.1,POSTER-READY
Soulstice Jewelry Reliquary/SJ - RAW / OLDER Photos/videos,IMG_5560.HEIC,heif,4032,3024,13.4,10.1,POSTER-READY
Soulstice Jewelry Reliquary/SJ - RAW / OLDER Photos/videos,IMG_5560.jpeg,jpeg,4032,3024,13.4,10.1,POSTER-READY
Soulstice Jewelry Reliquary/SJ - RAW / OLDER Photos/videos,IMG_5561.HEIC,heif,4032,3024,13.4,10.1,POSTER-READY
Soulstice Jewelry Reliquary/SJ - RAW / OLDER Photos/videos,IMG_5561.jpeg,jpeg,4032,3024,13.4,10.1,POSTER-READY
Soulstice Jewelry Reliquary/SJ - RAW / OLDER Photos/videos,IMG_5562.HEIC,heif,4032,3024,13.4,10.1,POSTER-READY
Soulstice Jewelry Reliquary/SJ - RAW / OLDER Photos/videos,IMG_5562.jpeg,jpeg,4032,3024,13.4,10.1,POSTER-READY
Soulstice Jewelry Reliquary/SJ - RAW / OLDER Photos/videos,IMG_5563.HEIC,heif,4032,3024,13.4,10.1,POSTER-READY
Soulstice Jewelry Reliquary/SJ - RAW / OLDER Photos/videos,IMG_5563.jpeg,jpeg,4032,3024,13.4,10.1,POSTER-READY
Soulstice Jewelry Reliquary/SJ - RAW / OLDER Photos/videos,IMG_5564.HEIC,heif,4032,3024,13.4,10.1,POSTER-READY
Soulstice Jewelry Reliquary/SJ - RAW / OLDER Photos/videos,IMG_5564.jpeg,jpeg,4032,3024,13.4,10.1,POSTER-READY
Soulstice Jewelry Reliquary/SJ - RAW / OLDER Photos/videos,IMG_5565.HEIC,heif,4032,3024,13.4,10.1,POSTER-READY
Soulstice Jewelry Reliquary/SJ - RAW / OLDER Photos/videos,IMG_5565.jpeg,jpeg,4032,3024,13.4,10.1,POSTER-READY
Soulstice Jewelry Reliquary/SJ - RAW / OLDER Photos/videos,IMG_5566.HEIC,heif,4032,3024,13.4,10.1,POSTER-READY
Soulstice Jewelry Reliquary/SJ - RAW / OLDER Photos/videos,IMG_5566.jpeg,jpeg,4032,3024,13.4,10.1,POSTER-READY
Soulstice Jewelry Reliquary/SJ - RAW / OLDER Photos/videos,IMG_5567.HEIC,heif,4032,3024,13.4,10.1,POSTER-READY
Soulstice Jewelry Reliquary/SJ - RAW / OLDER Photos/videos,IMG_5567.jpeg,jpeg,4032,3024,13.4,10.1,POSTER-READY
Soulstice Jewelry Reliquary/SJ - RAW / OLDER Photos/videos,"grey, black, green, 24.JPG",jpeg,2192,1532,7.3,5.1,CARD-READY
Soulstice Jewelry Reliquary/SJ - RAW / OLDER Photos/videos/Old Inventory/cabs,Amber.jpg,jpeg,402,475,1.3,1.6,SCREEN-ONLY
Soulstice Jewelry Reliquary/SJ - RAW / OLDER Photos/videos/Old Inventory/cabs,Garnet front.jpg,jpeg,332,454,1.1,1.5,SCREEN-ONLY
Soulstice Jewelry Reliquary/SJ - RAW / OLDER Photos/videos/Old Inventory/cabs,Iolite front.jpg,jpeg,776,517,2.6,1.7,SMALL-PRINT
Soulstice Jewelry Reliquary/SJ - RAW / OLDER Photos/videos/Old Inventory/cabs,Iolite side view.jpg,jpeg,440,280,1.5,0.9,SCREEN-ONLY
Soulstice Jewelry Reliquary/SJ - RAW / OLDER Photos/videos/Old Inventory/cabs,Kilkenny marble front.jpg,jpeg,338,470,1.1,1.6,SCREEN-ONLY
Soulstice Jewelry Reliquary/SJ - RAW / OLDER Photos/videos/Old Inventory/cabs,Kilkenny marble side view.jpg,jpeg,586,279,2.0,0.9,SCREEN-ONLY
Soulstice Jewelry Reliquary/SJ - RAW / OLDER Photos/videos/Old Inventory/cabs,Large jasper.jpg,jpeg,1086,724,3.6,2.4,SMALL-PRINT
Soulstice Jewelry Reliquary/SJ - RAW / OLDER Photos/videos/Old Inventory/cabs,Large rainbow moonstone front.jpg,jpeg,1035,724,3.5,2.4,SMALL-PRINT
Soulstice Jewelry Reliquary/SJ - RAW / OLDER Photos/videos/Old Inventory/cabs,Large rainbow moonstone side view.jpg,jpeg,1086,724,3.6,2.4,SMALL-PRINT
Soulstice Jewelry Reliquary/SJ - RAW / OLDER Photos/videos/Old Inventory/cabs,Medium orange labradorite.jpg,jpeg,1086,724,3.6,2.4,SMALL-PRINT
Soulstice Jewelry Reliquary/SJ - RAW / OLDER Photos/videos/Old Inventory/cabs,Montana moss agate front.jpg,jpeg,576,518,1.9,1.7,SMALL-PRINT
Soulstice Jewelry Reliquary/SJ - RAW / OLDER Photos/videos/Old Inventory/cabs,Preseli bluestone side.jpg,jpeg,664,367,2.2,1.2,SCREEN-ONLY
Soulstice Jewelry Reliquary/SJ - RAW / OLDER Photos/videos/Old Inventory/cabs,jasper round medium.jpg,jpeg,1086,724,3.6,2.4,SMALL-PRINT
Soulstice Jewelry Reliquary/SJ - RAW / OLDER Photos/videos/Old Inventory/cabs,labradorite green yellow close up.jpg,jpeg,980,724,3.3,2.4,SMALL-PRINT
Soulstice Jewelry Reliquary/SJ - RAW / OLDER Photos/videos/Old Inventory/cabs,large rainbow obsidian.jpg,jpeg,948,724,3.2,2.4,SMALL-PRINT
Soulstice Jewelry Reliquary/SJ - RAW / OLDER Photos/videos/Old Inventory/cabs,small orange labradorite cab.jpg,jpeg,1031,642,3.4,2.1,SMALL-PRINT
Soulstice Jewelry Reliquary/SJ - RAW / OLDER Photos/videos/Old Inventory/cabs,star garnet cabochon.jpg,jpeg,1026,640,3.4,2.1,SMALL-PRINT
Soulstice Jewelry Reliquary/SJ - RAW / OLDER Photos/videos/Old Inventory/earrings,"Garnet, gold.jpg",jpeg,2004,1880,6.7,6.3,CARD-READY
Soulstice Jewelry Reliquary/SJ - RAW / OLDER Photos/videos/Old Inventory/earrings,"Garnet, spinel gold.jpg",jpeg,1868,1880,6.2,6.3,CARD-READY
Soulstice Jewelry Reliquary/SJ - RAW / OLDER Photos/videos/Old Inventory/earrings,"Gold, pearl.jpg",jpeg,1904,1880,6.3,6.3,CARD-READY
Soulstice Jewelry Reliquary/SJ - RAW / OLDER Photos/videos/Old Inventory/earrings,IMG_6066.JPG,jpeg,2816,1880,9.4,6.3,CARD-READY
Soulstice Jewelry Reliquary/SJ - RAW / OLDER Photos/videos/Old Inventory/earrings,IMG_6082.JPG,jpeg,2816,1880,9.4,6.3,CARD-READY
Soulstice Jewelry Reliquary/SJ - RAW / OLDER Photos/videos/Old Inventory/earrings,IMG_6108.JPG,jpeg,2816,1880,9.4,6.3,CARD-READY
Soulstice Jewelry Reliquary/SJ - RAW / OLDER Photos/videos/Old Inventory/earrings,IMG_6150.JPG,jpeg,2816,1880,9.4,6.3,CARD-READY
Soulstice Jewelry Reliquary/SJ - RAW / OLDER Photos/videos/Old Inventory/earrings,IMG_6153.JPG,jpeg,2816,1880,9.4,6.3,CARD-READY
Soulstice Jewelry Reliquary/SJ - RAW / OLDER Photos/videos/Old Inventory/earrings,"Kyanite, tourmaline, gold.jpg",jpeg,1884,1880,6.3,6.3,CARD-READY
Soulstice Jewelry Reliquary/SJ - RAW / OLDER Photos/videos/Old Inventory/earrings,"Pearls, chain, rose gold.jpg",jpeg,1816,1880,6.1,6.3,CARD-READY
Soulstice Jewelry Reliquary/SJ - RAW / OLDER Photos/videos/Old Inventory/earrings,Silver peridot.jpg,jpeg,360,435,1.2,1.4,SCREEN-ONLY
Soulstice Jewelry Reliquary/SJ - RAW / OLDER Photos/videos/Old Inventory/earrings,"Silver, pearl.jpg",jpeg,1868,1880,6.2,6.3,CARD-READY
Soulstice Jewelry Reliquary/SJ - RAW / OLDER Photos/videos/Old Inventory/earrings,"Tourmaline, gold chain close up.jpg",jpeg,2360,1880,7.9,6.3,CARD-READY
Soulstice Jewelry Reliquary/SJ - RAW / OLDER Photos/videos/Old Inventory/earrings,"Tourmaline, gold chain.jpg",jpeg,2520,1880,8.4,6.3,CARD-READY
Soulstice Jewelry Reliquary/SJ - RAW / OLDER Photos/videos/Old Inventory/earrings,Viking.jpg,jpeg,317,378,1.1,1.3,SCREEN-ONLY
Soulstice Jewelry Reliquary/SJ - RAW / OLDER Photos/videos/Old Inventory/earrings,"Watermelon tourmaline, gold.jpg",jpeg,2212,1880,7.4,6.3,CARD-READY
Soulstice Jewelry Reliquary/SJ - RAW / OLDER Photos/videos/Old Inventory/earrings,"earrings, tourmaline.jpg",jpeg,309,423,1.0,1.4,SCREEN-ONLY
Soulstice Jewelry Reliquary/SJ - RAW / OLDER Photos/videos/Old Inventory/earrings,"silver, amber.jpg",jpeg,1944,1880,6.5,6.3,CARD-READY
Soulstice Jewelry Reliquary/SJ - RAW / OLDER Photos/videos/Old Inventory/earrings,watermelon chain.jpg,jpeg,2320,1880,7.7,6.3,CARD-READY
Soulstice Jewelry Reliquary/SJ - RAW / OLDER Photos/videos/Old Inventory/leatherwork/12,12bbbg.JPG,jpeg,2624,1772,8.7,5.9,CARD-READY
Soulstice Jewelry Reliquary/SJ - RAW / OLDER Photos/videos/Old Inventory/leatherwork/12,"black, 12, tourmaline.JPG",jpeg,2384,1484,7.9,4.9,CARD-READY
Soulstice Jewelry Reliquary/SJ - RAW / OLDER Photos/videos/Old Inventory/leatherwork/12,br12.JPG,jpeg,2252,1676,7.5,5.6,CARD-READY
Soulstice Jewelry Reliquary/SJ - RAW / OLDER Photos/videos/Old Inventory/leatherwork/12,copper.JPG,jpeg,2816,1880,9.4,6.3,CARD-READY
Soulstice Jewelry Reliquary/SJ - RAW / OLDER Photos/videos/Old Inventory/leatherwork/12,grey12.JPG,jpeg,2336,1436,7.8,4.8,CARD-READY
Soulstice Jewelry Reliquary/SJ - RAW / OLDER Photos/videos/Old Inventory/leatherwork/12,"thin, thick bbb n.JPG",jpeg,2816,1628,9.4,5.4,CARD-READY
Soulstice Jewelry Reliquary/SJ - RAW / OLDER Photos/videos/Old Inventory/leatherwork/12,tree.JPG,jpeg,2336,1388,7.8,4.6,CARD-READY
Soulstice Jewelry Reliquary/SJ - RAW / OLDER Photos/videos/Old Inventory/leatherwork/16,"green, black, 16.JPG",jpeg,2744,1724,9.1,5.7,CARD-READY
Soulstice Jewelry Reliquary/SJ - RAW / OLDER Photos/videos/Old Inventory/leatherwork/16,n. bg.JPG,jpeg,2816,1616,9.4,5.4,CARD-READY
Soulstice Jewelry Reliquary/SJ - RAW / OLDER Photos/videos/Old Inventory/leatherwork/24,bbb 24 b.JPG,jpeg,2696,1520,9.0,5.1,CARD-READY
Soulstice Jewelry Reliquary/SJ - RAW / OLDER Photos/videos/Old Inventory/leatherwork/24,bbb 24.JPG,jpeg,2492,1496,8.3,5.0,CARD-READY
Soulstice Jewelry Reliquary/SJ - RAW / OLDER Photos/videos/Old Inventory/leatherwork/24,"brown, grey, blue, 24.JPG",jpeg,2648,1616,8.8,5.4,CARD-READY
Soulstice Jewelry Reliquary/SJ - RAW / OLDER Photos/videos/Old Inventory/leatherwork/24,gb.JPG,jpeg,2756,1616,9.2,5.4,CARD-READY
Soulstice Jewelry Reliquary/SJ - RAW / OLDER Photos/videos/Old Inventory/leatherwork/24,"grey, black, green, 24.JPG",jpeg,2192,1532,7.3,5.1,CARD-READY
Soulstice Jewelry Reliquary/SJ - RAW / OLDER Photos/videos/Old Inventory/leatherwork/8,Green.JPG,jpeg,2816,1880,9.4,6.3,CARD-READY
Soulstice Jewelry Reliquary/SJ - RAW / OLDER Photos/videos/Old Inventory/leatherwork/8,"bb thick, thin.JPG",jpeg,2816,1520,9.4,5.1,CARD-READY
Soulstice Jewelry Reliquary/SJ - RAW / OLDER Photos/videos/Old Inventory/leatherwork/8,bb.JPG,jpeg,2564,1220,8.5,4.1,CARD-READY
Soulstice Jewelry Reliquary/SJ - RAW / OLDER Photos/videos/Old Inventory/leatherwork/8,black 8 altering.JPG,jpeg,2552,1580,8.5,5.3,CARD-READY
Soulstice Jewelry Reliquary/SJ - RAW / OLDER Photos/videos/Old Inventory/leatherwork/8,black 8w.JPG,jpeg,2348,1664,7.8,5.5,CARD-READY
Soulstice Jewelry Reliquary/SJ - RAW / OLDER Photos/videos/Old Inventory/leatherwork/8,black bracelet.JPG,jpeg,2516,1388,8.4,4.6,CARD-READY
Soulstice Jewelry Reliquary/SJ - RAW / OLDER Photos/videos/Old Inventory/leatherwork/8,brown alt grey.JPG,jpeg,2456,1292,8.2,4.3,CARD-READY
Soulstice Jewelry Reliquary/SJ - RAW / OLDER Photos/videos/Old Inventory/leatherwork/8,brown.JPG,jpeg,2816,1580,9.4,5.3,CARD-READY
Soulstice Jewelry Reliquary/SJ - RAW / OLDER Photos/videos/Old Inventory/leatherwork/8,"g,b tt.JPG",jpeg,2612,1568,8.7,5.2,CARD-READY
Soulstice Jewelry Reliquary/SJ - RAW / OLDER Photos/videos/Old Inventory/leatherwork/8,gb8.JPG,jpeg,2468,1388,8.2,4.6,CARD-READY
Soulstice Jewelry Reliquary/SJ - RAW / OLDER Photos/videos/Old Inventory/leatherwork/8,green 8 dw.JPG,jpeg,2816,1412,9.4,4.7,CARD-READY
Soulstice Jewelry Reliquary/SJ - RAW / OLDER Photos/videos/Old Inventory/leatherwork/8,"green, black b.JPG",jpeg,2612,1196,8.7,4.0,CARD-READY
Soulstice Jewelry Reliquary/SJ - RAW / OLDER Photos/videos/Old Inventory/leatherwork/8,greenb.JPG,jpeg,2732,1364,9.1,4.5,CARD-READY
Soulstice Jewelry Reliquary/SJ - RAW / OLDER Photos/videos/Old Inventory/leatherwork/8,grey black b.JPG,jpeg,2624,1208,8.7,4.0,CARD-READY
Soulstice Jewelry Reliquary/SJ - RAW / OLDER Photos/videos/Old Inventory/leatherwork/8,grey bracelet.JPG,jpeg,2552,1436,8.5,4.8,CARD-READY
Soulstice Jewelry Reliquary/SJ - RAW / OLDER Photos/videos/Old Inventory/leatherwork/8,grey.JPG,jpeg,2816,1880,9.4,6.3,CARD-READY
Soulstice Jewelry Reliquary/SJ - RAW / OLDER Photos/videos/Old Inventory/leatherwork/8,light brown 8.JPG,jpeg,2396,1436,8.0,4.8,CARD-READY
Soulstice Jewelry Reliquary/SJ - RAW / OLDER Photos/videos/Old Inventory/leatherwork/love,bglk.JPG,jpeg,2468,1436,8.2,4.8,CARD-READY
Soulstice Jewelry Reliquary/SJ - RAW / OLDER Photos/videos/Old Inventory/leatherwork/love,green loveknot.JPG,jpeg,2720,1556,9.1,5.2,CARD-READY
Soulstice Jewelry Reliquary/SJ - RAW / OLDER Photos/videos/Old Inventory/leatherwork/love,"love b,g.JPG",jpeg,2660,1736,8.9,5.8,CARD-READY
Soulstice Jewelry Reliquary/SJ - RAW / OLDER Photos/videos/Old Inventory/leatherwork/love,"love,b.JPG",jpeg,2720,1460,9.1,4.9,CARD-READY
Soulstice Jewelry Reliquary/SJ - RAW / OLDER Photos/videos/Old Inventory/leatherwork/multi,brown alt grey.JPG,jpeg,2456,1292,8.2,4.3,CARD-READY
Soulstice Jewelry Reliquary/SJ - RAW / OLDER Photos/videos/Old Inventory/leatherwork/multi,"green, black b.JPG",jpeg,2612,1196,8.7,4.0,CARD-READY
Soulstice Jewelry Reliquary/SJ - RAW / OLDER Photos/videos/Old Inventory/leatherwork/multi,grey black b.JPG,jpeg,2624,1208,8.7,4.0,CARD-READY
Soulstice Jewelry Reliquary/SJ - RAW / OLDER Photos/videos/Old Inventory/necklaces,Arsenic and lace closeup.jpg,jpeg,3888,2592,13.0,8.6,POSTER-READY
Soulstice Jewelry Reliquary/SJ - RAW / OLDER Photos/videos/Old Inventory/necklaces,"Chrysocolla, silver, amber.jpg",jpeg,728,485,2.4,1.6,SCREEN-ONLY
Soulstice Jewelry Reliquary/SJ - RAW / OLDER Photos/videos/Old Inventory/necklaces,"Chrysocolla, tourmaline, silver, malachite.jpg",jpeg,657,445,2.2,1.5,SCREEN-ONLY
Soulstice Jewelry Reliquary/SJ - RAW / OLDER Photos/videos/Old Inventory/necklaces,"Coral, silver, pearl.jpg",jpeg,803,555,2.7,1.9,SMALL-PRINT
Soulstice Jewelry Reliquary/SJ - RAW / OLDER Photos/videos/Old Inventory/necklaces,Fluorite drops.jpg,jpeg,795,513,2.6,1.7,SMALL-PRINT
Soulstice Jewelry Reliquary/SJ - RAW / OLDER Photos/videos/Old Inventory/necklaces,"Garnet, citrine and iolite in gold.jpg",jpeg,771,498,2.6,1.7,SCREEN-ONLY
Soulstice Jewelry Reliquary/SJ - RAW / OLDER Photos/videos/Old Inventory/necklaces,"Garnet, silver closeup.jpg",jpeg,3888,2592,13.0,8.6,POSTER-READY
Soulstice Jewelry Reliquary/SJ - RAW / OLDER Photos/videos/Old Inventory/necklaces,"Gold, amethyst, kyanite closeup.jpg",jpeg,3888,2592,13.0,8.6,POSTER-READY
Soulstice Jewelry Reliquary/SJ - RAW / OLDER Photos/videos/Old Inventory/necklaces,"Gold, scapolite, and spinel.jpg",jpeg,782,495,2.6,1.6,SCREEN-ONLY
Soulstice Jewelry Reliquary/SJ - RAW / OLDER Photos/videos/Old Inventory/necklaces,"Gold, tourmaline, apatite closeup.jpg",jpeg,3648,2432,12.2,8.1,POSTER-READY
Soulstice Jewelry Reliquary/SJ - RAW / OLDER Photos/videos/Old Inventory/necklaces,IMG_7149.JPG,jpeg,3888,2592,13.0,8.6,POSTER-READY
Soulstice Jewelry Reliquary/SJ - RAW / OLDER Photos/videos/Old Inventory/necklaces,"Jade, kyanite, chalcedony, silver.jpg",jpeg,722,466,2.4,1.6,SCREEN-ONLY
Soulstice Jewelry Reliquary/SJ - RAW / OLDER Photos/videos/Old Inventory/necklaces,"Kyanite, apatite, rose gold.jpg",jpeg,800,555,2.7,1.9,SMALL-PRINT
Soulstice Jewelry Reliquary/SJ - RAW / OLDER Photos/videos/Old Inventory/necklaces,"Labradorite, spinel, agate.jpg",jpeg,797,527,2.7,1.8,SMALL-PRINT
Soulstice Jewelry Reliquary/SJ - RAW / OLDER Photos/videos/Old Inventory/necklaces,Lady of the Lake.jpg,jpeg,762,566,2.5,1.9,SMALL-PRINT
Soulstice Jewelry Reliquary/SJ - RAW / OLDER Photos/videos/Old Inventory/necklaces,"Malachite, agate, silver.jpg",jpeg,705,429,2.4,1.4,SCREEN-ONLY
Soulstice Jewelry Reliquary/SJ - RAW / OLDER Photos/videos/Old Inventory/necklaces,"Moonstone, chain.jpg",jpeg,849,566,2.8,1.9,SMALL-PRINT
Soulstice Jewelry Reliquary/SJ - RAW / OLDER Photos/videos/Old Inventory/necklaces,"Moonstone, iolite closeup.jpg",jpeg,3664,2256,12.2,7.5,CARD-READY
Soulstice Jewelry Reliquary/SJ - RAW / OLDER Photos/videos/Old Inventory/necklaces,Morrigan's Blessing.jpg,jpeg,2496,2064,8.3,6.9,CARD-READY
Soulstice Jewelry Reliquary/SJ - RAW / OLDER Photos/videos/Old Inventory/necklaces,"Moss agate, smoky quartz, silver.jpg",jpeg,824,562,2.7,1.9,SMALL-PRINT
Soulstice Jewelry Reliquary/SJ - RAW / OLDER Photos/videos/Old Inventory/necklaces,"Onyx, boulder opal, silver.jpg",jpeg,753,559,2.5,1.9,SMALL-PRINT
Soulstice Jewelry Reliquary/SJ - RAW / OLDER Photos/videos/Old Inventory/necklaces,"Pearl, turquoise, silver, moonstone.jpg",jpeg,643,421,2.1,1.4,SCREEN-ONLY
Soulstice Jewelry Reliquary/SJ - RAW / OLDER Photos/videos/Old Inventory/necklaces,Quartz points.jpg,jpeg,710,535,2.4,1.8,SMALL-PRINT
Soulstice Jewelry Reliquary/SJ - RAW / OLDER Photos/videos/Old Inventory/necklaces,"Silver, variscite, tourmaline, agate.jpg",jpeg,769,595,2.6,2.0,SMALL-PRINT
Soulstice Jewelry Reliquary/SJ - RAW / OLDER Photos/videos/Old Inventory/necklaces,"Tourmaline, apatite, gold.jpg",jpeg,591,399,2.0,1.3,SCREEN-ONLY
Soulstice Jewelry Reliquary/SJ - RAW / OLDER Photos/videos/Old Inventory/necklaces,Triple moon.jpg,jpeg,711,454,2.4,1.5,SCREEN-ONLY
Soulstice Jewelry Reliquary/SJ - RAW / OLDER Photos/videos/Old Inventory/necklaces,"Vermeil, opal, hessonite.jpg",jpeg,781,505,2.6,1.7,SMALL-PRINT
Soulstice Jewelry Reliquary/SJ - RAW / OLDER Photos/videos/Old Inventory/necklaces,Watermelon Tourmaline closeup.jpg,jpeg,3888,2592,13.0,8.6,POSTER-READY
Soulstice Jewelry Reliquary/SJ - RAW / OLDER Photos/videos/Old Inventory/necklaces,gothic beauty.jpg,jpeg,899,565,3.0,1.9,SMALL-PRINT
Soulstice Jewelry Reliquary/SJ - RAW / OLDER Photos/videos/Old Inventory/necklaces,london blue.png,png,540,360,1.8,1.2,SCREEN-ONLY
Soulstice Jewelry Reliquary/SJ - RAW / OLDER Photos/videos/Old Inventory/necklaces,opals.jpg,jpeg,960,634,3.2,2.1,SMALL-PRINT
Soulstice Jewelry Reliquary/SJ - RAW / OLDER Photos/videos/Old Inventory/necklaces,points2.jpg,jpeg,795,513,2.6,1.7,SMALL-PRINT
Soulstice Jewelry Reliquary/SJ - RAW / OLDER Photos/videos/Old Inventory/necklaces,tears of freya.jpg,jpeg,939,626,3.1,2.1,SMALL-PRINT
Soulstice Jewelry Reliquary/SJ - RAW / OLDER Photos/videos/Old Inventory/necklaces,triple moon 1.jpg,jpeg,758,509,2.5,1.7,SMALL-PRINT
Soulstice Jewelry Reliquary/SJ - RAW / OLDER Photos/videos/Old Inventory/necklaces,winter woods.jpg,jpeg,698,482,2.3,1.6,SCREEN-ONLY
sept 2026,equitable doc  sept 8 2026_Page_01.jpg,jpeg,1700,2200,5.7,7.3,CARD-READY
sept 2026,equitable doc  sept 8 2026_Page_02.jpg,jpeg,1700,2200,5.7,7.3,CARD-READY
sept 2026,equitable doc  sept 8 2026_Page_03.jpg,jpeg,1700,2200,5.7,7.3,CARD-READY
sept 2026,equitable doc  sept 8 2026_Page_04.jpg,jpeg,1700,2200,5.7,7.3,CARD-READY
sept 2026,equitable doc  sept 8 2026_Page_05.jpg,jpeg,1700,2200,5.7,7.3,CARD-READY
sept 2026,equitable doc  sept 8 2026_Page_06.jpg,jpeg,1700,2200,5.7,7.3,CARD-READY
sept 2026,equitable doc  sept 8 2026_Page_07.jpg,jpeg,1700,2200,5.7,7.3,CARD-READY
sept 2026,equitable doc  sept 8 2026_Page_08.jpg,jpeg,1700,2200,5.7,7.3,CARD-READY
sept 2026,equitable doc  sept 8 2026_Page_09.jpg,jpeg,1700,2200,5.7,7.3,CARD-READY
sept 2026,equitable doc  sept 8 2026_Page_10.jpg,jpeg,1700,2200,5.7,7.3,CARD-READY
sept 2026,equitable doc  sept 8 2026_Page_11.jpg,jpeg,1700,2200,5.7,7.3,CARD-READY
sept 2026,equitable doc sept 8 2026_Page_10.jpg,jpeg,1080,1399,3.6,4.7,SMALL-PRINT
sept 2026,equitable doc sept 8 2026_Page_11.jpg,jpeg,1080,1389,3.6,4.6,SMALL-PRINT
